"id","family_name","first_names","id:1","society"
8,Adams,William (2),2,Royal College of Surgeons
8,Adams,William (2),3,Pathological Society of London
8,Adams,William (2),5,Medical Society of London
8,Adams,William (2),6,Medical and Chirurgical Society of London
11,Adlam,William,7,Somersetshire Archaeological and Natural History Society
16,Ainsworth,William Francis Harrison,8,Royal Geographical Society
16,Ainsworth,William Francis Harrison,9,Society of Antiquaries
16,Ainsworth,William Francis Harrison,10,Syro Egyptian Society
16,Ainsworth,William Francis Harrison,11,Geological Society
17,Airston,William Baird,2,Royal College of Surgeons
19,Aitken,Thomas,12,Anthropological Society of Paris
19,Aitken,Thomas,13,Medico Psychological Association
25,Aley,Frederick W,14,"Society for the Encouragement of Arts, Manufactures and Commerce"
33,Amhurst,William Amhurst Tyssen,9,Society of Antiquaries
33,Amhurst,William Amhurst Tyssen,15,Royal Society of Literature
35,Anderson,Edward C,2,Royal College of Surgeons
36,Anderson,John,16,Linnean Society of London
37,Anderson,Joseph,17,Society of Antiquaries of Scotland
46,Arden,Richard Edward,8,Royal Geographical Society
46,Arden,Richard Edward,11,Geological Society
46,Arden,Richard Edward,18,Ornithological Society
46,Arden,Richard Edward,19,Acclimatisation Society
48,Armitage,William,20,Association for the Protection of Homeopathic Students and Practitioners
51,Armstrong,William,21,Royal Society
52,Arnold,Edward,22,Phrenological Society
52,Arnold,Edward,23,Chemical Society
53,Arnold,Richard,24,American Medical Association
53,Arnold,Richard,25,Georgia Historical Society
54,Arthur,William,26,Royal Asiatic Society
61,Ashworth,Henry,14,"Society for the Encouragement of Arts, Manufactures and Commerce"
64,Atcherley,John,27,Royal College of Physicians
68,Atkinson,George,28,Surrey Archaeological Society
78,Babington,Charles Cardale,21,Royal Society
78,Babington,Charles Cardale,9,Society of Antiquaries
78,Babington,Charles Cardale,16,Linnean Society of London
78,Babington,Charles Cardale,11,Geological Society
78,Babington,Charles Cardale,30,Cambridge Philosophical Society
78,Babington,Charles Cardale,7,Somersetshire Archaeological and Natural History Society
79,Babington,William,8,Royal Geographical Society
82,Baer,Carl Ernst von,12,Anthropological Society of Paris
82,Baer,Carl Ernst von,31,Russian Geographical Society
82,Baer,Carl Ernst von,32,Russian Entomological Society
92,Baker,Benson,27,Royal College of Physicians
92,Baker,Benson,33,Royal College of Surgeons Edinburgh
93,Baker,J P,2,Royal College of Surgeons
95,Baker,Samuel C,21,Royal Society
95,Baker,Samuel C,8,Royal Geographical Society
98,Balfour,George,8,Royal Geographical Society
101,Barber,Henry,27,Royal College of Physicians
108,Barnes,John  Wheeldon,9,Society of Antiquaries
111,Barr,Joseph Henry,2,Royal College of Surgeons
112,Barr,William Roby,11,Geological Society
113,Barrett,Thomas Squire,34,Zoological Society
113,Barrett,Thomas Squire,35,Statistical Society
113,Barrett,Thomas Squire,36,Royal Historical Society
113,Barrett,Thomas Squire,37,Royal Society of British Sculptors
114,Barrington,George William,8,Royal Geographical Society
114,Barrington,George William,11,Geological Society
116,Bartlett,William Edward,9,Society of Antiquaries
117,Barton,Alfred,8,Royal Geographical Society
118,Bartrum,John Stothert,2,Royal College of Surgeons
126,Battye,William,2,Royal College of Surgeons
126,Battye,William,39,Royal Horticultural Society of London
127,Baverstock,Edwin Henry,15,Royal Society of Literature
128,Baxter,James Bainbridge,2,Royal College of Surgeons
128,Baxter,James Bainbridge,9,Society of Antiquaries
130,Beal,Samuel,26,Royal Asiatic Society
132,Beale,Lionel John,2,Royal College of Surgeons
132,Beale,Lionel John,15,Royal Society of Literature
134,Beardsley,Amos,16,Linnean Society of London
134,Beardsley,Amos,11,Geological Society
136,Beattie,William,40,British Archaeological Society
136,Beattie,William,41,Historical Institute
136,Beattie,William,42,Biblical Archaeological Society
136,Beattie,William,43,Institut d'Afrique a Paris
136,Beattie,William,27,Royal College of Physicians
138,Beaumont,Richard,21,Royal Society
139,Beavan,Hugh J C,8,Royal Geographical Society
144,Beechey,x,21,Royal Society
145,Beigel,Hermann,27,Royal College of Physicians
145,Beigel,Hermann,48,Imperial Academy of Dresden
151,Bell,James,49,Royal Institute of British Architects
152,Bell (2),John,14,"Society for the Encouragement of Arts, Manufactures and Commerce"
155,Bellamy,Edward,8,Royal Geographical Society
156,Bellew,Henry Walter,2,Royal College of Surgeons
165,Bennett,John,26,Royal Asiatic Society
173,Best,x,14,"Society for the Encouragement of Arts, Manufactures and Commerce"
178,Bilderbeck,John,2,Royal College of Surgeons
185,Bischoff,James,34,Zoological Society
185,Bischoff,James,51,"Royal Society for the Encouragement of Arts, Manufactures and Commerce"
187,Black,Andrew,52,Royal Scottish Society of Painters in Water Colours
191,Blackstone,Alan Cornwall,8,Royal Geographical Society
194,Blakely,T A,21,Royal Society
194,Blakely,T A,55,British Association
194,Blakely,T A,56,Royal Irish Academy
194,Blakely,T A,57,Society of Engineers
194,Blakely,T A,58,Royal United Service Institution
195,Blanc,Henry Jules,33,Royal College of Surgeons Edinburgh
201,Boase,Henry S,21,Royal Society
201,Boase,Henry S,11,Geological Society
203,Bogdanoff,Anatoly Petrovich,59,Anthropological Society of Moscow
205,Bohn,Henry George,8,Royal Geographical Society
205,Bohn,Henry George,60,Royal Astronomical Society
205,Bohn,Henry George,15,Royal Society of Literature
205,Bohn,Henry George,16,Linnean Society of London
209,Bollaert,William,8,Royal Geographical Society
209,Bollaert,William,61,"Ethnological Society, New York"
213,Bond,Charles Radcliffe,2,Royal College of Surgeons
216,Bonnerjee,W C,11,Geological Society
217,Bonney,T  George,11,Geological Society
217,Bonney,T  George,21,Royal Society
219,Bonsor,James,14,"Society for the Encouragement of Arts, Manufactures and Commerce"
220,Bonwick,James,8,Royal Geographical Society
222,Boreham,W W,60,Royal Astronomical Society
223,Borthwick,Cunningham,9,Society of Antiquaries
224,Bosworth,Joseph,21,Royal Society
224,Bosworth,Joseph,62,Society of Antiquaries of Literature
224,Bosworth,Joseph,63,Royal Institute of the Netherlands
225,Botfield,Beriah,21,Royal Society
225,Botfield,Beriah,9,Society of Antiquaries
225,Botfield,Beriah,64,British Archaeological Association
225,Botfield,Beriah,14,"Society for the Encouragement of Arts, Manufactures and Commerce"
226,Boucher de Crevecoeur de Perthes,x,12,Anthropological Society of Paris
226,Boucher de Crevecoeur de Perthes,x,11,Geological Society
228,Boulton,George,51,"Royal Society for the Encouragement of Arts, Manufactures and Commerce"
232,Bouverie-Pusey,Sydney Edward Bouverie,8,Royal Geographical Society
232,Bouverie-Pusey,Sydney Edward Bouverie,65,Folklore Society
236,Bowman,Thomas William,15,Royal Society of Literature
237,Bowring,John,14,"Society for the Encouragement of Arts, Manufactures and Commerce"
241,Boyce,William Binnington,8,Royal Geographical Society
241,Boyce,William Binnington,66,Weslyan Mission Society
243,Brabrook,Edward William,12,Anthropological Society of Paris
243,Brabrook,Edward William,9,Society of Antiquaries
243,Brabrook,Edward William,67,Royal Society of Northern Antiquities Copenhagen
243,Brabrook,Edward William,65,Folklore Society
243,Brabrook,Edward William,68,London and Middlesex Archaeological Association
243,Brabrook,Edward William,35,Statistical Society
243,Brabrook,Edward William,15,Royal Society of Literature
244,Braby,Frederick,23,Chemical Society
244,Braby,Frederick,11,Geological Society
244,Braby,Frederick,14,"Society for the Encouragement of Arts, Manufactures and Commerce"
249,Brady,Antonio,11,Geological Society
249,Brady,Antonio,14,"Society for the Encouragement of Arts, Manufactures and Commerce"
252,Bragge,William,9,Society of Antiquaries
252,Bragge,William,8,Royal Geographical Society
252,Bragge,William,11,Geological Society
259,Brebner,James,71,Aberdeen Horticultural Society
261,Brett,Charles,8,Royal Geographical Society
266,Brine,Lindsay,8,Royal Geographical Society
270,Brodhurst,Bernard Edward,2,Royal College of Surgeons
271,Brodie,Benjamin Collins,23,Chemical Society
272,Brodie,David,33,Royal College of Surgeons Edinburgh
274,Brodie,P B,16,Linnean Society of London
274,Brodie,P B,11,Geological Society
281,Brougham,x,21,Royal Society
281,Brougham,x,72,Society for the Diffusion of Useful Knowledge
282,Brown,Charles Cornish,2,Royal College of Surgeons
284,Brown,Edwin,11,Geological Society
284,Brown,Edwin,73,Midland Natural History Society
284,Brown,Edwin,74,Entomological Society of London
284,Brown,Edwin,8,Royal Geographical Society
284,Brown,Edwin,75,Botanical Society of London
285,Brown,Edwin Ormond,23,Chemical Society
287,Brown,James Roberts,8,Royal Geographical Society
287,Brown,James Roberts,76,Royal Society of Northern Antiquities
287,Brown,James Roberts,77,Ex Libris Society
289,Brown,John Allen,8,Royal Geographical Society
289,Brown,John Allen,11,Geological Society
289,Brown,John Allen,78,Royal Scottish Geographical Society
291,Brown-Sequard,x,21,Royal Society
293,Browne,Thomas Henry,11,Geological Society
297,Bryant,George,74,Entomological Society of London
302,Buckman,James,16,Linnean Society of London
302,Buckman,James,11,Geological Society
303,Bull,William,16,Linnean Society of London
303,Bull,William,11,Geological Society
308,Burden,Henry,2,Royal College of Surgeons
310,Burgholzhausen,August Friedrich Marschall von,11,Geological Society
318,Busk,George,2,Royal College of Surgeons
318,Busk,George,21,Royal Society
318,Busk,George,16,Linnean Society of London
318,Busk,George,11,Geological Society
318,Busk,George,34,Zoological Society
322,Buxton,Charles,14,"Society for the Encouragement of Arts, Manufactures and Commerce"
323,Byerley,Isaac,2,Royal College of Surgeons
323,Byerley,Isaac,16,Linnean Society of London
328,Cabbell,Benjamin Bond,21,Royal Society
328,Cabbell,Benjamin Bond,9,Society of Antiquaries
328,Cabbell,Benjamin Bond,14,"Society for the Encouragement of Arts, Manufactures and Commerce"
331,Callaway,Thomas,2,Royal College of Surgeons
331,Callaway,Thomas,6,Medical and Chirurgical Society of London
335,Calvert,George,2,Royal College of Surgeons
336,Cameron,Charles Duncan,26,Royal Asiatic Society
336,Cameron,Charles Duncan,8,Royal Geographical Society
337,Campbell,Archibald,16,Linnean Society of London
343,Campbell,James,8,Royal Geographical Society
352,Caplin,Jean-Francois,14,"Society for the Encouragement of Arts, Manufactures and Commerce"
359,Carrington,Robert,8,Royal Geographical Society
362,Cartwright,Samuel,16,Linnean Society of London
362,Cartwright,Samuel,11,Geological Society
362,Cartwright,Samuel,21,Royal Society
362,Cartwright,Samuel,6,Medical and Chirurgical Society of London
362,Cartwright,Samuel,14,"Society for the Encouragement of Arts, Manufactures and Commerce"
363,Carulla,Facundo,82,Manchester Scientific Student's Association
363,Carulla,Facundo,53,Sociedad Antropologica Espanola
372,Cavafy,John,27,Royal College of Physicians
372,Cavafy,John,6,Medical and Chirurgical Society of London
375,Chadwick,Edwin,14,"Society for the Encouragement of Arts, Manufactures and Commerce"
377,Challis,John Henry,34,Zoological Society
379,Chambers,Charles Harcourt,8,Royal Geographical Society
383,Chance,Frank,27,Royal College of Physicians
383,Chance,Frank,6,Medical and Chirurgical Society of London
383,Chance,Frank,14,"Society for the Encouragement of Arts, Manufactures and Commerce"
385,Charlesworth,Edward,11,Geological Society
393,Child,William Dinsdale,14,"Society for the Encouragement of Arts, Manufactures and Commerce"
397,Chipperfield,William Nathan,2,Royal College of Surgeons
398,Chittenden,P H,2,Royal College of Surgeons
401,Chowne,William Dingle,14,"Society for the Encouragement of Arts, Manufactures and Commerce"
403,Christy,Henry,11,Geological Society
403,Christy,Henry,9,Society of Antiquaries
403,Christy,Henry,16,Linnean Society of London
404,Christy,Thomas junior,38,Marine Biological Association of the United Kingdom
406,Clare,Henry,15,Royal Society of Literature
407,Clarendon,x,21,Royal Society
409,Clark,Henry,9,Society of Antiquaries
410,Clark,James,21,Royal Society
413,Clarke,Hyde,87,Anthropological Institute of New York
413,Clarke,Hyde,88,Royal Society of New South Wales
413,Clarke,Hyde,76,Royal Society of Northern Antiquities
413,Clarke,Hyde,89,German Oriental Society
413,Clarke,Hyde,90,American Oriental Society
413,Clarke,Hyde,91,Royal Society of Victoria
413,Clarke,Hyde,92,Academy of Anatolia
416,Claus,William Henry,2,Royal College of Surgeons
421,Cleghorn,John (2),11,Geological Society
421,Cleghorn,John (2),93,Edinburgh Gratis Sabbath School Society
425,Clerk,H,21,Royal Society
427,Clift,William,21,Royal Society
434,Cock,Frederick,2,Royal College of Surgeons
435,Cock,John jun,39,Royal Horticultural Society of London
438,Colam,John,94,Royal Society for the Prevention of Cruelty to Animals
440,Cole,Henry,14,"Society for the Encouragement of Arts, Manufactures and Commerce"
443,Cole,Vicat,95,Royal Academy
444,Colebrooke,Thomas Edward,21,Royal Society
444,Colebrooke,Thomas Edward,26,Royal Asiatic Society
449,Collier,John Payne,9,Society of Antiquaries
452,Collingwood,John Frederick,15,Royal Society of Literature
452,Collingwood,John Frederick,12,Anthropological Society of Paris
452,Collingwood,John Frederick,11,Geological Society
453,Collingwood,S  Edwin,34,Zoological Society
455,Collinson,John (1),8,Royal Geographical Society
457,Colonsay,x,96,Royal Society of Edinburgh
459,Conolly,John,21,Royal Society
462,Cooke,William Fothergill,14,"Society for the Encouragement of Arts, Manufactures and Commerce"
466,Coote,Holmes,2,Royal College of Surgeons
467,Copeland,George Ford,2,Royal College of Surgeons
467,Copeland,George Ford,6,Medical and Chirurgical Society of London
470,Copperthwaite,William C,2,Royal College of Surgeons
472,Cory,William,14,"Society for the Encouragement of Arts, Manufactures and Commerce"
472,Cory,William,11,Geological Society
474,Cossham,Handel,11,Geological Society
475,Cotton,F L,12,Anthropological Society of Paris
477,Courtauld,Samuel,14,"Society for the Encouragement of Arts, Manufactures and Commerce"
483,Cox,J W  Conrad,11,Geological Society
483,Cox,J W  Conrad,12,Anthropological Society of Paris
485,Coxe,James,96,Royal Society of Edinburgh
488,Craster,Thomas William,2,Royal College of Surgeons
492,Crawfurd,John,21,Royal Society
492,Crawfurd,John,8,Royal Geographical Society
498,Critchett,George,2,Royal College of Surgeons
500,Croker,Thomas Francis Dillon,9,Society of Antiquaries
502,Cross,A G,2,Royal College of Surgeons
504,Crowley,Jonathan Sparrow,14,"Society for the Encouragement of Arts, Manufactures and Commerce"
507,Cull,Richard,9,Society of Antiquaries
507,Cull,Richard,97,Society of Biblical Archaeology
510,Cunliffe,Richard S,29,Phrenological Association
516,Cutler,George,15,Royal Society of Literature
516,Cutler,George,11,Geological Society
516,Cutler,George,14,"Society for the Encouragement of Arts, Manufactures and Commerce"
517,D'Almeida,William Barrington,8,Royal Geographical Society
518,D'Avezac,Marie-Armand de Castera-Macaya,98,Institute of France
519,D'Omalius d'Halloy,Jean Baptiste Julien,11,Geological Society
519,D'Omalius d'Halloy,Jean Baptiste Julien,99,Belgian Academy of Sciences of France
524,Dall,G P,2,Royal College of Surgeons
525,Dally,Eugene,12,Anthropological Society of Paris
525,Dally,Eugene,100,SociÃ©tÃ© MÃ©dico Psychologique
529,Daniell,William Freeman,8,Royal Geographical Society
531,Darbishire,Robert Dukinfield,11,Geological Society
531,Darbishire,Robert Dukinfield,9,Society of Antiquaries
533,Dareste,Camille,12,Anthropological Society of Paris
536,Darwin,Charles,21,Royal Society
536,Darwin,Charles,11,Geological Society
536,Darwin,Charles,16,Linnean Society of London
541,Davey,John George,21,Royal Society
541,Davey,John George,13,Medico Psychological Association
545,Davies,Jesse Conway,2,Royal College of Surgeons
545,Davies,Jesse Conway,27,Royal College of Physicians
546,Davies,William,2,Royal College of Surgeons
554,Dawkins,William Boyd,11,Geological Society
554,Dawkins,William Boyd,21,Royal Society
554,Dawkins,William Boyd,7,Somersetshire Archaeological and Natural History Society
555,Dawson,George,11,Geological Society
561,Dendy,Walter Cooper,5,Medical Society of London
561,Dendy,Walter Cooper,103,"Academy of Surgery, Madrid"
566,Derby (formerly Stanley),x,21,Royal Society
566,Derby (formerly Stanley),x,8,Royal Geographical Society
566,Derby (formerly Stanley),x,26,Royal Asiatic Society
566,Derby (formerly Stanley),x,14,"Society for the Encouragement of Arts, Manufactures and Commerce"
568,Desnoyers,Jules,11,Geological Society
568,Desnoyers,Jules,98,Institute of France
569,Devis,Charles William,34,Zoological Society
570,Devonshire,x,105,Royal Agricultural Society
572,Dibley,George,14,"Society for the Encouragement of Arts, Manufactures and Commerce"
573,Dickinson,John jun,21,Royal Society
574,Dickinson,John Jun,21,Royal Society
574,Dickinson,John Jun,8,Royal Geographical Society
577,Dickson,Peter,14,"Society for the Encouragement of Arts, Manufactures and Commerce"
577,Dickson,Peter,8,Royal Geographical Society
581,Dilke,Charles Wentworth,14,"Society for the Encouragement of Arts, Manufactures and Commerce"
591,Donovan,Cornelius,107,London School of Phrenology
594,Down,John Langdon H,27,Royal College of Physicians
594,Down,John Langdon H,6,Medical and Chirurgical Society of London
607,Drummond,John,8,Royal Geographical Society
608,Du Chaillu,Paul Belloni,8,Royal Geographical Society
609,Du Val,C A,108,Manchester Literary and Philosophical Society
613,Duckworth,Henry,8,Royal Geographical Society
613,Duckworth,Henry,11,Geological Society
613,Duckworth,Henry,109,Liverpool Literary and Philosophical Society of Liverpool
615,Duckworth,William,14,"Society for the Encouragement of Arts, Manufactures and Commerce"
616,Dudgeon,R E,34,Zoological Society
617,Dudley,Reginald R,2,Royal College of Surgeons
622,Dumon,x,110,Societe Archeologique de Namur
625,Duncan,Francis,11,Geological Society
625,Duncan,Francis,8,Royal Geographical Society
626,Duncan,Peter Martin,11,Geological Society
626,Duncan,Peter Martin,21,Royal Society
630,Dunlop,R H W,8,Royal Geographical Society
631,Dunn,Robert,2,Royal College of Surgeons
631,Dunn,Robert,6,Medical and Chirurgical Society of London
632,Dunraven & Mountearl,x,21,Royal Society
638,Earl,George Windsor,26,Royal Asiatic Society
639,Eassie,William,16,Linnean Society of London
639,Eassie,William,11,Geological Society
639,Eassie,William,8,Royal Geographical Society
640,Eastwood,Joseph William,2,Royal College of Surgeons
643,Eddy,Casper W,111,Royal Colonial Institute
643,Eddy,Casper W,112,National Association for the Promotion of Social Sciences
644,Edmonston,Thomas,15,Royal Society of Literature
645,Edwards,J  Passmore,14,"Society for the Encouragement of Arts, Manufactures and Commerce"
649,Egerton,Francis,21,Royal Society
650,Egerton,George Granville Francis,21,Royal Society
658,Ellis,James,64,British Archaeological Association
672,Evans,John,113,Numismatic Society
672,Evans,John,21,Royal Society
672,Evans,John,16,Linnean Society of London
672,Evans,John,11,Geological Society
679,Fairbairn,William,21,Royal Society
679,Fairbairn,William,14,"Society for the Encouragement of Arts, Manufactures and Commerce"
687,Faught,J G,33,Royal College of Surgeons Edinburgh
691,Fedschenko,Alexis,54,Societe des Amis de la Nature of Moscow
693,Ferguson,William,16,Linnean Society of London
693,Ferguson,William,11,Geological Society
696,Fiddes,Alexander,33,Royal College of Surgeons Edinburgh
703,Fishbourne,Edward Gardiner,58,Royal United Service Institution
707,Fitzroy,Robert,21,Royal Society
709,Fitzwilliam,William S,35,Statistical Society
710,Fleming,George,2,Royal College of Surgeons
710,Fleming,George,8,Royal Geographical Society
711,Fleming,James William,2,Royal College of Surgeons
713,Fletcher,Joseph,35,Statistical Society
716,Flower,John Wickham,11,Geological Society
718,Folsom,George,101,American Ethnological Society
720,Forbes,David,21,Royal Society
720,Forbes,David,11,Geological Society
721,Forbes,Duncan W,2,Royal College of Surgeons
728,Foster,Balthazar Walter,16,Linnean Society of London
728,Foster,Balthazar Walter,6,Medical and Chirurgical Society of London
730,Fowler,Robert Nicholas,14,"Society for the Encouragement of Arts, Manufactures and Commerce"
730,Fowler,Robert Nicholas,9,Society of Antiquaries
732,Fox,Charles Henry,7,Somersetshire Archaeological and Natural History Society
734,Franks,Augustus Wollaston,9,Society of Antiquaries
734,Franks,Augustus Wollaston,21,Royal Society
734,Franks,Augustus Wollaston,8,Royal Geographical Society
734,Franks,Augustus Wollaston,11,Geological Society
734,Franks,Augustus Wollaston,14,"Society for the Encouragement of Arts, Manufactures and Commerce"
746,Fry,Danby Palmer,86,Philological Society
746,Fry,Danby Palmer,116,Early English Text Society
747,Fuller,Stephen D,117,Charity Organization Society
747,Fuller,Stephen D,118,Society for Promoting Christian Knowledge
754,Galton,Douglas,21,Royal Society
754,Galton,Douglas,14,"Society for the Encouragement of Arts, Manufactures and Commerce"
754,Galton,Douglas,16,Linnean Society of London
754,Galton,Douglas,11,Geological Society
755,Galton,Francis,21,Royal Society
755,Galton,Francis,11,Geological Society
755,Galton,Francis,8,Royal Geographical Society
759,Gardner,C T,8,Royal Geographical Society
761,Gardner,E V,9,Society of Antiquaries
766,Gassiot,John Peter,21,Royal Society
766,Gassiot,John Peter,38,Marine Biological Association of the United Kingdom
766,Gassiot,John Peter,14,"Society for the Encouragement of Arts, Manufactures and Commerce"
767,Gatty,Charles Henry,16,Linnean Society of London
767,Gatty,Charles Henry,11,Geological Society
767,Gatty,Charles Henry,30,Cambridge Philosophical Society
773,Gervais,Paul,11,Geological Society
774,Gibb,George Duncan,11,Geological Society
776,Gibson,George Stacey,119,Society of Friends
782,Gilmour,Andrew,27,Royal College of Physicians
794,Godrich,Thomas,27,Royal College of Physicians
795,Goldsmid,Augustus,9,Society of Antiquaries
795,Goldsmid,Augustus,34,Zoological Society
800,Goodman,Charles Rowland,2,Royal College of Surgeons
802,Gore,Richard Thomas,2,Royal College of Surgeons
806,Gover,Charles Edward,51,"Royal Society for the Encouragement of Arts, Manufactures and Commerce"
806,Gover,Charles Edward,26,Royal Asiatic Society
812,Gratiolet,Pierre,12,Anthropological Society of Paris
813,Grattan,John,2,Royal College of Surgeons
814,Graves,Ryves William,2,Royal College of Surgeons
815,Grayling,John,2,Royal College of Surgeons
817,Green,Frederick King,2,Royal College of Surgeons
822,Greenough,George Bellas,21,Royal Society
822,Greenough,George Bellas,11,Geological Society
824,Greenwell,William,9,Society of Antiquaries
824,Greenwell,William,96,Royal Society of Edinburgh
824,Greenwell,William,21,Royal Society
824,Greenwell,William,123,Cumberland and Westmorland Antiquarian and Archaeological Society
826,Greg,William Rathbone,124,Metaphysical Society
828,Gregor,Walter,65,Folklore Society
828,Gregor,Walter,125,Scottish Text Society
839,Griffiths,Francis,2,Royal College of Surgeons
839,Griffiths,Francis,23,Chemical Society
839,Griffiths,Francis,126,Microscopical Society of London
839,Griffiths,Francis,3,Pathological Society of London
845,Grover,John,21,Royal Society
849,Guise,William Vernon,11,Geological Society
849,Guise,William Vernon,16,Linnean Society of London
850,Gunn,John,11,Geological Society
850,Gunn,John,127,Norwich and Norfolk Geological Society
857,Haast,Johann Franz ('Julius'),21,Royal Society
862,Hallam,Henry,21,Royal Society
871,Hancock,H J B,8,Royal Geographical Society
878,Harding,Charles,8,Royal Geographical Society
878,Harding,Charles,35,Statistical Society
878,Harding,Charles,15,Royal Society of Literature
879,Harding,William,2,Royal College of Surgeons
879,Harding,William,128,Academia Quirurgia of Madrid
880,Hardman,William,8,Royal Geographical Society
880,Hardman,William,34,Zoological Society
883,Harle,C E,2,Royal College of Surgeons
884,Harlin,Thomas,21,Royal Society
884,Harlin,Thomas,129,Royal Institution
884,Harlin,Thomas,130,Royal Meteorological Society
884,Harlin,Thomas,11,Geological Society
890,Harris,James Penn,2,Royal College of Surgeons
893,Harrison,Charles (1),15,Royal Society of Literature
893,Harrison,Charles (1),9,Society of Antiquaries
897,Hart,Ernest Abraham,2,Royal College of Surgeons
903,Haughton,Richard,26,Royal Asiatic Society
905,Hawkins,George,64,British Archaeological Association
907,Hawkins,Walter,9,Society of Antiquaries
907,Hawkins,Walter,64,British Archaeological Association
907,Hawkins,Walter,113,Numismatic Society
912,Hayle,Thomas,33,Royal College of Surgeons Edinburgh
912,Hayle,Thomas,135,British Homeopathic Society
912,Hayle,Thomas,136,Northern Homeopathic Society
912,Hayle,Thomas,137,Hahneman Medical Society
912,Hayle,Thomas,138,British Homeopathic Association
913,Haynes,R W,15,Royal Society of Literature
916,Healey,Edward Charles,36,Royal Historical Society
917,Heath,Dunbar Isidore,15,Royal Society of Literature
917,Heath,Dunbar Isidore,26,Royal Asiatic Society
928,Henriques,Alfred Gutteres,11,Geological Society
929,Henry,Joseph,139,Smithsonian Institution
940,Hewlett,Alfred,11,Geological Society
940,Hewlett,Alfred,140,Institute of Mining Engineers
941,Heywood,James,21,Royal Society
941,Heywood,James,9,Society of Antiquaries
941,Heywood,James,11,Geological Society
941,Heywood,James,38,Marine Biological Association of the United Kingdom
943,Higgins,Alfred,12,Anthropological Society of Paris
948,Hill,George,27,Royal College of Physicians
956,Hindmarsh,Frederick,11,Geological Society
956,Hindmarsh,Frederick,8,Royal Geographical Society
956,Hindmarsh,Frederick,64,British Archaeological Association
956,Hindmarsh,Frederick,142,Historic Society of Lancashire and Cheshire
961,Hitchman,W,16,Linnean Society of London
961,Hitchman,W,2,Royal College of Surgeons
963,Hobbs,W G E,8,Royal Geographical Society
967,Hodgkin,Thomas (1),8,Royal Geographical Society
967,Hodgkin,Thomas (1),86,Philological Society
967,Hodgkin,Thomas (1),72,Society for the Diffusion of Useful Knowledge
967,Hodgkin,Thomas (1),55,British Association
968,Hodgson,Brian Houghton,26,Royal Asiatic Society
968,Hodgson,Brian Houghton,16,Linnean Society of London
968,Hodgson,Brian Houghton,21,Royal Society
974,Holgate,Jennings,64,British Archaeological Association
975,Holland,James,8,Royal Geographical Society
980,Hon,H  le,143,Geological Society of France
981,Hood,T H,11,Geological Society
981,Hood,T H,8,Royal Geographical Society
982,Hooker,Joseph,21,Royal Society
987,Horton,W J S,144,Kent Archaeological Society
987,Horton,W J S,26,Royal Asiatic Society
990,Houghton,x,21,Royal Society
990,Houghton,x,8,Royal Geographical Society
990,Houghton,x,34,Zoological Society
992,Houghton,Edward Price,2,Royal College of Surgeons
1000,Howorth,Henry Hoyle,50,Society for Psychical Research
1000,Howorth,Henry Hoyle,21,Royal Society
1000,Howorth,Henry Hoyle,145,Royal Archaeological Institute
1000,Howorth,Henry Hoyle,8,Royal Geographical Society
1000,Howorth,Henry Hoyle,26,Royal Asiatic Society
1000,Howorth,Henry Hoyle,113,Numismatic Society
1001,Hoyland,Charles William,2,Royal College of Surgeons
1003,Hudson,F,23,Chemical Society
1004,Hudson,Henry,56,Royal Irish Academy
1004,Hudson,Henry,23,Chemical Society
1005,Hudson,Robinson,2,Royal College of Surgeons
1006,Hughes,Richard,27,Royal College of Physicians
1006,Hughes,Richard,2,Royal College of Surgeons
1008,Hughes,Thomas McKenny,11,Geological Society
1008,Hughes,Thomas McKenny,9,Society of Antiquaries
1008,Hughes,Thomas McKenny,123,Cumberland and Westmorland Antiquarian and Archaeological Society
1010,Humble,Thomas,27,Royal College of Physicians
1013,Hunt,George S  Lennon,8,Royal Geographical Society
1014,Hunt,James,15,Royal Society of Literature
1014,Hunt,James,146,Imperial Leopoldino Carolina Academia Naturae Curiosum
1014,Hunt,James,12,Anthropological Society of Paris
1014,Hunt,James,147,Upper Hesse Society for Natural and Medical Science
1014,Hunt,James,9,Society of Antiquaries
1021,Hutchinson,Jonathan,2,Royal College of Surgeons
1021,Hutchinson,Jonathan,6,Medical and Chirurgical Society of London
1024,Huxley,Thomas Henry,55,British Association
1024,Huxley,Thomas Henry,21,Royal Society
1024,Huxley,Thomas Henry,16,Linnean Society of London
1024,Huxley,Thomas Henry,11,Geological Society
1024,Huxley,Thomas Henry,124,Metaphysical Society
1024,Huxley,Thomas Henry,38,Marine Biological Association of the United Kingdom
1028,Ince,Joseph,23,Chemical Society
1028,Ince,Joseph,149,Royal Microscopical Society
1028,Ince,Joseph,16,Linnean Society of London
1028,Ince,Joseph,150,Royal Pharmaceutical Society
1029,Ingham,Robert,14,"Society for the Encouragement of Arts, Manufactures and Commerce"
1031,Inman,Robert M,8,Royal Geographical Society
1033,Ioannides,A,27,Royal College of Physicians
1040,Izard,Frederick R,8,Royal Geographical Society
1042,Jackson,Henry (the father),2,Royal College of Surgeons
1042,Jackson,Henry (the father),151,Sheffield Literary and Philosophical Society
1043,Jackson,Henry (the son),11,Geological Society
1043,Jackson,Henry (the son),152,British Academy
1044,Jackson,Henry Willan,2,Royal College of Surgeons
1045,Jackson,Henry William (1),2,Royal College of Surgeons
1046,Jackson,J  Hughlings,27,Royal College of Physicians
1046,Jackson,J  Hughlings,6,Medical and Chirurgical Society of London
1051,James,George Alexander,8,Royal Geographical Society
1055,Jardine,William,21,Royal Society
1055,Jardine,William,16,Linnean Society of London
1058,Jeffery,Frederick John,142,Historic Society of Lancashire and Cheshire
1061,Jellicoe,Charles,153,Institute of Actuaries
1061,Jellicoe,Charles,8,Royal Geographical Society
1061,Jellicoe,Charles,35,Statistical Society
1063,Jennings,William,8,Royal Geographical Society
1064,Jenyns LATER Blomefield,Leonard,16,Linnean Society of London
1064,Jenyns LATER Blomefield,Leonard,11,Geological Society
1064,Jenyns LATER Blomefield,Leonard,154,Bath Royal Literary and Scientific Institution
1065,Jepson,William,2,Royal College of Surgeons
1067,Jessop,Henry Edward,2,Royal College of Surgeons
1068,Jessopp,Augustus,8,Royal Geographical Society
1070,Joad,George Curling,34,Zoological Society
1073,Johnson,Henry,34,Zoological Society
1080,Jones,C  Treasure,26,Royal Asiatic Society
1081,Jones,J  Pryce,8,Royal Geographical Society
1083,Jones,John,155,"Society of Archaeology, Namur, Brussels"
1083,Jones,John,11,Geological Society
1087,Jones,William Arthur,11,Geological Society
1087,Jones,William Arthur,7,Somersetshire Archaeological and Natural History Society
1089,Joy,Algernon,156,London Spiritualist Alliance
1089,Joy,Algernon,157,National Association of Spiritualists of London
1089,Joy,Algernon,158,British National Association of Spirtualists
1092,Jukes,J  Beete,21,Royal Society
1097,Kaup,x,11,Geological Society
1099,Kaye,J W  (2),15,Royal Society of Literature
1100,Keene,William,11,Geological Society
1108,Kernahan,James,15,Royal Society of Literature
1108,Kernahan,James,11,Geological Society
1109,Kesteven,W B,2,Royal College of Surgeons
1109,Kesteven,W B,13,Medico Psychological Association
1110,Khanikof,Nicolai de,12,Anthropological Society of Paris
1114,King,Edwin Holborow,3,Pathological Society of London
1117,King,Richard,61,"Ethnological Society, New York"
1117,King,Richard,160,"Ethnological Society, Paris"
1118,King,S W,11,Geological Society
1118,King,S W,9,Society of Antiquaries
1118,King,S W,8,Royal Geographical Society
1121,Kingsley,Charles,16,Linnean Society of London
1121,Kingsley,Charles,11,Geological Society
1122,Kinlay,W R H,96,Royal Society of Edinburgh
1128,Kisch,Samuel,142,Historic Society of Lancashire and Cheshire
1131,Knox,Robert,161,Imperial Academy of Medicine of France
1131,Knox,Robert,12,Anthropological Society of Paris
1131,Knox,Robert,96,Royal Society of Edinburgh
1131,Knox,Robert,33,Royal College of Surgeons Edinburgh
1141,Lade,George,2,Royal College of Surgeons
1143,Laing,Samuel,11,Geological Society
1144,Laing,Thomas Josiah,11,Geological Society
1145,Lampray,Thomas,8,Royal Geographical Society
1147,Lamprey,Jones,8,Royal Geographical Society
1148,Lancaster,John,11,Geological Society
1151,Lane,Vavasour Joseph,2,Royal College of Surgeons
1152,Lane Fox later Pitt Rivers,Augustus Henry,9,Society of Antiquaries
1152,Lane Fox later Pitt Rivers,Augustus Henry,11,Geological Society
1152,Lane Fox later Pitt Rivers,Augustus Henry,8,Royal Geographical Society
1152,Lane Fox later Pitt Rivers,Augustus Henry,21,Royal Society
1152,Lane Fox later Pitt Rivers,Augustus Henry,12,Anthropological Society of Paris
1152,Lane Fox later Pitt Rivers,Augustus Henry,162,Societa Italiana di Antropologia e di Etnologia
1152,Lane Fox later Pitt Rivers,Augustus Henry,46,Anthropological Society of Washington
1153,Lang,Andrew,65,Folklore Society
1153,Lang,Andrew,50,Society for Psychical Research
1153,Lang,Andrew,152,British Academy
1160,Latham,Robert Gordon,21,Royal Society
1160,Latham,Robert Gordon,14,"Society for the Encouragement of Arts, Manufactures and Commerce"
1162,Laurence,John Zachariah,2,Royal College of Surgeons
1164,Law,Joseph,163,Sheffield Medical Society
1165,Lawford,Edward,9,Society of Antiquaries
1166,Lawrence,Edward (1),8,Royal Geographical Society
1169,Lawrence,William,21,Royal Society
1169,Lawrence,William,2,Royal College of Surgeons
1177,Lee,Frederick George,9,Society of Antiquaries
1179,Lee (2),John,21,Royal Society
1179,Lee (2),John,26,Royal Asiatic Society
1179,Lee (2),John,16,Linnean Society of London
1179,Lee (2),John,11,Geological Society
1179,Lee (2),John,9,Society of Antiquaries
1179,Lee (2),John,8,Royal Geographical Society
1180,Lee,John Edward,9,Society of Antiquaries
1180,Lee,John Edward,164,Caerleon Antiquarian Association
1181,Lee,Richard,2,Royal College of Surgeons
1188,Leguay,Louis,165,Societe Parisienne d'Archeologie et d'Histoire
1190,Leighton,Henry,34,Zoological Society
1193,Lennox,Arthur Charles Wriothesley,11,Geological Society
1197,Levy,W  Hanks,166,Association for Promoting the General Welfare of the Blind
1197,Levy,W  Hanks,8,Royal Geographical Society
1200,Lewis,Charles Francis,27,Royal College of Physicians
1200,Lewis,Charles Francis,167,Obstetrical Society of London
1200,Lewis,Charles Francis,2,Royal College of Surgeons
1206,Lister,John,11,Geological Society
1206,Lister,John,168,Palaeontographical Society
1206,Lister,John,169,Yorkshire Geological and Polytechnic Society
1206,Lister,John,34,Zoological Society
1206,Lister,John,170,Halifax Literary and Philosophical Society
1207,Lister,Joseph,21,Royal Society
1209,Littey,F T,2,Royal College of Surgeons
1211,Liveing,Robert,171,Royal Botanic Society of London
1214,Lloyd,Edmund,2,Royal College of Surgeons
1217,Lobley,James L,11,Geological Society
1217,Lobley,James L,120,Geologist's Association
1218,Lockhart,William,8,Royal Geographical Society
1218,Lockhart,William,2,Royal College of Surgeons
1219,Lockyer,Joseph Norman,60,Royal Astronomical Society
1219,Lockyer,Joseph Norman,129,Royal Institution
1221,Logan,J R,11,Geological Society
1222,Londesborough,x,21,Royal Society
1225,Longman,William,11,Geological Society
1225,Longman,William,15,Royal Society of Literature
1225,Longman,William,8,Royal Geographical Society
1232,Lower,Mark Anthony,9,Society of Antiquaries
1232,Lower,Mark Anthony,172,Sussex Archaeological Society
1235,Lubbock,John,21,Royal Society
1235,Lubbock,John,9,Society of Antiquaries
1235,Lubbock,John,11,Geological Society
1235,Lubbock,John,16,Linnean Society of London
1235,Lubbock,John,12,Anthropological Society of Paris
1235,Lubbock,John,44,Anthropological Society of Berlin
1235,Lubbock,John,38,Marine Biological Association of the United Kingdom
1237,Lucas,Thomas,173,Field Naturalists Club of Victoria
1237,Lucas,Thomas,34,Zoological Society
1237,Lucas,Thomas,16,Linnean Society of London
1237,Lucas,Thomas,21,Royal Society
1237,Lucas,Thomas,2,Royal College of Surgeons
1237,Lucas,Thomas,174,British Medical Association
1237,Lucas,Thomas,175,Linnean Society of New South Wales
1238,Lucy,William Charles,11,Geological Society
1238,Lucy,William Charles,47,Bristol and Gloucester Archaeological Society
1240,Lukis,William Collings,9,Society of Antiquaries
1241,Lund,Edward,2,Royal College of Surgeons
1241,Lund,Edward,176,Manchester Medical Society
1243,Luxmoore,Coryndon H,9,Society of Antiquaries
1245,Lyell,Charles,21,Royal Society
1245,Lyell,Charles,11,Geological Society
1245,Lyell,Charles,55,British Association
1246,Lyle,Henry Bowden,2,Royal College of Surgeons
1249,Macdonald,D G F,15,Royal Society of Literature
1249,Macdonald,D G F,8,Royal Geographical Society
1250,MacDonald,William,16,Linnean Society of London
1250,MacDonald,William,11,Geological Society
1250,MacDonald,William,96,Royal Society of Edinburgh
1255,Mackenzie,Kenneth Robert Henderson,9,Society of Antiquaries
1255,Mackenzie,Kenneth Robert Henderson,26,Royal Asiatic Society
1256,Mackie,Samuel Joseph,9,Society of Antiquaries
1256,Mackie,Samuel Joseph,11,Geological Society
1257,Mackinder,Draper,167,Obstetrical Society of London
1257,Mackinder,Draper,2,Royal College of Surgeons
1257,Mackinder,Draper,6,Medical and Chirurgical Society of London
1260,Mackintosh,Daniel,11,Geological Society
1261,Mackintosh,David,11,Geological Society
1265,Maclean,Samuel,177,Royal College of Surgeons Ireland
1265,Maclean,Samuel,6,Medical and Chirurgical Society of London
1266,Macleay,George,16,Linnean Society of London
1271,Malcolm,Charles,8,Royal Geographical Society
1272,Malcolm,William Elphinstone,8,Royal Geographical Society
1276,Mann,Robert James,2,Royal College of Surgeons
1279,Markham,Clements Robert,8,Royal Geographical Society
1292,Martin,H  Victor,2,Royal College of Surgeons
1292,Martin,H  Victor,167,Obstetrical Society of London
1293,Martin,J  Ranald,21,Royal Society
1293,Martin,J  Ranald,2,Royal College of Surgeons
1295,Martin,John (2),16,Linnean Society of London
1295,Martin,John (2),11,Geological Society
1295,Martin,John (2),178,Association Scientifique de Paris
1296,Martin,Richard Biddulph,8,Royal Geographical Society
1296,Martin,Richard Biddulph,179,Royal Statistical Society
1296,Martin,Richard Biddulph,180,Childhood Society
1296,Martin,Richard Biddulph,181,Child Study Society
1298,Martin-Magron,x,12,Anthropological Society of Paris
1299,Martindale,Nicholas,182,Liverpool District Provident Society
1310,Maury,Alfred,98,Institute of France
1311,Maw,George,9,Society of Antiquaries
1318,Mayer,Joseph,9,Society of Antiquaries
1318,Mayer,Joseph,142,Historic Society of Lancashire and Cheshire
1323,McArthur,Alexander,8,Royal Geographical Society
1326,McClelland,James,183,Glasgow Sunday Educational Association
1326,McClelland,James,184,Glasgow Secular School Society
1329,McCraith,James,2,Royal College of Surgeons
1331,McDonnell,John,185,Cork Scientific and Literary Society
1335,McLeod,Walter,8,Royal Geographical Society
1336,McNair,John Frederick,16,Linnean Society of London
1338,Meadows,Barr,27,Royal College of Physicians
1338,Meadows,Barr,186,National Institution for Diseases of the Skin Edinburgh
1338,Meadows,Barr,2,Royal College of Surgeons
1340,Medd,John,2,Royal College of Surgeons
1343,Meigs,James Aitken,12,Anthropological Society of Paris
1343,Meigs,James Aitken,102,Academy of Natural Sciences Philadelphia
1344,Mello,John Magens,11,Geological Society
1345,Menzies,Robert,2,Royal College of Surgeons
1350,Meryon,Edward,187,Royal Medical and Chirurgical Society
1353,Michie,Alexander,8,Royal Geographical Society
1355,Middleton,John M  (or H ),27,Royal College of Physicians
1355,Middleton,John M  (or H ),2,Royal College of Surgeons
1358,Miles,William Augustus,35,Statistical Society
1358,Miles,William Augustus,188,"Museum d'Histoire Naturel, Paris"
1362,Milligan,Joseph,11,Geological Society
1362,Milligan,Joseph,34,Zoological Society
1362,Milligan,Joseph,16,Linnean Society of London
1362,Milligan,Joseph,189,Royal Academy of Sciences
1362,Milligan,Joseph,190,Royal Society of Tasmania
1368,Milne-Edwards,Henri,21,Royal Society
1368,Milne-Edwards,Henri,98,Institute of France
1368,Milne-Edwards,Henri,11,Geological Society
1369,Milner,W R,2,Royal College of Surgeons
1370,Milton,x,8,Royal Geographical Society
1372,Miraglia,B G,191,Phrenopathic Society of Aversa
1377,Mitchell,Arthur,17,Society of Antiquaries of Scotland
1377,Mitchell,Arthur,193,Scottish History Society
1377,Mitchell,Arthur,194,Royal Scottish Academy
1380,Mitchell,William Stephen,11,Geological Society
1381,Mitra,Rajendralala,26,Royal Asiatic Society
1382,Mivart,St George J,16,Linnean Society of London
1382,Mivart,St George J,34,Zoological Society
1382,Mivart,St George J,129,Royal Institution
1382,Mivart,St George J,21,Royal Society
1384,Moger,Robert G,2,Royal College of Surgeons
1385,Moggridge,Matthew,11,Geological Society
1385,Moggridge,Matthew,75,Botanical Society of London
1385,Moggridge,Matthew,120,Geologist's Association
1390,Monk,William,9,Society of Antiquaries
1390,Monk,William,26,Royal Asiatic Society
1393,Montgomerie,Frederick Butler,8,Royal Geographical Society
1397,Moon,x,11,Geological Society
1398,Moore,George,64,British Archaeological Association
1398,Moore,George,41,Historical Institute
1400,Moore,J  Daniel,16,Linnean Society of London
1407,Mootoosaumy,Modeliar P S,2,Royal College of Surgeons
1411,Morgan,William Henry,2,Royal College of Surgeons
1414,Morison,James Cotter,15,Royal Society of Literature
1415,Morlot,Charles Adolphe,11,Geological Society
1416,Morris,David,9,Society of Antiquaries
1421,Morris,J P,12,Anthropological Society of Paris
1424,Morrison,James Holmes,174,British Medical Association
1426,Morrison,Walter,195,Palestine Exploration Fund
1427,Morshead,Edward John,196,"Victoria Institute, or Philosophical Institute of Great Britain"
1438,Moxon,Walter,6,Medical and Chirurgical Society of London
1439,Muir,J,26,Royal Asiatic Society
1443,Muller,Friedrich Max,198,Pali Text Society
1447,Munton,Francis Kerridge,8,Royal Geographical Society
1448,Murchison,Roderick Impey,21,Royal Society
1448,Murchison,Roderick Impey,8,Royal Geographical Society
1448,Murchison,Roderick Impey,16,Linnean Society of London
1448,Murchison,Roderick Impey,55,British Association
1448,Murchison,Roderick Impey,56,Royal Irish Academy
1451,Murray,J C,27,Royal College of Physicians
1451,Murray,J C,174,British Medical Association
1458,Naoroji,Dadabhai,148,Literary and Philosophical Society of Liverpool
1459,Napier,Charles Ottley Groom,11,Geological Society
1459,Napier,Charles Ottley Groom,16,Linnean Society of London
1460,Napier,William,8,Royal Geographical Society
1462,Napier,William Donald,2,Royal College of Surgeons
1463,Nash,D W,9,Society of Antiquaries
1464,Nash,Davyd William,15,Royal Society of Literature
1467,Nasmyth,Alexander,187,Royal Medical and Chirurgical Society
1467,Nasmyth,Alexander,2,Royal College of Surgeons
1471,Neison,Francis G P,16,Linnean Society of London
1475,Newall,Robert Stirling (1),21,Royal Society
1478,Newmarch,William,16,Linnean Society of London
1479,Newnham,P H,130,Royal Meteorological Society
1479,Newnham,P H,50,Society for Psychical Research
1482,Newton,Robert S,199,Eclectic Medical Society of New York
1483,Nicholas,Thomas,11,Geological Society
1487,Nicholson,Charles,15,Royal Society of Literature
1487,Nicholson,Charles,8,Royal Geographical Society
1487,Nicholson,Charles,26,Royal Asiatic Society
1487,Nicholson,Charles,50,Society for Psychical Research
1487,Nicholson,Charles,111,Royal Colonial Institute
1487,Nicholson,Charles,200,Royal Society of Arts
1498,Noel,Roden,50,Society for Psychical Research
1499,Noldwritt,John Spencer,14,"Society for the Encouragement of Arts, Manufactures and Commerce"
1501,Norsworthy,Henry,34,Zoological Society
1501,Norsworthy,Henry,75,Botanical Society of London
1503,North,Samuel William,2,Royal College of Surgeons
1503,North,Samuel William,201,York Philosphical Society
1504,Nott,Josiah Clark,12,Anthropological Society of Paris
1505,Nottingham,John,2,Royal College of Surgeons
1505,Nottingham,John,27,Royal College of Physicians
1505,Nottingham,John,202,Society of Emulation of Paris
1505,Nottingham,John,203,Royal Medical Society of Berlin
1505,Nottingham,John,204,Academy of Medicine and Surgery of Madrid and Barcelona
1505,Nottingham,John,205,Academy of Natural Sciences of Spain
1505,Nottingham,John,67,Royal Society of Northern Antiquities Copenhagen
1506,Nunn,Richard Maddock,2,Royal College of Surgeons
1509,O'Callaghan,P,9,Society of Antiquaries
1510,O'Connor,Luke Smyth,8,Royal Geographical Society
1512,O'Riley,Edward,8,Royal Geographical Society
1514,Ogilby,William,34,Zoological Society
1515,Ogston,G H,23,Chemical Society
1519,Oliver,Samuel Pasfield,8,Royal Geographical Society
1519,Oliver,Samuel Pasfield,9,Society of Antiquaries
1522,Ormathwaite,John Benn,8,Royal Geographical Society
1525,Osborne,John William Willoughby,11,Geological Society
1526,Otto,Charles,29,Phrenological Association
1527,Ouvry,Frederick,9,Society of Antiquaries
1529,Owen,H  Burnard,15,Royal Society of Literature
1529,Owen,H  Burnard,8,Royal Geographical Society
1531,Owen,Richard,2,Royal College of Surgeons
1531,Owen,Richard,21,Royal Society
1531,Owen,Richard,206,British Museum
1531,Owen,Richard,16,Linnean Society of London
1531,Owen,Richard,7,Somersetshire Archaeological and Natural History Society
1531,Owen,Richard,14,"Society for the Encouragement of Arts, Manufactures and Commerce"
1532,Owen,Robert Brisco,16,Linnean Society of London
1533,Owen,Samuel R J,16,Linnean Society of London
1533,Owen,Samuel R J,149,Royal Microscopical Society
1535,Packman,J D V,16,Linnean Society of London
1538,Paine,Henry James,2,Royal College of Surgeons
1539,Paley,William,27,Royal College of Physicians
1539,Paley,William,6,Medical and Chirurgical Society of London
1542,Palmer,Silas,9,Society of Antiquaries
1542,Palmer,Silas,64,British Archaeological Association
1543,Paris,Louis Philippe d'Orleans,8,Royal Geographical Society
1555,Partridge,Theodore D'Orville,2,Royal College of Surgeons
1555,Partridge,Theodore D'Orville,207,Royal College of Physicians Edinburgh
1558,Paterson,George K H,207,Royal College of Physicians Edinburgh
1559,Paterson,Robert,208,Botanical Society of Edinburgh
1559,Paterson,Robert,209,Wernerian Natural History Society
1561,Paul,B H,23,Chemical Society
1563,Peacock,Edward,9,Society of Antiquaries
1564,Peacock,Thomas Bevill,27,Royal College of Physicians
1564,Peacock,Thomas Bevill,6,Medical and Chirurgical Society of London
1566,Pearce,Charles Thomas,2,Royal College of Surgeons
1567,Pearse,Frederick Edward,207,Royal College of Physicians Edinburgh
1567,Pearse,Frederick Edward,2,Royal College of Surgeons
1573,Peel,Robert,2,Royal College of Surgeons
1579,Perkins,William,8,Royal Geographical Society
1580,Perrin,James,210,Natal Agricultural and Horticultural Society
1580,Perrin,James,211,Pietermaritzburg Horticultural Society
1580,Perrin,James,212,Natal Society
1581,Perrin,John Beswick,2,Royal College of Surgeons
1581,Perrin,John Beswick,6,Medical and Chirurgical Society of London
1584,Perry,George Michael,2,Royal College of Surgeons
1586,Perry,S G F,213,Leeds Philosophical and Literary Society
1590,Petrie,George,17,Society of Antiquaries of Scotland
1594,Phillips,Barnet,214,American Jewish Historical Society
1595,Phillips,Benjamin,21,Royal Society
1600,Pictet,Francois Jules,11,Geological Society
1602,Piesse,George William Septimus,14,"Society for the Encouragement of Arts, Manufactures and Commerce"
1604,Pim,Bedford,8,Royal Geographical Society
1605,Pinchis,Thomas Ryan,21,Royal Society
1607,Pinkerton,W,9,Society of Antiquaries
1609,Plant,John,11,Geological Society
1617,Pope,George H,50,Society for Psychical Research
1621,Postans,T,26,Royal Asiatic Society
1621,Postans,T,8,Royal Geographical Society
1628,Prestwich,Joseph,21,Royal Society
1628,Prestwich,Joseph,215,Zetetical Society
1628,Prestwich,Joseph,11,Geological Society
1631,Price,Frederick George Hilton,9,Society of Antiquaries
1631,Price,Frederick George Hilton,8,Royal Geographical Society
1631,Price,Frederick George Hilton,216,London Topographical Society
1631,Price,Frederick George Hilton,11,Geological Society
1631,Price,Frederick George Hilton,120,Geologist's Association
1631,Price,Frederick George Hilton,34,Zoological Society
1631,Price,Frederick George Hilton,217,Royal Numismatic Society
1634,Prichard,James Cowles,98,Institute of France
1634,Prichard,James Cowles,21,Royal Society
1635,Prichard,Thomas,27,Royal College of Physicians
1642,Pritchard,William T,8,Royal Geographical Society
1643,Proctor,James C,2,Royal College of Surgeons
1647,Puller,Arthur Giles,9,Society of Antiquaries
1651,Purdon,H S,218,New York Dermatological Society
1652,Quaritch,Bernard,34,Zoological Society
1658,Rae,James,8,Royal Geographical Society
1658,Rae,James,23,Chemical Society
1662,Ramsay,"A , jun",11,Geological Society
1667,Ramsay,William Francis,27,Royal College of Physicians
1668,Ramskill,Jabez Spence,27,Royal College of Physicians
1671,Ransom,Edwin,8,Royal Geographical Society
1671,Ransom,Edwin,26,Royal Asiatic Society
1671,Ransom,Edwin,105,Royal Agricultural Society
1673,Ratcliff,Charles,15,Royal Society of Literature
1673,Ratcliff,Charles,8,Royal Geographical Society
1673,Ratcliff,Charles,16,Linnean Society of London
1673,Ratcliff,Charles,9,Society of Antiquaries
1673,Ratcliff,Charles,11,Geological Society
1673,Ratcliff,Charles,14,"Society for the Encouragement of Arts, Manufactures and Commerce"
1674,Rawlinson,Henry,21,Royal Society
1679,Reade,William Winwood,8,Royal Geographical Society
1679,Reade,William Winwood,219,Geographical Society of Paris
1684,Reid,Lestock Robert,14,"Society for the Encouragement of Arts, Manufactures and Commerce"
1685,Renan,Ernest,12,Anthropological Society of Paris
1685,Renan,Ernest,98,Institute of France
1686,Renshaw,Charles Jeremiah,176,Manchester Medical Society
1686,Renshaw,Charles Jeremiah,174,British Medical Association
1691,Riccard,Edward Jackson,2,Royal College of Surgeons
1696,Richardson,James Coxon,11,Geological Society
1697,Rickard,Francis Ignatio,11,Geological Society
1697,Rickard,Francis Ignatio,23,Chemical Society
1704,"Ripon, De Grey and",x,21,Royal Society
1708,Rivett-Carnac,John Henry,9,Society of Antiquaries
1708,Rivett-Carnac,John Henry,11,Geological Society
1708,Rivett-Carnac,John Henry,26,Royal Asiatic Society
1710,Robert des Ruffieres,Charles,11,Geological Society
1710,Robert des Ruffieres,Charles,15,Royal Society of Literature
1710,Robert des Ruffieres,Charles,2,Royal College of Surgeons
1712,Roberts,George E,11,Geological Society
1712,Roberts,George E,12,Anthropological Society of Paris
1712,Roberts,George E,220,"Worcestershire, Severn Valley, Warwickshire and Naturalists' Field Club"
1712,Roberts,George E,221,Worcestershire Archaeological Society
1715,Robertson (2),Alexander,13,Medico Psychological Association
1718,Robertson,Daniel Brooke,8,Royal Geographical Society
1720,Robins,Thomas Valentine,8,Royal Geographical Society
1721,Robinson,Edward,101,American Ethnological Society
1726,Robinson,William,12,Anthropological Society of Paris
1727,Roch,Sampson,2,Royal College of Surgeons
1728,Rock,"James, jun",14,"Society for the Encouragement of Arts, Manufactures and Commerce"
1730,Rogers,Alfred S,222,Manx Society
1735,Rolleston,George,21,Royal Society
1735,Rolleston,George,27,Royal College of Physicians
1739,Ronay,Hyacinthe,223,Academie Hongroise de Pest
1740,Rooke,Charles,11,Geological Society
1741,Rose,James Anderson,15,Royal Society of Literature
1742,Rosehill,x,9,Society of Antiquaries
1745,Ross,John George Clunies,14,"Society for the Encouragement of Arts, Manufactures and Commerce"
1749,Routh,E J,11,Geological Society
1751,Row,William Bridges,153,Institute of Actuaries
1758,Rudler,Frederick William,11,Geological Society
1758,Rudler,Frederick William,12,Anthropological Society of Paris
1758,Rudler,Frederick William,55,British Association
1759,Ruge,Sophus,224,Dresden Geographical Society
1760,Rugg,H  Hodgson,2,Royal College of Surgeons
1760,Rugg,H  Hodgson,225,National Vaccine Establishment
1769,Ryan,Edward,60,Royal Astronomical Society
1769,Ryan,Edward,8,Royal Geographical Society
1769,Ryan,Edward,21,Royal Society
1770,Ryan,John,2,Royal College of Surgeons
1774,Salmon,William,11,Geological Society
1774,Salmon,William,226,Horticultural Society of Ulverstone
1775,Salomons,David,15,Royal Society of Literature
1776,Salting,William Severin,8,Royal Geographical Society
1776,Salting,William Severin,34,Zoological Society
1778,Sanders,Alfred,16,Linnean Society of London
1778,Sanders,Alfred,2,Royal College of Surgeons
1778,Sanders,Alfred,34,Zoological Society
1778,Sanders,Alfred,149,Royal Microscopical Society
1781,Sanderson,W  Walbank,36,Royal Historical Society
1785,Saull,William Devonshire,11,Geological Society
1785,Saull,William Devonshire,60,Royal Astronomical Society
1785,Saull,William Devonshire,9,Society of Antiquaries
1785,Saull,William Devonshire,22,Phrenological Society
1801,Schoolcraft,Henry R,227,Michigan Historical Society
1801,Schoolcraft,Henry R,228,Algic Society
1801,Schoolcraft,Henry R,101,American Ethnological Society
1810,Scott,John (2),27,Royal College of Physicians
1814,Scott,Wentworth Lascelles,23,Chemical Society
1814,Scott,Wentworth Lascelles,14,"Society for the Encouragement of Arts, Manufactures and Commerce"
1815,Scouler,John,16,Linnean Society of London
1816,Seaman,J  Eglinton,8,Royal Geographical Society
1817,Seemann,Berthold,16,Linnean Society of London
1817,Seemann,Berthold,8,Royal Geographical Society
1819,Selwyn,E J,86,Philological Society
1825,Sexton,George,14,"Society for the Encouragement of Arts, Manufactures and Commerce"
1827,Seymour,Henry Danby,14,"Society for the Encouragement of Arts, Manufactures and Commerce"
1828,Sharp,Peter,8,Royal Geographical Society
1829,Sharp,Samuel,9,Society of Antiquaries
1829,Sharp,Samuel,11,Geological Society
1830,Sharp,W,21,Royal Society
1830,Sharp,W,6,Medical and Chirurgical Society of London
1831,Sharpe,W J,8,Royal Geographical Society
1835,Shaw,Frederick George,230,"Veterinary College, London"
1836,Shaw,Norton,8,Royal Geographical Society
1842,Sherwood,William Henry,27,Royal College of Physicians
1844,Shillinglaw,John Joseph,8,Royal Geographical Society
1845,Shipp,William,168,Palaeontographical Society
1846,Shortt,John,27,Royal College of Physicians
1846,Shortt,John,2,Royal College of Surgeons
1850,Shuttleworth,James Kay,14,"Society for the Encouragement of Arts, Manufactures and Commerce"
1853,Silva-Ferro,Ramon de,11,Geological Society
1853,Silva-Ferro,Ramon de,8,Royal Geographical Society
1856,Simonson,S F,2,Royal College of Surgeons
1858,Simpson,H V,27,Royal College of Physicians
1858,Simpson,H V,2,Royal College of Surgeons
1859,Simpson,James,123,Cumberland and Westmorland Antiquarian and Archaeological Society
1861,Sims,J  Marrion,6,Medical and Chirurgical Society of London
1863,Sisson,R S,231,New Sydenham Society
1866,Skene,James Henry,26,Royal Asiatic Society
1867,Skues,Frederick Mackenzie,34,Zoological Society
1870,Smart,Bath Charles,2,Royal College of Surgeons
1873,Smith,Andrew,21,Royal Society
1875,Smith,Edward Osborne,8,Royal Geographical Society
1875,Smith,Edward Osborne,35,Statistical Society
1875,Smith,Edward Osborne,153,Institute of Actuaries
1884,Smith,Protheroe,27,Royal College of Physicians
1886,Smith,Thomas,27,Royal College of Physicians
1888,Smith,Thomas James,11,Geological Society
1888,Smith,Thomas James,23,Chemical Society
1892,Smith,Worthington George,16,Linnean Society of London
1892,Smith,Worthington George,9,Society of Antiquaries
1892,Smith,Worthington George,232,Cambrian Archaeological Association
1892,Smith,Worthington George,233,British Mycological Society
1896,Smyth,John E,27,Royal College of Physicians
1896,Smyth,John E,2,Royal College of Surgeons
1899,Snaith,Frederick,234,Camden Society
1902,Solly,Samuel,21,Royal Society
1902,Solly,Samuel,6,Medical and Chirurgical Society of London
1902,Solly,Samuel,2,Royal College of Surgeons
1903,Solly,Samuel Reynolds,21,Royal Society
1903,Solly,Samuel Reynolds,9,Society of Antiquaries
1903,Solly,Samuel Reynolds,14,"Society for the Encouragement of Arts, Manufactures and Commerce"
1905,Southby,Philip,11,Geological Society
1905,Southby,Philip,34,Zoological Society
1909,Spark,Henry King,235,North of England Institute of Mining and Mechanical Engineers
1909,Spark,Henry King,14,"Society for the Encouragement of Arts, Manufactures and Commerce"
1914,Spence,William,21,Royal Society
1916,Spencer,William Henry,11,Geological Society
1918,Spooner,Edward,39,Royal Horticultural Society of London
1918,Spooner,Edward,26,Royal Asiatic Society
1919,Spottiswoode,William,21,Royal Society
1919,Spottiswoode,William,14,"Society for the Encouragement of Arts, Manufactures and Commerce"
1920,Sprague,T B,153,Institute of Actuaries
1920,Sprague,T B,96,Royal Society of Edinburgh
1920,Sprague,T B,236,Edinburgh Mathematical Society
1922,Spry,Francis R,11,Geological Society
1922,Spry,Francis R,8,Royal Geographical Society
1923,Spurrell,Flaxman,207,Royal College of Physicians Edinburgh
1923,Spurrell,Flaxman,144,Kent Archaeological Society
1923,Spurrell,Flaxman,14,"Society for the Encouragement of Arts, Manufactures and Commerce"
1924,Squier,Ephraim George,101,American Ethnological Society
1924,Squier,Ephraim George,139,Smithsonian Institution
1926,St Clair,George,11,Geological Society
1926,St Clair,George,237,Society for Biblical Archaeology
1926,St Clair,George,238,Society of Authors
1931,St John,Spencer,8,Royal Geographical Society
1936,Stanbridge,William Edward,239,Philosophical Institute of Victoria
1943,Steenstrup,Japetus,11,Geological Society
1946,Stenning,Charles,51,"Royal Society for the Encouragement of Arts, Manufactures and Commerce"
1947,Stepney,William Frederick Cowell,12,Anthropological Society of Paris
1947,Stepney,William Frederick Cowell,11,Geological Society
1952,Stewart,Alexander Patrick,6,Medical and Chirurgical Society of London
1960,Story,William,2,Royal College of Surgeons
1963,Strangford,x,26,Royal Asiatic Society
1972,Sturz,John James,11,Geological Society
1974,Sutherland,Peter Cormac,33,Royal College of Surgeons Edinburgh
1976,Suttor,George,16,Linnean Society of London
1976,Suttor,George,8,Royal Geographical Society
1987,Symonds,J A,21,Royal Society
1987,Symonds,J A,27,Royal College of Physicians
1988,Symonds,William Samuel,11,Geological Society
1989,Tagart,Francis,8,Royal Geographical Society
1991,Tait,Lawson,2,Royal College of Surgeons
1991,Tait,Lawson,6,Medical and Chirurgical Society of London
1992,Tait,Robert,34,Zoological Society
1992,Tait,Robert,14,"Society for the Encouragement of Arts, Manufactures and Commerce"
1993,Talbot de Malahide,James,21,Royal Society
1993,Talbot de Malahide,James,9,Society of Antiquaries
1996,Tate,Alexander Norman,23,Chemical Society
1997,Tate,George,11,Geological Society
1997,Tate,George,17,Society of Antiquaries of Scotland
1999,Tate,Ralph (1),11,Geological Society
2000,Tate,Thomas (1),241,Hastings and St Leonard's Philosophical Society
2001,Tate,Thomas (2),2,Royal College of Surgeons
2001,Tate,Thomas (2),60,Royal Astronomical Society
2004,Tawney,E B,11,Geological Society
2014,Tennant,John,21,Royal Society
2016,Theed,Frederick,2,Royal College of Surgeons
2016,Theed,Frederick,174,British Medical Association
2016,Theed,Frederick,242,Sydenham Society
2016,Theed,Frederick,243,Cambrian Archaeological Society
2017,Theobald,"William, Jun",11,Geological Society
2019,Thirlwall,Connop,15,Royal Society of Literature
2019,Thirlwall,Connop,8,Royal Geographical Society
2019,Thirlwall,Connop,11,Geological Society
2019,Thirlwall,Connop,14,"Society for the Encouragement of Arts, Manufactures and Commerce"
2033,Thomson,John,8,Royal Geographical Society
2036,Thresh,J  T,8,Royal Geographical Society
2037,Thrupp,John,8,Royal Geographical Society
2039,Thurnam,John,9,Society of Antiquaries
2039,Thurnam,John,2,Royal College of Surgeons
2039,Thurnam,John,27,Royal College of Physicians
2039,Thurnam,John,13,Medico Psychological Association
2039,Thurnam,John,12,Anthropological Society of Paris
2040,Tiddeman,Richard Hill,11,Geological Society
2042,Timmins,Samuel,8,Royal Geographical Society
2042,Timmins,Samuel,15,Royal Society of Literature
2046,Tolhurst,John,9,Society of Antiquaries
2046,Tolhurst,John,65,Folklore Society
2050,Tooke,William,244,Society of Arts
2050,Tooke,William,15,Royal Society of Literature
2050,Tooke,William,72,Society for the Diffusion of Useful Knowledge
2050,Tooke,William,21,Royal Society
2050,Tooke,William,14,"Society for the Encouragement of Arts, Manufactures and Commerce"
2057,Travers,William,2,Royal College of Surgeons
2057,Travers,William,27,Royal College of Physicians
2059,Trevelyan,Arthur,7,Somersetshire Archaeological and Natural History Society
2059,Trevelyan,Arthur,14,"Society for the Encouragement of Arts, Manufactures and Commerce"
2065,Tschurowsky,Gregory,54,Societe des Amis de la Nature of Moscow
2067,Tuke,Thomas Harrington,13,Medico Psychological Association
2067,Tuke,Thomas Harrington,207,Royal College of Physicians Edinburgh
2067,Tuke,Thomas Harrington,2,Royal College of Surgeons
2069,Tupper,Arthur Chilver,9,Society of Antiquaries
2069,Tupper,Arthur Chilver,64,British Archaeological Association
2074,Turner,William Wadden,101,American Ethnological Society
2086,Ussher,John,8,Royal Geographical Society
2088,Valpy,J J C,97,Society of Biblical Archaeology
2092,Vaux,William Sandys Wright,9,Society of Antiquaries
2092,Vaux,William Sandys Wright,113,Numismatic Society
2092,Vaux,William Sandys Wright,15,Royal Society of Literature
2092,Vaux,William Sandys Wright,21,Royal Society
2093,Velasco,Gonzalez,53,Sociedad Antropologica Espanola
2094,Vernon,George Venables,189,Royal Academy of Sciences
2094,Vernon,George Venables,245,Meteriological Society Scotland
2094,Vernon,George Venables,246,Meteriological Society of France
2095,Vibraye,Paul,11,Geological Society
2097,Villin,Edouard J,15,Royal Society of Literature
2110,Walford,Cornelius,35,Statistical Society
2110,Walford,Cornelius,14,"Society for the Encouragement of Arts, Manufactures and Commerce"
2113,Walker,Charles Pyndar Beauchamp,8,Royal Geographical Society
2115,Walker,George,2,Royal College of Surgeons
2115,Walker,George,248,Royal Historical and Archaeological Association of Ireland
2116,Walker,James,21,Royal Society
2116,Walker,James,14,"Society for the Encouragement of Arts, Manufactures and Commerce"
2120,Walker,Thomas,16,Linnean Society of London
2121,Wallace,Alfred Russel,21,Royal Society
2121,Wallace,Alfred Russel,16,Linnean Society of London
2121,Wallace,Alfred Russel,8,Royal Geographical Society
2121,Wallace,Alfred Russel,34,Zoological Society
2121,Wallace,Alfred Russel,50,Society for Psychical Research
2121,Wallace,Alfred Russel,74,Entomological Society of London
2125,Walton,J W,64,British Archaeological Association
2125,Walton,J W,8,Royal Geographical Society
2125,Walton,J W,34,Zoological Society
2127,Wanklyn,James Alfred,23,Chemical Society
2132,Ware,Samuel Hibbert,96,Royal Society of Edinburgh
2132,Ware,Samuel Hibbert,249,Society of Scottish Antiquarians
2132,Ware,Samuel Hibbert,250,Philosophical Society of Manchester
2137,Warwick,Richard Archer,27,Royal College of Physicians
2138,Washbourn,Buchanan,27,Royal College of Physicians
2138,Washbourn,Buchanan,35,Statistical Society
2140,Waterhouse,George,34,Zoological Society
2144,Watts,John King,8,Royal Geographical Society
2145,Waugh,Andrew Scott,21,Royal Society
2160,Wetton,Champion,8,Royal Geographical Society
2163,Whishaw,James,9,Society of Antiquaries
2172,Whitfeld,Henry,2,Royal College of Surgeons
2172,Whitfeld,Henry,14,"Society for the Encouragement of Arts, Manufactures and Commerce"
2184,Wilkinson,John Gardner,21,Royal Society
2186,Wilkinson,William Martin,251,Swedenborg Society
2195,Williams,John Wilkins,2,Royal College of Surgeons
2196,Williams,S W D,27,Royal College of Physicians
2196,Williams,S W D,13,Medico Psychological Association
2197,Williams,Thomas,21,Royal Society
2197,Williams,Thomas,16,Linnean Society of London
2204,Wilson,Daniel,252,Royal Society of Canada
2204,Wilson,Daniel,253,Royal Canadian Institute
2204,Wilson,Daniel,17,Society of Antiquaries of Scotland
2207,Wilson,J  Spotswood,11,Geological Society
2207,Wilson,J  Spotswood,8,Royal Geographical Society
2212,Wilson,William Newton,14,"Society for the Encouragement of Arts, Manufactures and Commerce"
2213,Wiltshire,Alfred,27,Royal College of Physicians
2215,Windus,Alfred Tubb,8,Royal Geographical Society
2216,Winthrop,Benjamin Robert,254,New York Historical Society
2216,Winthrop,Benjamin Robert,255,New York Institute for the Deaf and Dumb
2217,Winwood,Henry Hoyte,11,Geological Society
2217,Winwood,Henry Hoyte,154,Bath Royal Literary and Scientific Institution
2217,Winwood,Henry Hoyte,7,Somersetshire Archaeological and Natural History Society
2217,Winwood,Henry Hoyte,256,Bath Natural History Society
2218,Wise,Thomas Alexander,17,Society of Antiquaries of Scotland
2218,Wise,Thomas Alexander,6,Medical and Chirurgical Society of London
2218,Wise,Thomas Alexander,34,Zoological Society
2218,Wise,Thomas Alexander,257,Philomatic Society of Paris
2219,Witt,George,21,Royal Society
2221,Wodderspoon,James,28,Surrey Archaeological Society
2225,Wood,Edward,11,Geological Society
2225,Wood,Edward,213,Leeds Philosophical and Literary Society
2229,Wood,John George,16,Linnean Society of London
2231,Wood,Samuel,9,Society of Antiquaries
2231,Wood,Samuel,113,Numismatic Society
2231,Wood,Samuel,142,Historic Society of Lancashire and Cheshire
2231,Wood,Samuel,64,British Archaeological Association
2234,Woodd,Charles H L,11,Geological Society
2234,Woodd,Charles H L,14,"Society for the Encouragement of Arts, Manufactures and Commerce"
2236,Worrall,Joseph Hardman,258,Bacup Natural History Society
2238,Wrangell,Ferdinand Von,259,Saint Petersburg Academy of Sciences
2238,Wrangell,Ferdinand Von,260,Russian Geographic Society
2239,Wray,William,261,Institution of Mechanical Engineers
2244,Wright,Thomas,9,Society of Antiquaries
2244,Wright,Thomas,98,Institute of France
2245,Wright,William Cort,108,Manchester Literary and Philosophical Society
2245,Wright,William Cort,23,Chemical Society
2252,Yates,W  Holt,27,Royal College of Physicians
2258,Younge,Robert,201,York Philosphical Society
2258,Younge,Robert,16,Linnean Society of London
