"id","family_name","first_names","id:1","location"
1,A Beckett,Arthur William,1,London
3,Adam,Andrew Mercer,3,country
4,Adam,H R,4,Africa
6,Adams,Henry John,1,London
8,Adams,William (2),1,London
11,Adlam,William,3,country
12,Agassiz,Louis,5,America
13,Agathides,Anastasius,1,London
15,Agnew,Joseph,6,Scotland
16,Ainsworth,William Francis Harrison,1,London
17,Airston,William Baird,6,Scotland
18,Aitken,Alexander Muirhead,7,India
18,Aitken,Alexander Muirhead,1,London
19,Aitken,Thomas,6,Scotland
22,Alcock,Rutherford,8,China
22,Alcock,Rutherford,9,Japan
23,Aldam,William,3,country
25,Aley,Frederick W,1,London
26,Allan,J  McGrigor,1,London
27,Allen,S  Stafford,1,London
27,Allen,S  Stafford,10,Egypt
29,Allin,George,3,country
29,Allin,George,1,London
30,Alpe,Charles Hamond,1,London
31,Alston,Crewe,1,London
33,Amhurst,William Amhurst Tyssen,3,country
34,Amner,George,3,country
35,Anderson,Edward C,1,London
36,Anderson,John,3,country
37,Anderson,Joseph,6,Scotland
40,Anketell,Matthew John,1,London
41,Anstey,Thomas Chisholm,11,Hong Kong
41,Anstey,Thomas Chisholm,1,London
42,Antrim,x,12,Ireland
42,Antrim,x,3,country
43,Appleyard,William,3,country
44,Arbuthnot,William,1,London
45,Archer,Frederick Scott,3,country
46,Arden,Richard Edward,3,country
47,Aria,Alexander,1,London
48,Armitage,William,3,country
51,Armstrong,William,1,London
51,Armstrong,William,3,country
52,Arnold,Edward,3,country
53,Arnold,Richard,5,America
54,Arthur,William,12,Ireland
54,Arthur,William,1,London
55,Arundell,Rodolph,1,London
56,Ascher,Isidore,1,London
57,Ash,Charles Frederick,1,London
58,Ashbury,James,1,London
59,Ashbury,John,1,London
60,Ashurst,William Henry,1,London
61,Ashworth,Henry,3,country
62,Aspull,William,1,London
64,Atcherley,John,3,country
65,Atkins,Charles,1,London
66,Atkins,Charles A,3,country
67,Atkinson,E,3,country
68,Atkinson,George,3,country
72,Aubert,Alfred,1,London
73,Auer,Alois,13,Austria
74,Aulton,Arthur Daniel,3,country
78,Babington,Charles Cardale,3,country
79,Babington,William,4,Africa
79,Babington,William,1,London
80,Backhouse,Edward,3,country
81,Backhouse,James (1),3,country
82,Baer,Carl Ernst von,15,Russia
84,Bagehot,Walter ('Badgett'),1,London
85,Bagnall,Charles Henry,3,country
86,Bailey,Charles Stuart,3,country
86,Bailey,Charles Stuart,1,London
87,Bailey,John,16,Ceylon
88,Bailey (2),John,3,country
90,Bain,James,6,Scotland
91,Baines,Thomas,1,London
92,Baker,Benson,1,London
93,Baker,J P,1,London
94,Baker,John,1,London
95,Baker,Samuel C,16,Ceylon
95,Baker,Samuel C,4,Africa
95,Baker,Samuel C,3,country
95,Baker,Samuel C,1,London
96,Baker,William Bailey,17,New Zealand
98,Balfour,George,1,London
100,Bannister,John,3,country
101,Barber,Henry,3,country
102,Baring,Robert,1,London
105,Barlow,Henry Walter,1,London
105,Barlow,Henry Walter,3,country
106,Barnard,Christopher J,4,Africa
107,Barnes,Henry Thorowgood,1,London
108,Barnes,John  Wheeldon,3,country
111,Barr,Joseph Henry,3,country
112,Barr,William Roby,3,country
113,Barrett,Thomas Squire,3,country
114,Barrington,George William,1,London
115,Barter,C M,3,country
116,Bartlett,William Edward,1,London
117,Barton,Alfred,1,London
118,Bartrum,John Stothert,3,country
119,Bastian,Adolf,19,Germany
123,Bateman,Thomas,3,country
124,Bates,Ernest,3,country
126,Battye,William,3,country
127,Baverstock,Edwin Henry,1,London
128,Baxter,James Bainbridge,1,London
129,Baylis,Thomas Henry,1,London
130,Beal,Samuel,3,country
131,Beale,John S,1,London
132,Beale,Lionel John,1,London
133,Beard,Frank Carr,1,London
134,Beardsley,Amos,3,country
136,Beattie,William,1,London
138,Beaumont,Richard,3,country
139,Beavan,Hugh J C,1,London
140,Beavan,R C,7,India
142,Becquet,Alfred,20,Belgium
144,Beechey,x,1,London
145,Beigel,Hermann,1,London
145,Beigel,Hermann,13,Austria
150,Bell,C W  Bowdler,7,India
151,Bell,James,1,London
152,Bell (2),John,1,London
154,Bell,William Abraham,1,London
155,Bellamy,Edward,1,London
156,Bellew,Henry Walter,7,India
157,Belliss,William Painter,1,London
160,Bendir,Adolph,1,London
161,Bendyshe,Thomas,1,London
161,Bendyshe,Thomas,3,country
163,Bennett,Charles,1,London
165,Bennett,John,1,London
166,Bennett,Thomas John Wesley,1,London
167,Benson,W F G,3,country
168,Benson,William Ralph,7,India
170,Bernasconi,Bartholomew,3,country
170,Bernasconi,Bartholomew,1,London
171,Bertram,George,6,Scotland
172,Bertrand,Camille,21,France
173,Best,x,3,country
176,Biddles,John Henry,1,London
178,Bilderbeck,John,7,India
180,Bilharz,Theodor,10,Egypt
181,Bingham,Henry Corles,3,country
185,Bischoff,James,1,London
187,Black,Andrew,6,Scotland
190,Blackmore,William,3,country
190,Blackmore,William,1,London
191,Blackstone,Alan Cornwall,1,London
194,Blakely,T A,1,London
195,Blanc,Henry Jules,21,France
195,Blanc,Henry Jules,1,London
196,Blanchard,Sydney L,1,London
197,Bledsoe,Albert Taylor,1,London
197,Bledsoe,Albert Taylor,5,America
198,Blellock,David,1,London
199,Blount,John Hillier,3,country
199,Blount,John Hillier,7,India
200,Blyth,Frederick Edmund,1,London
201,Boase,Henry S,6,Scotland
203,Bogdanoff,Anatoly Petrovich,15,Russia
204,Bogg,Edward B,22,Canada
205,Bohn,Henry George,1,London
206,Boileau,John Peter,1,London
207,Bolding,Henry James,18,Australia
208,Bollaert,Charles W,23,Argentina
209,Bollaert,William,1,London
210,Bonaparte,Louis Lucien,21,France
210,Bonaparte,Louis Lucien,1,London
211,Bonavia,E,1,London
212,Bonavia,George,1,London
213,Bond,Charles Radcliffe,1,London
214,Bond,Walter M,12,Ireland
215,Bonham,George,1,London
216,Bonnerjee,W C,1,London
217,Bonney,T  George,3,country
218,Bonsdorff,Evert Julius,24,Finland
219,Bonsor,James,1,London
220,Bonwick,James,1,London
220,Bonwick,James,18,Australia
221,Booth,Charles,1,London
221,Booth,Charles,3,country
223,Borthwick,Cunningham,1,London
224,Bosworth,Joseph,3,country
225,Botfield,Beriah,1,London
226,Boucher de Crevecoeur de Perthes,x,21,France
227,Boudin,x,21,France
228,Boulton,George,1,London
229,Bourbourg,Brasseur de,21,France
231,Bourjeaurd,Philip,1,London
232,Bouverie-Pusey,Sydney Edward Bouverie,1,London
232,Bouverie-Pusey,Sydney Edward Bouverie,3,country
236,Bowman,Thomas William,3,country
237,Bowring,John,3,country
238,Bowyer,William Henry Wentworth,1,London
241,Boyce,William Binnington,1,London
242,Boys,Jacob,3,country
243,Brabrook,Edward William,1,London
244,Braby,Frederick,1,London
245,Bracebridge,Charles Holt,1,London
246,Braddell,Thomas,26,Singapore
249,Brady,Antonio,3,country
251,Brady,P A,3,country
252,Bragge,William,3,country
253,Braggiotti,George M,5,America
255,Brainsford,Charles,3,country
256,Brankstone,Thomas,1,London
257,Breach,Frank William,27,Mexico
258,Brebner,A C,1,London
259,Brebner,James,6,Scotland
260,Brent,William Brent,1,London
260,Brent,William Brent,21,France
261,Brett,Charles,1,London
262,Breuneis,D J,1,London
263,Brickwood,J S,3,country
265,Briggs,John,1,London
266,Brine,Lindsay,1,London
267,Brinton,John,3,country
270,Brodhurst,Bernard Edward,1,London
272,Brodie,David,6,Scotland
274,Brodie,P B,3,country
275,Brome,Frederick,28,Gibraltar
277,Brooke,James,3,country
278,Brookes,Henry (1),1,London
279,Brookes,Henry (2),1,London
280,Brookes,William,18,Australia
281,Brougham,x,1,London
282,Brown,Charles Cornish,3,country
283,Brown,Edward,1,London
284,Brown,Edwin,3,country
285,Brown,Edwin Ormond,1,London
286,Brown,George W  (1),18,Australia
287,Brown,James Roberts,1,London
288,Brown,John,18,Australia
289,Brown,John Allen,1,London
290,Brown,John Harcourt,1,London
292,Browne,J  Cave,7,India
293,Browne,Thomas Henry,3,country
294,Bruce,Robert,6,Scotland
295,Brucke,Ernst Wilhelm Ritter von,13,Austria
297,Bryant,George,1,London
298,Buchannan,Walter,6,Scotland
298,Buchannan,Walter,1,London
299,Buchner,Ludwig,19,Germany
300,Buckingham,James Silk,3,country
301,Buckley,W E,3,country
302,Buckman,James,3,country
303,Bull,William,1,London
304,Buller,James Wentworth,1,London
305,Bunkell,Henry Christopher,1,London
306,Bunsen,x,29,Prussia
308,Burden,Henry,12,Ireland
309,Burdett,Daniel Earl,22,Canada
310,Burgholzhausen,August Friedrich Marschall von,13,Austria
312,Burke,John Smith,1,London
313,Burke,Luke,1,London
314,Burmeister,Hermann,23,Argentina
316,Burton,Samuel,3,country
317,Buschmann,Johann Karl Eduard,19,Germany
318,Busk,George,1,London
319,Busteed,William John,7,India
319,Busteed,William John,1,London
320,Butler,Henry,1,London
321,Butler,James,1,London
322,Buxton,Charles,1,London
323,Byerley,Isaac,3,country
324,Byham,George,1,London
326,Byrne,John O'Connell,1,London
328,Cabbell,Benjamin Bond,1,London
330,Callaway,Henry,4,Africa
331,Callaway,Thomas,4,Africa
332,Calman,John,4,Africa
333,Calori,Luigi,30,Italy
334,Calvert,Frank,31,Turkey
335,Calvert,George,4,Africa
336,Cameron,Charles Duncan,32,Ethiopia
337,Campbell,Archibald,1,London
338,Campbell,Francis,18,Australia
339,Campbell,George (1),1,London
339,Campbell,George (1),7,India
341,Campbell,Henry,6,Scotland
343,Campbell,James,1,London
343,Campbell,James,33,Thailand
345,Campbell,Montgomery,1,London
345,Campbell,Montgomery,3,country
345,Campbell,Montgomery,21,France
346,Campbell,Robert,4,Africa
347,Campbell,T A,18,Australia
348,Campbell,Walter,12,Ireland
348,Campbell,Walter,1,London
349,Campin,Francis,1,London
350,Camps,William,3,country
350,Camps,William,1,London
351,Cannon,Thomas,1,London
352,Caplin,Jean-Francois,1,London
353,Capper,Charles,1,London
354,Cardi,Charles Napoleon de,4,Africa
355,Carey,William D,3,country
355,Carey,William D,28,Gibraltar
355,Carey,William D,12,Ireland
355,Carey,William D,16,Ceylon
356,Carlill,John Burford,1,London
358,Carpenter,Frederick Stanley,3,country
358,Carpenter,Frederick Stanley,1,London
358,Carpenter,Frederick Stanley,12,Ireland
359,Carrington,Robert,1,London
361,Carter,George,3,country
362,Cartwright,Samuel,1,London
363,Carulla,Facundo,23,Argentina
363,Carulla,Facundo,3,country
364,Carus,Carl Gustav,19,Germany
365,Cassell,John,1,London
367,Castelnau,FranÃ§ois Louis Nompar de Caumont La Force,21,France
368,Castle,Henry James,1,London
369,Castro,Daniel de,1,London
370,Catlin,George,5,America
370,Catlin,George,20,Belgium
372,Cavafy,John,1,London
372,Cavafy,John,3,country
373,Cavendish,Richard,3,country
374,Cerda,"Antonio de La, jun",14,Brazil
375,Chadwick,Edwin,1,London
376,Chadwick,Hugo Mavesyn,3,country
377,Challis,John Henry,1,London
378,Chamberlin,William,3,country
379,Chambers,Charles Harcourt,1,London
379,Chambers,Charles Harcourt,3,country
381,Chambers,William,25,Wales
382,Champley,James,3,country
383,Chance,Frank,3,country
383,Chance,Frank,1,London
384,Charles,David,25,Wales
385,Charlesworth,Edward,1,London
386,Charlton,Henry,3,country
387,Charlton,William,3,country
389,Chatfield,Frederick,1,London
390,Cheetham,Samuel,3,country
390,Cheetham,Samuel,4,Africa
391,Chesson,F W,1,London
392,Chignell,Hendrick Agnis,3,country
393,Child,William Dinsdale,1,London
394,Childers,Robert Caesar,3,country
396,Chinnery,Samuel,1,London
396,Chinnery,Samuel,21,France
397,Chipperfield,William Nathan,7,India
398,Chittenden,P H,1,London
399,Cholmondeley,T J,3,country
403,Christy,Henry,1,London
405,Churcher,James Graham,1,London
406,Clare,Henry,3,country
407,Clarendon,x,1,London
409,Clark,Henry,3,country
410,Clark,James,1,London
412,Clarke,Henry Wilberforce,3,country
413,Clarke,Hyde,1,London
414,Clarke,John,34,Jamaica
415,Clarke,Robert,1,London
416,Claus,William Henry,4,Africa
417,Clavering,William Aloysius,1,London
418,Clay,T H  Jun,35,Nicaragua
419,Clay,William,1,London
420,Cleghorn,John (1),1,London
421,Cleghorn,John (2),6,Scotland
422,Cleland,John,6,Scotland
423,Clement,William James,3,country
425,Clerk,H,1,London
425,Clerk,H,3,country
426,Clifford,Maurice Philip,1,London
430,Coates,F W,3,country
430,Coates,F W,1,London
431,Coates,Henry,1,London
434,Cock,Frederick,1,London
435,Cock,John jun,3,country
436,Cockings,W  Spencer,1,London
437,Coke,James,6,Scotland
438,Colam,John,1,London
439,Colchester,W P,3,country
440,Cole,Henry,1,London
442,Cole,Richard Beverley,5,America
443,Cole,Vicat,3,country
443,Cole,Vicat,1,London
444,Colebrooke,Thomas Edward,1,London
445,Coleman,Edmund Walter,3,country
446,Coleman,John Sherrard,1,London
449,Collier,John Payne,3,country
450,Collings,Thomas,1,London
452,Collingwood,John Frederick,1,London
453,Collingwood,S  Edwin,3,country
454,Collins,W W,1,London
455,Collinson,John (1),1,London
457,Colonsay,x,6,Scotland
458,Congreve,John,1,London
459,Conolly,John,1,London
460,Conway,Moncure Daniel,1,London
461,Cooke,Samuel John,1,London
462,Cooke,William Fothergill,1,London
462,Cooke,William Fothergill,3,country
463,Cookesley,William Gifford,1,London
464,Cooper,Daniel,1,London
465,Cooper,Frederick,1,London
466,Coote,Holmes,1,London
467,Copeland,George Ford,3,country
469,Copings,Thomas,1,London
470,Copperthwaite,William C,3,country
471,Cornthwaite,Tullie,3,country
472,Cory,William,1,London
473,Cosens,Frederick William,1,London
474,Cossham,Handel,3,country
475,Cotton,F L,1,London
477,Courtauld,Samuel,3,country
477,Courtauld,Samuel,1,London
478,Courthope,F G,1,London
479,Cowell,J  Jermyn,1,London
480,Cowen,Joseph jun,3,country
481,Cowper,Henry Augustus,36,West Indies
481,Cowper,Henry Augustus,1,London
482,Cox,Irwin Edward Bainbridge,1,London
483,Cox,J W  Conrad,1,London
484,Cox,W T,3,country
485,Coxe,James,6,Scotland
486,Crafter,Arthur Edmund,3,country
487,Crassweller,Henry Valentine,1,London
488,Craster,Thomas William,3,country
489,Craston,Tom junr,1,London
489,Craston,Tom junr,4,Africa
491,Crawfurd,Frederick A B,1,London
492,Crawfurd,John,1,London
493,Crawfurd,Oswald John,37,Portugal
496,Crichton,W J,1,London
498,Critchett,George,1,London
500,Croker,Thomas Francis Dillon,1,London
501,Crolly,J M,3,country
502,Cross,A G,8,China
503,Crowley,Henry,3,country
504,Crowley,Jonathan Sparrow,1,London
505,Croxford,George Rayner,3,country
506,Cuffe,Moore A,3,country
507,Cull,Richard,1,London
509,Cuming,Henry Syer,1,London
510,Cunliffe,Richard S,6,Scotland
511,Cunningham,Alexander,1,London
511,Cunningham,Alexander,7,India
512,Cursetjee,Manockjee,7,India
512,Cursetjee,Manockjee,1,London
513,Curteis,Edward Barrett Hodges,3,country
514,Cuthbert,John,1,London
515,Cuthbert,John Richmond,3,country
516,Cutler,George,3,country
517,D'Almeida,William Barrington,3,country
518,D'Avezac,Marie-Armand de Castera-Macaya,21,France
519,D'Omalius d'Halloy,Jean Baptiste Julien,20,Belgium
520,Da Costa,S J,1,London
521,Daa,x,38,Norway
523,Dale,David,3,country
524,Dall,G P,3,country
525,Dally,Eugene,21,France
527,Daniell,G  Wythes,1,London
529,Daniell,William Freeman,4,Africa
531,Darbishire,Robert Dukinfield,3,country
532,Darby,Frederick Whittock,1,London
533,Dareste,Camille,21,France
535,Dartnell,George Russell,3,country
536,Darwin,Charles,3,country
537,Darwin,Erasmus (Ras),1,London
539,Dashwood,Arthur,25,Wales
540,Davenport,Samuel,18,Australia
541,Davey,John George,3,country
542,Davidson,John,6,Scotland
543,Davie,I,1,London
544,Davies,F  Drummond,1,London
545,Davies,Jesse Conway,25,Wales
546,Davies,William,3,country
547,Davis,Edmund Francis,1,London
548,Davis,Frederick E,1,London
553,Daw,George Henry,3,country
554,Dawkins,William Boyd,3,country
555,Dawson,George,3,country
556,Dawson,Walter F,1,London
558,Day,Samuel Phillips,1,London
559,De Horne,John junr,1,London
560,Delepierre,Octave,20,Belgium
561,Dendy,Walter Cooper,1,London
565,Dennis,George,39,Libya
566,Derby (formerly Stanley),x,1,London
567,Des Barres,M,22,Canada
568,Desnoyers,Jules,21,France
569,Devis,Charles William,3,country
570,Devonshire,x,1,London
572,Dibley,George,1,London
573,Dickinson,John jun,1,London
574,Dickinson,John Jun,1,London
575,Dickman,Henry,16,Ceylon
576,Dickson,Charles Sheffield,3,country
577,Dickson,Peter,1,London
580,Diezmann,x,35,Nicaragua
581,Dilke,Charles Wentworth,1,London
582,Dingle,John,3,country
582,Dingle,John,1,London
584,Distin,Henry,1,London
586,Dobson,Thomas J,3,country
587,Dohne,Jacob Ludwig,40,South Africa
588,Donald,William,1,London
589,Donaldson,John,6,Scotland
591,Donovan,Cornelius,1,London
592,Dorn,Bernard,15,Russia
593,Dowie,James,1,London
594,Down,John Langdon H,3,country
596,Downing,Alexander,35,Nicaragua
597,Downing,Arthur Edward,7,India
598,Downing,Washington,1,London
600,Doyle,James T J,7,India
602,Drakeford,D I,3,country
603,Draper,James F,3,country
604,Dressler,Gustavus,19,Germany
605,Drew,Robert A,3,country
606,Driver,H,3,country
607,Drummond,John,3,country
608,Du Chaillu,Paul Belloni,1,London
609,Du Val,C A,3,country
610,Duben,Gustaf Von,41,Sweden
611,Dublin,x,12,Ireland
612,Duckworth,Frederick,7,India
613,Duckworth,Henry,3,country
615,Duckworth,William,1,London
616,Dudgeon,R E,1,London
617,Dudley,Reginald R,3,country
618,Duggan,J R,1,London
618,Duggan,J R,4,Africa
619,Duggan,W N,6,Scotland
620,Duhousset,Emile,21,France
621,Dumas,Conrad C,1,London
622,Dumon,x,20,Belgium
623,Duncan,Alexander,12,Ireland
624,Duncan,David,7,India
624,Duncan,David,6,Scotland
625,Duncan,Francis,3,country
626,Duncan,Peter Martin,1,London
628,Dunkin,Alfred John,1,London
628,Dunkin,Alfred John,3,country
629,Dunlop,Alexander Milne,3,country
630,Dunlop,R H W,6,Scotland
630,Dunlop,R H W,1,London
630,Dunlop,R H W,7,India
631,Dunn,Robert,1,London
632,Dunraven & Mountearl,x,1,London
635,Dyce,Robert,6,Scotland
637,Eadie,Robert,3,country
638,Earl,George Windsor,42,Malaysia
639,Eassie,William,1,London
639,Eassie,William,3,country
640,Eastwood,Joseph William,3,country
641,Ecker,Alexander,43,Switzerland
641,Ecker,Alexander,19,Germany
642,Eckhard,Conrad,19,Germany
643,Eddy,Casper W,1,London
644,Edmonston,Thomas,6,Scotland
645,Edwards,J  Passmore,1,London
646,Edwards,John,1,London
647,Edwards-Schneegans,William,1,London
651,Egypt,x,10,Egypt
652,Elder,John,3,country
653,Eliot,x,1,London
654,Ellerton,John,3,country
655,Elliot,Walter,6,Scotland
657,Ellis,C H  Fairfax,3,country
658,Ellis,James,3,country
659,Elmes,Jonathan W,4,Africa
660,Elphinstone,John,3,country
661,Elphinstone,Mountstuart,6,Scotland
661,Elphinstone,Mountstuart,7,India
662,Emanuel,Joel,1,London
663,Epstein,Jacob,1,London
665,Erlanger,Victor,19,Germany
666,Erle,William,1,London
666,Erle,William,3,country
667,Ernst,Adolf,44,Venezuela
669,Euclide,x,45,Cyprus
670,Euing,William,6,Scotland
671,Evans,Edward Bickerton,3,country
672,Evans,John,3,country
674,Evanson,Richard Tonson,3,country
676,Ewart,William,1,London
677,Ewen,Arthur B,3,country
678,Eyre,Edward John,34,Jamaica
678,Eyre,Edward John,3,country
679,Fairbairn,William,3,country
681,Fairbank,R W,3,country
682,Farmer,Edmund,1,London
683,Farquharson,x,3,country
684,Farrar,Adam Storey,3,country
687,Faught,J G,1,London
689,Fearon,Frederick,1,London
689,Fearon,Frederick,3,country
691,Fedschenko,Alexis,15,Russia
692,Fenwick,George Edgeworth,22,Canada
693,Ferguson,William,3,country
694,Fergusson,John,1,London
695,Ferny,Leopold,46,Puerto Rico
696,Fiddes,Alexander,34,Jamaica
698,Firby,Edwin Foxton,3,country
699,Firebrace,Frederick,7,India
700,Firm,James,47,Israel
701,Fischer,James (1),7,India
702,Fischer,Robert,7,India
703,Fishbourne,Edward Gardiner,1,London
704,Fisher,Anthony Lax,1,London
706,Fisher,Morton Coates,1,London
707,Fitzroy,Robert,1,London
708,Fitzwilliam,F H,3,country
709,Fitzwilliam,William S,1,London
710,Fleming,George,3,country
710,Fleming,George,1,London
714,Fleuriot de Langle,Alphonse de,21,France
715,Flight,Walter,3,country
716,Flower,John Wickham,3,country
717,Folhurst,John,1,London
718,Folsom,George,5,America
720,Forbes,David,1,London
721,Forbes,Duncan W,3,country
722,Forester,W,12,Ireland
723,Forrester,Joseph James,1,London
724,Fort,Richard,1,London
724,Fort,Richard,3,country
725,Forteath,G A,6,Scotland
728,Foster,Balthazar Walter,3,country
729,Foster,M,3,country
730,Fowler,Robert Nicholas,1,London
732,Fox,Charles Henry,3,country
733,Francklyne,William Henry,7,India
734,Franks,Augustus Wollaston,1,London
735,Fraser,Alexander Adolphus,1,London
736,Fraser,Alexander Colvin,3,country
738,Fraser,Thomas,17,New Zealand
738,Fraser,Thomas,1,London
739,Freeman,Henry Stanhope,1,London
740,Freme,x,1,London
741,French,Sydney,1,London
742,Freuler,H  Albert,3,country
743,Freund,William,19,Germany
744,Friend,John,1,London
745,Fritsch,Anton,48,Austria Hungary
746,Fry,Danby Palmer,1,London
747,Fuller,Stephen D,1,London
749,Furnell,Michael Cudmore,7,India
750,Fytche,Albert,49,Burmah
750,Fytche,Albert,1,London
751,Gaddi,Paolo,30,Italy
752,Gage,Richard M,1,London
752,Gage,Richard M,5,America
754,Galton,Douglas,1,London
755,Galton,Francis,1,London
756,Garbiglietti,Antonio,30,Italy
757,Garden,Felix,3,country
758,Gardiner,John,1,London
759,Gardner,C T,1,London
759,Gardner,C T,8,China
760,Gardner,Charles Henry,1,London
761,Gardner,E V,3,country
761,Gardner,E V,1,London
762,Gardner,Peter,1,London
764,Garrett,William H,1,London
765,Gascoyne,Thomas B,1,London
766,Gassiot,John Peter,1,London
767,Gatty,Charles Henry,3,country
768,Gaus,J,4,Africa
769,Gawler,x,18,Australia
770,Gay,David,1,London
771,Genthe,Alex  Nidda,1,London
771,Genthe,Alex  Nidda,19,Germany
772,Georgei,x,1,London
773,Gervais,Paul,21,France
774,Gibb,George Duncan,1,London
774,Gibb,George Duncan,6,Scotland
775,Gibson,Craig,3,country
776,Gibson,George Stacey,3,country
778,Giglioli,Enrico Hillyer,30,Italy
778,Giglioli,Enrico Hillyer,9,Japan
779,Gill,Joseph,4,Africa
780,Gillespie,William,6,Scotland
782,Gilmour,Andrew,6,Scotland
783,Giraldes,x,21,France
784,Glass,James William,1,London
786,Glaucopides,Spyridon,1,London
788,Glennie,J  S  Stuart,1,London
789,Glover,John Hawley,4,Africa
790,Glyn,George Grenfell,1,London
791,Goadby,Edwin,3,country
792,Gobineau,x,50,Greece
792,Gobineau,x,14,Brazil
793,Goddard,William,3,country
794,Godrich,Thomas,1,London
795,Goldsmid,Augustus,1,London
798,Gooch,Thomas,1,London
799,Gooch,William,3,country
800,Goodman,Charles Rowland,3,country
801,Gordon,Arthur Gordon,4,Africa
801,Gordon,Arthur Gordon,3,country
802,Gore,Richard Thomas,3,country
803,Gosse,A L  (pere),43,Switzerland
804,Gosse,Hippolyte-Jean,43,Switzerland
805,Gould,John,18,Australia
806,Gover,Charles Edward,7,India
807,Gowans,James,6,Scotland
808,Goyder,D G,3,country
812,Gratiolet,Pierre,21,France
813,Grattan,John,12,Ireland
814,Graves,Ryves William,3,country
815,Grayling,John,3,country
816,Green,Frederick,1,London
817,Green,Frederick King,3,country
818,Green,George Courthope,25,Wales
819,Green,Sidney Faithhorn,3,country
823,Greenway,Henry,3,country
824,Greenwell,William,3,country
825,Greey,Edward,1,London
826,Greg,William Rathbone,1,London
827,Gregg,Alexander,1,London
827,Gregg,Alexander,5,America
828,Gregor,Walter,6,Scotland
829,Gregory,J R,1,London
830,Grey,Charles Edward,3,country
831,Grey,George,17,New Zealand
831,Grey,George,3,country
832,Grey,Henry Rowland Ellison,8,China
832,Grey,Henry Rowland Ellison,3,country
833,Gribble,x,3,country
833,Gribble,x,28,Gibraltar
834,Gridley,H G,1,London
835,Griffin,Frederick,1,London
836,Griffin,Lepel,1,London
838,Griffith,Richard Trygarn,25,Wales
838,Griffith,Richard Trygarn,1,London
839,Griffiths,Francis,3,country
842,Griffits,James Oliff,1,London
846,Groves,Charles,3,country
847,Groves,Joseph Tatton Russell,1,London
849,Guise,William Vernon,3,country
850,Gunn,John,3,country
851,Guppy,Henry Francis Jeune,51,Trinidad
852,Guppy,Samuel,3,country
852,Guppy,Samuel,1,London
853,Gurney,John Henry,1,London
853,Gurney,John Henry,3,country
855,Guthrie,Alexander,1,London
856,Guthrie,James,1,London
856,Guthrie,James,6,Scotland
857,Haast,Johann Franz ('Julius'),17,New Zealand
858,Hahn,Johann Georg,50,Greece
863,Hallier,Ernst,19,Germany
864,Hamilton,Alexander C,52,Bermuda
864,Hamilton,Alexander C,3,country
864,Hamilton,Alexander C,1,London
865,Hamilton,Archibald,3,country
867,Hamilton,Rowland,7,India
867,Hamilton,Rowland,1,London
868,Hammond,C D,1,London
869,Hammond,William Alexander,5,America
870,Hance,Henry Fletcher,8,China
871,Hancock,H J B,3,country
872,Handyside,James Ronaldson,15,Russia
874,Hanson,Richard Davis,1,London
874,Hanson,Richard Davis,18,Australia
875,Harbour,Edward B,8,China
876,Harcourt,Clarence,1,London
878,Harding,Charles,1,London
879,Harding,William,1,London
880,Hardman,William,1,London
881,Harland,Charles J,3,country
882,Harland,Henry,3,country
883,Harle,C E,1,London
884,Harlin,Thomas,3,country
885,Harper,J A W,1,London
886,Harraden,Samuel,1,London
888,Harris,Arthur B,3,country
890,Harris,James Penn,3,country
893,Harrison,Charles (1),1,London
894,Harrison,William G S,1,London
895,Harrison,William Henry,1,London
896,Harriss,Alfred Edmund,7,India
897,Hart,Ernest Abraham,1,London
898,Harvey,John,1,London
899,Harvey,John E,53,Borneo
899,Harvey,John E,1,London
900,Haserick,Frederick Augustus,3,country
900,Haserick,Frederick Augustus,19,Germany
901,Hastie,James,3,country
903,Haughton,Richard,3,country
904,Haven,Samuel Foster,5,America
905,Hawkins,George,1,London
907,Hawkins,Walter,1,London
908,Hay,John,1,London
909,Hay,W E,1,London
910,Hayden,Ferdinand Vandeveer,5,America
912,Hayle,Thomas,3,country
912,Hayle,Thomas,34,Jamaica
913,Haynes,R W,1,London
914,Hayward,William Stephens,3,country
916,Healey,Edward Charles,3,country
917,Heath,Dunbar Isidore,3,country
917,Heath,Dunbar Isidore,1,London
918,Heath,G J D,7,India
919,Heaton,John,3,country
920,Hector,Alexander,54,Iraq
920,Hector,Alexander,1,London
923,Helsby,W G,3,country
924,Henderson,Alexander,55,Belize
925,Henderson,David Mitchell,6,Scotland
925,Henderson,David Mitchell,4,Africa
925,Henderson,David Mitchell,49,Burmah
926,Henderson,P,4,Africa
926,Henderson,P,1,London
927,Henderson,Robert,3,country
928,Henriques,Alfred Gutteres,1,London
929,Henry,Joseph,5,America
930,Henry,M H,5,America
931,Hepburn,James,5,America
932,Hepburn,Robert,1,London
933,Hepworth,John Mason,3,country
934,Hertz,Henry A,1,London
935,Herz,Maximilian,13,Austria
935,Herz,Maximilian,56,Hungary
936,Heslop,Matthew,3,country
937,Heslop,T P,3,country
938,Hewitt,B,7,India
939,Hewitt,Jonas B,1,London
940,Hewlett,Alfred,3,country
941,Heywood,James,1,London
942,Higgin,James,3,country
943,Higgins,Alfred,1,London
945,Hildebrand,x,41,Sweden
947,Hill,Dallas,7,India
948,Hill,George,3,country
949,Hill,L  Doake,7,India
951,Hilliard,R  Harvey,1,London
951,Hilliard,R  Harvey,4,Africa
952,Hillier,J,3,country
953,Hincks,x,22,Canada
955,Hinde,Benjamin,12,Ireland
956,Hindmarsh,Frederick,3,country
956,Hindmarsh,Frederick,1,London
957,Hine,George T,18,Australia
959,His,Wilhelm,19,Germany
959,His,Wilhelm,43,Switzerland
960,Hitchman,x,3,country
961,Hitchman,W,3,country
963,Hobbs,W G E,3,country
964,Hobler,F H,1,London
965,Hochstetter,von,13,Austria
966,Hodge,Thomas,6,Scotland
967,Hodgkin,Thomas (1),1,London
968,Hodgson,Brian Houghton,3,country
968,Hodgson,Brian Houghton,7,India
969,Hodgson,Kirkman Daniel,1,London
969,Hodgson,Kirkman Daniel,3,country
970,"Hoeven, Van der",x,57,Holland
971,Hoffman,Carl Alphonse,1,London
974,Holgate,Jennings,3,country
975,Holland,James,1,London
976,Hollond,Robert,3,country
977,Holmberg,x,24,Finland
979,Holmes,William,1,London
980,Hon,H  le,20,Belgium
981,Hood,T H,6,Scotland
982,Hooker,Joseph,1,London
984,Hope,Frederick William,3,country
985,Hope,James,7,India
986,Hopkins,John Baker,1,London
987,Horton,W J S,3,country
988,Hotten,John Camden,1,London
989,Hotze,Henry,1,London
990,Houghton,x,1,London
991,Houghton,Alfred Robert,53,Borneo
992,Houghton,Edward Price,53,Borneo
994,Hovenden,Frederick,1,London
995,How,Alfred,1,London
996,Howard,C F,1,London
997,Howard,W T,1,London
999,Howell,Oswald Bloomfield,1,London
1000,Howorth,Henry Hoyle,3,country
1000,Howorth,Henry Hoyle,1,London
1001,Hoyland,Charles William,31,Turkey
1003,Hudson,F,3,country
1004,Hudson,Henry,12,Ireland
1005,Hudson,Robinson,3,country
1006,Hughes,Richard,3,country
1008,Hughes,Thomas McKenny,1,London
1009,Hulcee,Hamilton J,5,America
1010,Humble,Thomas,3,country
1011,"Humboldt, Von",Alexander,19,Germany
1012,Hunt,Augustus H,3,country
1013,Hunt,George S  Lennon,14,Brazil
1014,Hunt,James,3,country
1014,Hunt,James,1,London
1015,Hunt,John (1),3,country
1016,Hunt,John (2),1,London
1017,Hunter,William Wilson,7,India
1017,Hunter,William Wilson,3,country
1017,Hunter,William Wilson,19,Germany
1018,Husband,Frank J,1,London
1019,Husband,H A,3,country
1020,Hutchinson,G A,1,London
1021,Hutchinson,Jonathan,1,London
1024,Huxley,Thomas Henry,1,London
1025,Hyrtl,Josef,13,Austria
1026,Hyslop,Walter,1,London
1027,Imrie,William,1,London
1028,Ince,Joseph,1,London
1029,Ingham,Robert,1,London
1030,Inglis,John,17,New Zealand
1031,Inman,Robert M,3,country
1033,Ioannides,A,1,London
1033,Ioannides,A,10,Egypt
1034,Ionides,Arthur Constantine,50,Greece
1036,Ireland,J  Clayfield,3,country
1039,Ivey,George James,4,Africa
1040,Izard,Frederick R,1,London
1042,Jackson,Henry (the father),3,country
1043,Jackson,Henry (the son),3,country
1044,Jackson,Henry Willan,1,London
1045,Jackson,Henry William (1),1,London
1046,Jackson,J  Hughlings,1,London
1047,Jackson,J W,6,Scotland
1047,Jackson,J W,1,London
1049,Jacob,Le Grand,3,country
1051,James,George Alexander,3,country
1052,James,Horatio Gay,11,Hong Kong
1054,Janson,F H,3,country
1055,Jardine,William,6,Scotland
1056,Jarratt,John,3,country
1057,Jeffcott,John Moore,3,country
1058,Jeffery,Frederick John,3,country
1059,Jeffery,William S,1,London
1060,Jeffries,Edmund,16,Ceylon
1061,Jellicoe,Charles,1,London
1062,Jennings,Newton Edward,1,London
1063,Jennings,William,1,London
1063,Jennings,William,11,Hong Kong
1064,Jenyns LATER Blomefield,Leonard,3,country
1065,Jepson,William,3,country
1066,Jervise,C,1,London
1067,Jessop,Henry Edward,3,country
1068,Jessopp,Augustus,3,country
1070,Joad,George Curling,3,country
1072,Johnson,Arthur,3,country
1073,Johnson,Henry,1,London
1074,Johnson,Henry James,1,London
1075,Johnson,Henry Moreton,1,London
1076,Johnson,Richard,3,country
1077,Johnstone,J C  Hope,1,London
1078,Johore,x,26,Singapore
1078,Johore,x,1,London
1080,Jones,C  Treasure,8,China
1081,Jones,J  Pryce,3,country
1082,Jones,James,8,China
1084,Jones,Robert,1,London
1085,Jones,W T,1,London
1087,Jones,William Arthur,3,country
1088,Jordan,William,1,London
1089,Joy,Algernon,3,country
1090,Juch,Ernst,1,London
1091,Jugo,Francisco Delgado,59,Spain
1092,Jukes,J  Beete,3,country
1095,Kalmus,x,13,Austria
1096,Kasimates,G,50,Greece
1097,Kaup,x,19,Germany
1098,Kaye,J W  (1),3,country
1099,Kaye,J W  (2),3,country
1099,Kaye,J W  (2),1,London
1100,Keene,William,18,Australia
1102,Kelly,William,21,France
1103,Kemm,William Henry,3,country
1104,Kendall,T M,3,country
1105,Kennedy,James (1),1,London
1106,Kennedy,Richard Hartley,1,London
1107,Ker,Claude Buchanan,3,country
1108,Kernahan,James,1,London
1109,Kesteven,W B,1,London
1110,Khanikof,Nicolai de,21,France
1111,Killick,Joshua Edward,1,London
1112,Kincaid,William,7,India
1113,King,David,3,country
1114,King,Edwin Holborow,1,London
1117,King,Richard,1,London
1118,King,S W,3,country
1119,King,William,12,Ireland
1120,Kingsford,Phillip,1,London
1121,Kingsley,Charles,3,country
1122,Kinlay,W R H,6,Scotland
1123,Kinloch,David,4,Africa
1125,Kirkwood,Robert Reid,4,Africa
1125,Kirkwood,Robert Reid,6,Scotland
1127,Kirwan,Richard,3,country
1128,Kisch,Samuel,3,country
1131,Knox,Robert,6,Scotland
1134,Koninck,de,20,Belgium
1135,Kopernicki,Isidor,60,Romania
1135,Kopernicki,Isidor,61,Poland
1135,Kopernicki,Isidor,31,Turkey
1136,Koren,x,38,Norway
1137,Kough,Samuel Harley,3,country
1138,Kremer,Alfred von,19,Germany
1139,La Barte,William White,3,country
1141,Lade,George,1,London
1143,Laing,Samuel,3,country
1143,Laing,Samuel,1,London
1143,Laing,Samuel,6,Scotland
1144,Laing,Thomas Josiah,1,London
1145,Lampray,Thomas,1,London
1147,Lamprey,Jones,3,country
1148,Lancaster,John,3,country
1148,Lancaster,John,1,London
1150,Lander,Edwin,3,country
1151,Lane,Vavasour Joseph,3,country
1152,Lane Fox later Pitt Rivers,Augustus Henry,12,Ireland
1152,Lane Fox later Pitt Rivers,Augustus Henry,1,London
1153,Lang,Andrew,3,country
1153,Lang,Andrew,1,London
1154,Lang,Samuel,6,Scotland
1155,Lang,William,1,London
1155,Lang,William,6,Scotland
1156,Langlands,J,18,Australia
1156,Langlands,J,1,London
1158,Langley,J R,3,country
1159,Lartet,Edouard,21,France
1160,Latham,Robert Gordon,1,London
1161,Latta,William,4,Africa
1161,Latta,William,6,Scotland
1162,Laurence,John Zachariah,1,London
1163,Laurie,Thomas,1,London
1164,Law,Joseph,3,country
1165,Lawford,Edward,3,country
1166,Lawrence,Edward (1),3,country
1167,Lawrence,Frederick,1,London
1168,Lawrence,John,5,America
1169,Lawrence,William,1,London
1170,Lawson,J,3,country
1171,Lawson,William,3,country
1173,Layard,Austen Henry,1,London
1175,Le Bret,x,21,France
1176,Lee,Edwin,21,France
1177,Lee,Frederick George,1,London
1178,Lee,George Byrne,1,London
1179,Lee (2),John,1,London
1179,Lee (2),John,3,country
1180,Lee,John Edward,3,country
1181,Lee,Richard,1,London
1181,Lee,Richard,3,country
1182,Leemans,Conrad,57,Holland
1183,Lees,Samuel,3,country
1186,Leggatt,William Benjamin,7,India
1188,Leguay,Louis,21,France
1189,Leidy,Joseph,5,America
1190,Leighton,Henry,1,London
1192,Lelorrain,x,21,France
1193,Lennox,Arthur Charles Wriothesley,1,London
1194,Lepsius,Richard,19,Germany
1195,Letts,Samuel Allen,1,London
1196,Leuckart,Karl Georg Friedrich Rudolf,19,Germany
1197,Levy,W  Hanks,1,London
1198,Lewin,Malcolm,1,London
1200,Lewis,Charles Francis,3,country
1201,Lewis,James,1,London
1202,Library of the Corporation of London,x,1,London
1203,Linder,Charles,22,Canada
1204,Lindstrom,Gustaf,41,Sweden
1206,Lister,John,1,London
1206,Lister,John,3,country
1208,Literary and Philosophical Society,x,3,country
1209,Littey,F T,1,London
1211,Liveing,Robert,1,London
1213,Lloyd,David,1,London
1214,Lloyd,Edmund,3,country
1217,Lobley,James L,1,London
1218,Lockhart,William,8,China
1218,Lockhart,William,1,London
1219,Lockyer,Joseph Norman,1,London
1220,Logan,Abraham,26,Singapore
1221,Logan,J R,26,Singapore
1222,Londesborough,x,1,London
1223,"London, City of",Corporation Library,1,London
1224,Long,William,3,country
1225,Longman,William,1,London
1226,Lonsdale,Henry,3,country
1227,Lord,Edward,3,country
1228,Lord,J K,1,London
1229,Love,Horatio,1,London
1230,Lovery,Basil,7,India
1232,Lower,Mark Anthony,3,country
1233,Lubach,D,57,Holland
1235,Lubbock,John,3,country
1236,Lucae,Johann Constantin August,19,Germany
1237,Lucas,Thomas,1,London
1238,Lucy,William Charles,3,country
1240,Lukis,William Collings,3,country
1241,Lund,Edward,3,country
1242,Lush,John Alfred,3,country
1243,Luxmoore,Coryndon H,1,London
1244,Lybbe,Philip Powys Lybbe,1,London
1245,Lyell,Charles,1,London
1246,Lyle,Henry Bowden,1,London
1247,Lyle,William Hunter,6,Scotland
1248,Macartney,John,7,India
1249,Macdonald,D G F,1,London
1250,MacDonald,William,6,Scotland
1251,Macfarlane,John Gray,1,London
1252,Macgowan,G,5,America
1253,Mackenzie,John,25,Wales
1254,Mackenzie,K,1,London
1255,Mackenzie,Kenneth Robert Henderson,1,London
1256,Mackie,Samuel Joseph,1,London
1257,Mackinder,Draper,3,country
1258,Mackinnon,Lauchlan,1,London
1259,Mackintosh,Charles E,1,London
1260,Mackintosh,Daniel,3,country
1261,Mackintosh,David,3,country
1262,Mackrell,J,1,London
1263,Maclean,Charles Donald,7,India
1264,Maclean,Hector,6,Scotland
1265,Maclean,Samuel,1,London
1266,Macleay,George,1,London
1267,Maclure,Andrew,1,London
1271,Malcolm,Charles,6,Scotland
1271,Malcolm,Charles,3,country
1272,Malcolm,William Elphinstone,6,Scotland
1274,Manetta,Filippo,30,Italy
1276,Mann,Robert James,40,South Africa
1276,Mann,Robert James,1,London
1277,Manzoni,Angelo,30,Italy
1279,Markham,Clements Robert,1,London
1281,Marriott,W T,1,London
1283,Marsh,Matthew Henry,3,country
1283,Marsh,Matthew Henry,1,London
1284,Marshale,x,13,Austria
1285,Marshall,George William,1,London
1287,Marshall,Robert,1,London
1288,Marshall,William,1,London
1288,Marshall,William,3,country
1289,Marson,Benbow Backhouse,3,country
1291,Martin,Edward W,3,country
1292,Martin,H  Victor,3,country
1293,Martin,J  Ranald,1,London
1293,Martin,J  Ranald,3,country
1295,Martin,John (2),3,country
1296,Martin,Richard Biddulph,1,London
1298,Martin-Magron,x,21,France
1299,Martindale,Nicholas,3,country
1299,Martindale,Nicholas,1,London
1300,Mason,James Wood,7,India
1300,Mason,James Wood,1,London
1301,Mason,Joseph,3,country
1303,Mason,W,1,London
1305,Mathieson,James,1,London
1305,Mathieson,James,3,country
1306,Matthews,Henry,1,London
1307,Matthews,Henry Garland,1,London
1308,Maunsell,Samuel E,7,India
1309,Maur,Edward V,3,country
1310,Maury,Alfred,21,France
1311,Maw,George,3,country
1312,Maxwell,Daniel,23,Argentina
1313,Maxwell,Nicholas M,1,London
1314,Maxwell,Peter Benson,26,Singapore
1315,May,Edward Hooper,1,London
1317,Mayall,John Edwin,1,London
1317,Mayall,John Edwin,3,country
1318,Mayer,Joseph,3,country
1319,Mayers,William Frederick,8,China
1319,Mayers,William Frederick,1,London
1320,Mayne,Thomas,3,country
1321,Mayson,John S,3,country
1323,McArthur,Alexander,1,London
1324,McCallum,Andrew,1,London
1325,McCallum,Arthur Edward,7,India
1325,McCallum,Arthur Edward,3,country
1326,McClelland,James,6,Scotland
1326,McClelland,James,1,London
1327,McCormick,John,4,Africa
1328,McCoskry,William,4,Africa
1329,McCraith,James,31,Turkey
1330,McCrevey,James,3,country
1331,McDonnell,John,12,Ireland
1332,McHenry,George,1,London
1334,McLennan,John Ferguson,6,Scotland
1334,McLennan,John Ferguson,1,London
1335,McLeod,Walter,1,London
1336,McNair,John Frederick,26,Singapore
1336,McNair,John Frederick,1,London
1336,McNair,John Frederick,63,Straits Settlements
1337,McNicholl,H,1,London
1338,Meadows,Barr,1,London
1339,Meadows,Thomas Taylor,8,China
1340,Medd,John,3,country
1341,Medd,William H,3,country
1342,Medlicott,Charles William Carter Madden,3,country
1343,Meigs,James Aitken,5,America
1344,Mello,John Magens,3,country
1345,Menzies,Robert,7,India
1346,Meredith,Evan Powell,25,Wales
1349,Mery,Etienne Gustave,4,Africa
1350,Meryon,Edward,1,London
1351,Messenger,Samuel,3,country
1353,Michie,Alexander,8,China
1353,Michie,Alexander,1,London
1354,Middleton,J,1,London
1354,Middleton,J,6,Scotland
1355,Middleton,John M  (or H ),20,Belgium
1356,Mignot,Louis Remy,1,London
1356,Mignot,Louis Remy,21,France
1357,Miklosich,Franciscus,13,Austria
1358,Miles,William Augustus,18,Australia
1359,Mill,John,1,London
1361,Miller,John,7,India
1362,Milligan,Joseph,3,country
1362,Milligan,Joseph,1,London
1362,Milligan,Joseph,64,Tasmania
1364,Mills,Henry F,3,country
1364,Mills,Henry F,4,Africa
1365,Mills,J M C,7,India
1366,Milne,A,8,China
1367,Milne,Thomas,6,Scotland
1368,Milne-Edwards,Henri,21,France
1369,Milner,W R,3,country
1370,Milton,x,1,London
1372,Miraglia,B G,30,Italy
1373,Mirrlees,J B,3,country
1375,Mitchell,Albert,3,country
1376,Mitchell,Alexander (1),1,London
1376,Mitchell,Alexander (1),3,country
1377,Mitchell,Arthur,6,Scotland
1379,Mitchell,William Henry,1,London
1380,Mitchell,William Stephen,3,country
1381,Mitra,Rajendralala,7,India
1382,Mivart,St George J,1,London
1383,Modeliar,C  Poorooshottum,1,London
1384,Moger,Robert G,1,London
1385,Moggridge,Matthew,3,country
1385,Moggridge,Matthew,25,Wales
1386,Moir,Alexander,1,London
1387,Moir,J  Macrae,1,London
1388,Moleschott,Jakob,30,Italy
1389,Monk,Frederick William,3,country
1390,Monk,William,3,country
1392,Monro,J,1,London
1393,Montgomerie,Frederick Butler,1,London
1395,Montgomery,Robert Mortimer,1,London
1396,Moody,John,3,country
1396,Moody,John,1,London
1397,Moon,x,3,country
1398,Moore,George,3,country
1399,Moore,Henry Reginald,1,London
1400,Moore,J  Daniel,3,country
1401,Moore,James H,3,country
1402,Moore,John (1),1,London
1403,Moore,John (2),18,Australia
1405,Moore,Robert Waters,18,Australia
1406,Moore,William Gosling,18,Australia
1407,Mootoosaumy,Modeliar P S,7,India
1408,Morgan,Fortescue John,3,country
1409,Morgan,John,1,London
1410,Morgan,Thomas H,3,country
1411,Morgan,William Henry,7,India
1412,Moriarty,Thomas B,1,London
1413,Morison,Alexander,6,Scotland
1413,Morison,Alexander,1,London
1414,Morison,James Cotter,1,London
1415,Morlot,Charles Adolphe,43,Switzerland
1416,Morris,David,3,country
1418,Morris,Edward Rowley,25,Wales
1419,Morris,Eugene,1,London
1420,Morris,H C  Grove,65,Malta
1421,Morris,J P,3,country
1422,Morris,John,1,London
1424,Morrison,James Holmes,3,country
1424,Morrison,James Holmes,1,London
1425,Morrison,Richard James ('Zadkiel'),3,country
1426,Morrison,Walter,1,London
1427,Morshead,Edward John,1,London
1427,Morshead,Edward John,3,country
1428,Mortimer,John,1,London
1429,Mortimer,John Robert,3,country
1430,Mosheimer,Joseph,1,London
1431,Mosling,Svend,38,Norway
1432,Moss,Thomas,3,country
1432,Moss,Thomas,1,London
1433,Mosse,C B,12,Ireland
1435,Mott,George,18,Australia
1437,Mould,Joseph,1,London
1438,Moxon,Walter,1,London
1439,Muir,J,6,Scotland
1439,Muir,J,1,London
1440,Muirhead,Henry,6,Scotland
1441,Muller,August,29,Prussia
1442,Muller,Ferdinand,18,Australia
1443,Muller,Friedrich Max,3,country
1443,Muller,Friedrich Max,19,Germany
1444,Muller,Johan,19,Germany
1445,Mullins,Richard,3,country
1447,Munton,Francis Kerridge,1,London
1448,Murchison,Roderick Impey,1,London
1449,Murphy,Edward W,1,London
1450,Murray,Edward,3,country
1451,Murray,J C,3,country
1452,Murray,John,1,London
1453,Murray,John (1),6,Scotland
1454,Murray,John (2),3,country
1455,Musgrave,John George,3,country
1456,Mussabini,G N,1,London
1458,Naoroji,Dadabhai,1,London
1458,Naoroji,Dadabhai,7,India
1459,Napier,Charles Ottley Groom,3,country
1460,Napier,William,1,London
1462,Napier,William Donald,1,London
1463,Nash,D W,1,London
1464,Nash,Davyd William,3,country
1465,Nash,Robert Lucas,1,London
1466,Nash,Samuel,3,country
1467,Nasmyth,Alexander,1,London
1468,Natusch,F B  Bernard,3,country
1470,Neale,J  Dormer,1,London
1473,Nesbitt,George,3,country
1474,Neville,J R,1,London
1475,Newall,Robert Stirling (1),3,country
1478,Newmarch,William,1,London
1479,Newnham,P H,3,country
1480,Newton,Alfred Vincent,1,London
1481,Newton,Henry William,3,country
1482,Newton,Robert S,5,America
1483,Nicholas,Thomas,1,London
1484,Nicholls,G  Jasper,7,India
1484,Nicholls,G  Jasper,3,country
1486,Nicholson,Brinsley,12,Ireland
1486,Nicholson,Brinsley,1,London
1486,Nicholson,Brinsley,3,country
1487,Nicholson,Charles,1,London
1487,Nicholson,Charles,3,country
1488,Nicholson,John Peede Segrave Carington,3,country
1490,Nicol,D,1,London
1491,Nicol,J  Dyce,1,London
1491,Nicol,J  Dyce,6,Scotland
1492,Nicoll,Donald,1,London
1494,Nicolucci,Giustiniano,30,Italy
1495,Nilsson,Sven,41,Sweden
1498,Noel,Roden,3,country
1499,Noldwritt,John Spencer,1,London
1500,Nordmann,Karl Friedrich,7,India
1501,Norsworthy,Henry,3,country
1502,North,George,1,London
1503,North,Samuel William,3,country
1504,Nott,Josiah Clark,5,America
1505,Nottingham,John,3,country
1506,Nunn,Richard Maddock,3,country
1506,Nunn,Richard Maddock,5,America
1507,Nunn,Thomas William,1,London
1508,O'Callaghan,Charles,12,Ireland
1509,O'Callaghan,P,3,country
1510,O'Connor,Luke Smyth,12,Ireland
1510,O'Connor,Luke Smyth,1,London
1511,O'Gorman,George,27,Mexico
1512,O'Riley,Edward,49,Burmah
1513,O'Sullivan,J L,1,London
1514,Ogilby,William,12,Ireland
1515,Ogston,G H,1,London
1518,Oliphant,Laurence,1,London
1519,Oliver,Samuel Pasfield,3,country
1520,Oppert,Gustav,3,country
1520,Oppert,Gustav,19,Germany
1520,Oppert,Gustav,7,India
1521,Ord,William M,1,London
1522,Ormathwaite,John Benn,1,London
1523,Orton,W  Billing,3,country
1524,Osborn,Sherard,1,London
1525,Osborne,John William Willoughby,7,India
1526,Otto,Charles,58,Denmark
1527,Ouvry,Frederick,1,London
1528,Overman,Thomas F,3,country
1529,Owen,H  Burnard,3,country
1529,Owen,H  Burnard,1,London
1530,Owen,John Fletcher,3,country
1530,Owen,John Fletcher,12,Ireland
1530,Owen,John Fletcher,18,Australia
1531,Owen,Richard,1,London
1532,Owen,Robert Brisco,25,Wales
1533,Owen,Samuel R J,3,country
1533,Owen,Samuel R J,1,London
1533,Owen,Samuel R J,7,India
1534,Owens,John Downes,3,country
1534,Owens,John Downes,18,Australia
1535,Packman,J D V,3,country
1538,Paine,Henry James,25,Wales
1539,Paley,William,3,country
1540,Palgrave,William Gifford,31,Turkey
1540,Palgrave,William Gifford,33,Thailand
1542,Palmer,Silas,3,country
1543,Paris,Louis Philippe d'Orleans,1,London
1544,Paris,Matthew,1,London
1546,Parker,J W,3,country
1547,Parker,Walter Mantell,3,country
1548,Parkes,Harry,9,Japan
1548,Parkes,Harry,1,London
1549,Parnell,John,1,London
1550,Parr,J  Charlton,3,country
1551,Parr,King John,7,India
1552,Parry,Dashwood G,3,country
1553,Parsons,A W,1,London
1554,Partridge,T E,3,country
1555,Partridge,Theodore D'Orville,67,Mauritius
1555,Partridge,Theodore D'Orville,7,India
1556,Pasley,Charles,18,Australia
1557,Paspati,Alexander,31,Turkey
1558,Paterson,George K H,6,Scotland
1559,Paterson,Robert,6,Scotland
1560,Patterson,Edmund,18,Australia
1561,Paul,B H,1,London
1562,Payne,R W,3,country
1563,Peacock,Edward,3,country
1564,Peacock,Thomas Bevill,1,London
1565,Peacocke,George,1,London
1566,Pearce,Charles Thomas,1,London
1567,Pearse,Frederick Edward,3,country
1569,Pearson,C H,1,London
1570,Pechell,Alfred Henry,3,country
1572,Peebles,J M,31,Turkey
1573,Peel,Robert,18,Australia
1574,Peiser,John,3,country
1575,Pendon,W S,12,Ireland
1577,Peppe,William,7,India
1578,Pereira,Francisco E,26,Singapore
1578,Pereira,Francisco E,7,India
1579,Perkins,William,23,Argentina
1580,Perrin,James,4,Africa
1581,Perrin,John Beswick,3,country
1582,Perrot,Augustus E G,4,Africa
1582,Perrot,Augustus E G,5,America
1583,Perry,Erskine,1,London
1584,Perry,George Michael,1,London
1586,Perry,S G F,3,country
1587,Perty,Josef Anton Maximilian,43,Switzerland
1588,Petermann,Augustus Heinrich,41,Sweden
1589,Petherick,Horace William,1,London
1590,Petrie,George,6,Scotland
1591,Pettigrew,William Vesalius,1,London
1593,Phayre,Arthur,49,Burmah
1593,Phayre,Arthur,1,London
1593,Phayre,Arthur,67,Mauritius
1594,Phillips,Barnet,5,America
1595,Phillips,Benjamin,1,London
1597,Phoebus,Philip,19,Germany
1598,Pick,Edward,1,London
1599,Pickering,Charles,5,America
1600,Pictet,Francois Jules,43,Switzerland
1601,Pidgeon,Jonathan S,1,London
1602,Piesse,George William Septimus,1,London
1603,Pike,Luke Owen,1,London
1604,Pim,Bedford,35,Nicaragua
1604,Pim,Bedford,1,London
1605,Pinchis,Thomas Ryan,1,London
1607,Pinkerton,W,1,London
1608,Pinnock,James,1,London
1609,Plant,John,3,country
1610,Platts,John,7,India
1610,Platts,John,1,London
1612,Plummer,Charles,1,London
1613,Poole,Fenwick T,1,London
1614,Poole,John Daniel,1,London
1615,Poole,Matthew Conway,49,Burmah
1615,Poole,Matthew Conway,1,London
1616,Poole,Reginald Stuart,1,London
1617,Pope,George H,1,London
1618,Pope,R,7,India
1619,Pope,W H,22,Canada
1620,Porter,R B,3,country
1621,Postans,T,7,India
1622,Postlethwaite,Joseph Legg,1,London
1622,Postlethwaite,Joseph Legg,3,country
1624,Pouchet,George,21,France
1625,Praeger,Emil Arnold,3,country
1626,Pratt,Henry,3,country
1627,Prendergast,Thomas,1,London
1628,Prestwich,Joseph,3,country
1629,Price,Charles Sharp,1,London
1630,Price,David S,1,London
1631,Price,Frederick George Hilton,1,London
1632,Price,Lorenzo T C,3,country
1634,Prichard,James Cowles,3,country
1635,Prichard,Thomas,3,country
1639,Prigg,Henry jun,3,country
1640,Pringle,George,1,London
1641,Pritchard,Thomas junr,7,India
1642,Pritchard,William T,3,country
1642,Pritchard,William T,27,Mexico
1645,Pulford,Alfred,1,London
1646,Pullen,Hyde,3,country
1647,Puller,Arthur Giles,3,country
1648,Pulsford,Robert,3,country
1650,Purdon,H,12,Ireland
1651,Purdon,H S,12,Ireland
1652,Quaritch,Bernard,1,London
1654,Quetelet,Lambert Adolphe Jacques,20,Belgium
1655,Quin,William,4,Africa
1656,Radcliffe,John,3,country
1658,Rae,James,1,London
1659,Rafn,Charles,58,Denmark
1660,Raikes,Henry,3,country
1661,Raimondi,Antonio,69,Peru
1662,Ramsay,"A , jun",1,London
1663,Ramsay,Frank,5,America
1665,Ramsay,George Dalhousie,1,London
1666,Ramsay,John,6,Scotland
1667,Ramsay,William Francis,1,London
1668,Ramskill,Jabez Spence,1,London
1669,Rankin,G C,1,London
1670,Ransford,H  Fowler,1,London
1671,Ransom,Edwin,3,country
1672,Rao,Goday Naraen Gajapati,7,India
1673,Ratcliff,Charles,3,country
1674,Rawlinson,Henry,70,Persia
1674,Rawlinson,Henry,1,London
1675,Rawson,James,3,country
1677,Read,W H,26,Singapore
1677,Read,W H,1,London
1678,Reade,Charles,1,London
1679,Reade,William Winwood,1,London
1680,Reddie,James,1,London
1683,Reichert,Karl Bogislaus,19,Germany
1684,Reid,Lestock Robert,1,London
1685,Renan,Ernest,21,France
1686,Renshaw,Charles Jeremiah,3,country
1687,Retzius,Anders,41,Sweden
1690,Ricardo,M,3,country
1691,Riccard,Edward Jackson,67,Mauritius
1692,Richards,x,1,London
1693,Richards,Franklin Thomas,1,London
1694,Richardson,Charles,3,country
1695,Richardson,Francis,1,London
1695,Richardson,Francis,3,country
1696,Richardson,James Coxon,25,Wales
1697,Rickard,Francis Ignatio,23,Argentina
1697,Rickard,Francis Ignatio,1,London
1699,Ricketts,F W,3,country
1700,Ricketts,George Thorne,7,India
1700,Ricketts,George Thorne,16,Ceylon
1700,Ricketts,George Thorne,71,Yugoslavia
1700,Ricketts,George Thorne,72,The Philippines
1701,Riddell,H B,3,country
1702,Ridley,William,18,Australia
1704,"Ripon, De Grey and",x,1,London
1704,"Ripon, De Grey and",x,3,country
1706,Ritter,Carl,19,Germany
1707,Rivers,Henry F,3,country
1708,Rivett-Carnac,John Henry,7,India
1709,Robbins,John,1,London
1710,Robert des Ruffieres,Charles,1,London
1711,Roberts,A,3,country
1712,Roberts,George E,1,London
1712,Roberts,George E,3,country
1713,Roberts,J,3,country
1714,Robertson,Alexander,3,country
1715,Robertson (2),Alexander,6,Scotland
1717,Robertson,Charles Nice,1,London
1718,Robertson,Daniel Brooke,8,China
1719,Robertson,John Forbes,1,London
1720,Robins,Thomas Valentine,3,country
1721,Robinson,Edward,5,America
1723,Robinson,G A,21,France
1724,Robinson,George Augustus,1,London
1724,Robinson,George Augustus,3,country
1724,Robinson,George Augustus,64,Tasmania
1726,Robinson,William,1,London
1727,Roch,Sampson,3,country
1728,Rock,"James, jun",3,country
1730,Rogers,Alfred S,3,country
1733,Rogers,George,3,country
1734,Rogers,John,1,London
1735,Rolleston,George,3,country
1736,Rolph,Charles Alfred,3,country
1737,Rolph,George Frederick,1,London
1738,Rome,James,3,country
1739,Ronay,Hyacinthe,13,Austria
1739,Ronay,Hyacinthe,1,London
1740,Rooke,Charles,3,country
1741,Rose,James Anderson,1,London
1742,Rosehill,x,6,Scotland
1742,Rosehill,x,1,London
1743,Rosenbusch,Theodor A,4,Africa
1745,Ross,John George Clunies,73,Java
1746,Roth,x,19,Germany
1747,Rothman,Richard Wellesley,1,London
1749,Routh,E J,3,country
1750,Row,Ankithum Venkata Nursing,7,India
1751,Row,William Bridges,3,country
1751,Row,William Bridges,1,London
1753,Rowcroft,H R,1,London
1754,Rowcroft,Harry Crommelin,7,India
1754,Rowcroft,Harry Crommelin,1,London
1756,Rudall,Henry,1,London
1757,Rudd,Thomas,3,country
1758,Rudler,Frederick William,1,London
1758,Rudler,Frederick William,25,Wales
1759,Ruge,Sophus,19,Germany
1760,Rugg,H  Hodgson,1,London
1761,Rule,Samuel,7,India
1762,Ruskin,John,3,country
1763,Russell,A H,3,country
1763,Russell,A H,17,New Zealand
1764,Russell,Charles E,4,Africa
1765,Russell,James,1,London
1766,Russell,Logan H  D,5,America
1766,Russell,Logan H  D,4,Africa
1767,Rutimeyer,x,43,Switzerland
1769,Ryan,Edward,1,London
1770,Ryan,John,3,country
1771,Rygh,Oluf,38,Norway
1772,Sadler,Alfred,1,London
1773,Salmon,Charles S,4,Africa
1774,Salmon,William,3,country
1775,Salomons,David,1,London
1775,Salomons,David,3,country
1776,Salting,William Severin,1,London
1777,Sandale,James,3,country
1777,Sandale,James,12,Ireland
1778,Sanders,Alfred,1,London
1778,Sanders,Alfred,3,country
1779,Sanderson,Alfred M,1,London
1780,Sanderson,T J,1,London
1781,Sanderson,W  Walbank,3,country
1782,Sandwith,Humfrey,1,London
1782,Sandwith,Humfrey,25,Wales
1789,Scattergood,W H,1,London
1790,Schaaffhausen,Hermann,19,Germany
1791,Scharlieb,William Mason,7,India
1792,Scherzer,Carl Ritter von,13,Austria
1792,Scherzer,Carl Ritter von,30,Italy
1794,Schiemann,E,1,London
1797,Schlagintweit,Hermann de,21,France
1800,Schomburgk,Robert  Herman,74,Dominican Republic
1801,Schoolcraft,Henry R,5,America
1802,Schumann,A,1,London
1804,Schwabe,E S,3,country
1805,Schweitzer,Theodor Richard,1,London
1806,Scott,Charles,1,London
1807,Scott,David,7,India
1808,Scott,Frederick Henry,1,London
1809,Scott,John (1),26,Singapore
1809,Scott,John (1),1,London
1810,Scott,John (2),1,London
1812,Scott,Robert S,3,country
1812,Scott,Robert S,6,Scotland
1813,Scott,Thomas,26,Singapore
1813,Scott,Thomas,1,London
1814,Scott,Wentworth Lascelles,1,London
1815,Scouler,John,12,Ireland
1815,Scouler,John,6,Scotland
1816,Seaman,J  Eglinton,3,country
1817,Seemann,Berthold,1,London
1819,Selwyn,E J,1,London
1820,Selwyn,William,3,country
1821,Semper,Carl,19,Germany
1822,Semper,Hugh R,1,London
1822,Semper,Hugh R,36,West Indies
1823,Sewall,Lucy Ellen,5,America
1824,Sewell,Henry,1,London
1824,Sewell,Henry,27,Mexico
1825,Sexton,George,1,London
1826,Seymour,George,1,London
1827,Seymour,Henry Danby,1,London
1828,Sharp,Peter,1,London
1829,Sharp,Samuel,3,country
1830,Sharp,W,3,country
1831,Sharpe,W J,1,London
1833,Shaw,A  Mackintosh,3,country
1835,Shaw,Frederick George,12,Ireland
1835,Shaw,Frederick George,7,India
1836,Shaw,Norton,58,Denmark
1836,Shaw,Norton,5,America
1836,Shaw,Norton,1,London
1837,Shaw,Robert Barkley,7,India
1838,Shaw,William Wardrop,1,London
1839,Sheffield,x,1,London
1839,Sheffield,x,3,country
1840,Shepherd,Joseph,3,country
1841,Sheridan,H  Brinsley,3,country
1841,Sheridan,H  Brinsley,1,London
1842,Sherwood,William Henry,4,Africa
1843,Shiel,Justin,1,London
1844,Shillinglaw,John Joseph,18,Australia
1845,Shipp,William,3,country
1846,Shortt,John,7,India
1847,Showers,Charles Lionel,7,India
1849,Shute,Thomas R G,3,country
1850,Shuttleworth,James Kay,1,London
1853,Silva-Ferro,Ramon de,1,London
1853,Silva-Ferro,Ramon de,75,Chile
1855,Simonides,Constantine,1,London
1856,Simonson,S F,1,London
1857,Simpson,Frank,4,Africa
1857,Simpson,Frank,3,country
1858,Simpson,H V,1,London
1859,Simpson,James,3,country
1860,Simpson,William Henry,1,London
1861,Sims,J  Marrion,1,London
1863,Sisson,R S,1,London
1866,Skene,James Henry,76,Syria
1867,Skues,Frederick Mackenzie,1,London
1867,Skues,Frederick Mackenzie,4,Africa
1868,Skues,William Mackenzie,77,Yemen
1868,Skues,William Mackenzie,7,India
1868,Skues,William Mackenzie,3,country
1870,Smart,Bath Charles,3,country
1871,Smedley,J  Valentine,1,London
1872,Smith,Abell,1,London
1873,Smith,Andrew,1,London
1873,Smith,Andrew,4,Africa
1875,Smith,Edward Osborne,1,London
1876,Smith,George (1),6,Scotland
1877,Smith,George (2),3,country
1877,Smith,George (2),1,London
1878,Smith,George Hill,3,country
1879,Smith,George Whitely,37,Portugal
1881,Smith,John,1,London
1882,Smith,Joseph J,3,country
1883,Smith,Peter,1,London
1884,Smith,Protheroe,1,London
1885,Smith,Tasker,5,America
1886,Smith,Thomas,3,country
1887,Smith,Thomas Eustace,3,country
1888,Smith,Thomas James,3,country
1890,Smith,William,3,country
1891,Smith,William Nugent,3,country
1892,Smith,Worthington George,1,London
1892,Smith,Worthington George,3,country
1893,Smithers,Sydney James,3,country
1894,Smyth,Brice,12,Ireland
1895,Smyth,James,3,country
1896,Smyth,John E,1,London
1897,Smyth,John jun,3,country
1898,Smyth,R  Brough,18,Australia
1899,Snaith,Frederick,3,country
1900,Snell,George Blagrove,1,London
1901,Snow,William Parker,1,London
1901,Snow,William Parker,5,America
1902,Solly,Samuel,1,London
1903,Solly,Samuel Reynolds,1,London
1904,Somervell,William,1,London
1905,Southby,Philip,1,London
1907,Southey,Henry,1,London
1908,Sparhawk,James Bertram,4,Africa
1909,Spark,Henry King,3,country
1911,Spence,G W,3,country
1912,Spence,Peter,3,country
1913,Spence,W H,3,country
1915,Spencer,R J,3,country
1916,Spencer,William Henry,3,country
1918,Spooner,Edward,6,Scotland
1919,Spottiswoode,William,1,London
1920,Sprague,T B,1,London
1922,Spry,Francis R,1,London
1923,Spurrell,Flaxman,3,country
1924,Squier,Ephraim George,5,America
1926,St Clair,George,1,London
1926,St Clair,George,3,country
1928,St John,Bayle,1,London
1928,St John,Bayle,10,Egypt
1931,St John,Spencer,78,Haiti
1932,St Maur,Edward,1,London
1934,Stainton,James Joseph,3,country
1935,Stamp,Edward,1,London
1935,Stamp,Edward,22,Canada
1936,Stanbridge,William Edward,18,Australia
1937,Stanley,John,1,London
1938,Stanley,Thomas C,3,country
1939,Stanton,John,3,country
1940,Staples,H I,16,Ceylon
1941,Stark,A B,3,country
1943,Steenstrup,Japetus,58,Denmark
1945,Steinhauer,Carl (Karl),58,Denmark
1945,Steinhauer,Carl (Karl),41,Sweden
1946,Stenning,Charles,1,London
1947,Stepney,William Frederick Cowell,1,London
1948,Stevens,Joseph,1,London
1949,Stevens,N  Henry,1,London
1950,Stevenson,John,6,Scotland
1951,Stewart,A A,4,Africa
1952,Stewart,Alexander Patrick,1,London
1953,Stewart,Charles Edward,7,India
1953,Stewart,Charles Edward,1,London
1954,Stewart,W S,1,London
1955,Stirling,John,1,London
1957,Stone,David Henry,1,London
1958,Stone,Robert Sidney,3,country
1959,Storey,William,65,Malta
1960,Story,William,1,London
1961,Stourton,John Marmaduke,1,London
1962,Strachan,John,6,Scotland
1963,Strangford,x,1,London
1964,Stratford,S,17,New Zealand
1965,Strathern,James,4,Africa
1965,Strathern,James,6,Scotland
1967,Stretton,Henry,1,London
1968,Struthers,Andrew,4,Africa
1969,Stuart,x,79,Albania
1970,Studart,John William,14,Brazil
1971,Sturman,Edward,3,country
1973,Sutherland,J P,4,Africa
1974,Sutherland,Peter Cormac,4,Africa
1975,Suttor,Edwin C,18,Australia
1975,Suttor,Edwin C,1,London
1979,Swaving,Cornelis,73,Java
1980,Swete,Horace,3,country
1981,Swift,Richard Levinge,59,Spain
1981,Swift,Richard Levinge,1,London
1981,Swift,Richard Levinge,37,Portugal
1982,Swinburne,Algernon Charles,1,London
1983,Swinhoe,Robert,8,China
1984,Sydenham,David,1,London
1987,Symonds,J A,3,country
1988,Symonds,William Samuel,3,country
1989,Tagart,Francis,3,country
1990,Tagore,G M,1,London
1991,Tait,Lawson,3,country
1992,Tait,Robert,1,London
1993,Talbot de Malahide,James,12,Ireland
1993,Talbot de Malahide,James,1,London
1994,Tanner,James,7,India
1995,Tasmania,x,64,Tasmania
1996,Tate,Alexander Norman,3,country
1997,Tate,George,3,country
1998,Tate,George Ralph,3,country
1999,Tate,Ralph (1),1,London
2000,Tate,Thomas (1),3,country
2001,Tate,Thomas (2),3,country
2002,Tatham,Thomas R,3,country
2004,Tawney,E B,25,Wales
2005,Taylor,John,6,Scotland
2006,Taylor,John George,31,Turkey
2008,Taylor,Richard Stephens jnr,1,London
2009,Taylor,W,3,country
2011,Taylor,W E,3,country
2012,Temple,Richard,7,India
2013,Tenison,Edward Tenison Ryan,1,London
2014,Tennant,John,6,Scotland
2014,Tennant,John,1,London
2015,Tennent,James Emerson,1,London
2016,Theed,Frederick,25,Wales
2017,Theobald,"William, Jun",49,Burmah
2018,Thin,Robert,6,Scotland
2018,Thin,Robert,8,China
2019,Thirlwall,Connop,25,Wales
2019,Thirlwall,Connop,1,London
2020,Thomas,J L,25,Wales
2021,Thompson,Alfred Robert,4,Africa
2022,Thompson,Fred,1,London
2023,Thompson,Frederick,3,country
2024,Thompson,George C,25,Wales
2025,Thompson,Joseph,3,country
2026,Thompson,Richard John,3,country
2028,Thomsen,Christian JÃ¼rgensen,58,Denmark
2033,Thomson,John,26,Singapore
2033,Thomson,John,6,Scotland
2035,Threlkeld,L E,18,Australia
2036,Thresh,J  T,1,London
2037,Thrupp,John,1,London
2038,Thurlow,Edward,1,London
2039,Thurnam,John,3,country
2040,Tiddeman,Richard Hill,1,London
2042,Timmins,Samuel,3,country
2044,Tinsley,x,3,country
2045,Tinsley,E,1,London
2046,Tolhurst,John,3,country
2047,Tolme,C D,1,London
2050,Tooke,William,1,London
2051,Tootal,Albert,14,Brazil
2051,Tootal,Albert,1,London
2053,Towers,John,3,country
2055,Travers,Frederick,3,country
2056,Travers,S  Smith,1,London
2057,Travers,William,1,London
2059,Trevelyan,Arthur,6,Scotland
2060,Trevor,Edward Andrew,7,India
2063,Trubner,Nicolas,1,London
2065,Tschurowsky,Gregory,15,Russia
2066,Tuckett,Charles jun,1,London
2067,Tuke,Thomas Harrington,1,London
2068,Tumangung of Jehore,x,26,Singapore
2069,Tupper,Arthur Chilver,1,London
2070,Turle,James,1,London
2071,Turner,Henry John,1,London
2073,Turner,William F J,3,country
2074,Turner,William Wadden,5,America
2075,Turrell,Arthur,5,America
2078,Twyford,H K,1,London
2081,Uhde,Carl Wilhelm Ferdinand,19,Germany
2083,Underwood,John,3,country
2084,University Library,x,6,Scotland
2085,Ussher,Herbert Taylor,4,Africa
2086,Ussher,John,1,London
2087,Vacher,Arthur,1,London
2088,Valpy,J J C,3,country
2089,Vambery,Armenius,56,Hungary
2090,Vaughan,George,26,Singapore
2091,Vaughan,Jonas Daniel,1,London
2091,Vaughan,Jonas Daniel,26,Singapore
2092,Vaux,William Sandys Wright,1,London
2093,Velasco,Gonzalez,59,Spain
2094,Vernon,George Venables,3,country
2095,Vibraye,Paul,21,France
2096,Vignaud,Henry,21,France
2097,Villin,Edouard J,1,London
2098,Virchow,Rudolph,19,Germany
2099,Vizcarrondi,Julio,59,Spain
2100,Vogt,Carl,43,Switzerland
2102,Wade,Thomas Francis,8,China
2102,Wade,Thomas Francis,1,London
2103,Wagner,Rudolph,19,Germany
2104,Wagstaff,x,1,London
2105,Waitz,Theodore,19,Germany
2106,Wake,Alfred,7,India
2108,Wakefield,E T,1,London
2110,Walford,Cornelius,1,London
2111,Walker,Alexander,6,Scotland
2112,Walker,Alexander Macnamee,3,country
2113,Walker,Charles Pyndar Beauchamp,1,London
2114,Walker,Edmund,1,London
2115,Walker,George,3,country
2116,Walker,James,6,Scotland
2117,Walker,James Sydney,1,London
2117,Walker,James Sydney,3,country
2117,Walker,James Sydney,18,Australia
2118,Walker,Robert,6,Scotland
2120,Walker,Thomas,1,London
2120,Walker,Thomas,3,country
2121,Wallace,Alfred Russel,1,London
2121,Wallace,Alfred Russel,3,country
2122,Walmsley,Joshua,4,Africa
2123,Walther,Phillipp Alexander,19,Germany
2124,Walton,H C,1,London
2125,Walton,J W,1,London
2126,Walton,Rienzi G,1,London
2126,Walton,Rienzi G,7,India
2127,Wanklyn,James Alfred,1,London
2128,Ward,Charles Augustus,1,London
2129,Ward,Stephen Henry,1,London
2130,Warden,Charles,3,country
2132,Ware,Samuel Hibbert,3,country
2132,Ware,Samuel Hibbert,6,Scotland
2133,Waring,James J,5,America
2134,Warner,Edward,1,London
2134,Warner,Edward,3,country
2135,Warren,Thomas T P  Bruce,3,country
2137,Warwick,Richard Archer,1,London
2138,Washbourn,Buchanan,3,country
2139,Waterfield,Ottiwell Charles,1,London
2140,Waterhouse,George,1,London
2141,Waterhouse,John,1,London
2142,Watson,Samuel,1,London
2143,Watt,Robert,12,Ireland
2144,Watts,John King,3,country
2145,Waugh,Andrew Scott,1,London
2146,Webb,Stephen,7,India
2147,Webb,T W,36,West Indies
2149,Webster,Henry,1,London
2150,Webster,John,3,country
2151,Weisbach,Augustin,31,Turkey
2152,Welcker,Hermann,19,Germany
2154,Wells,Mordaunt,1,London
2154,Wells,Mordaunt,7,India
2156,Wenham,Francis Alex (Frank),1,London
2157,Wesley,William Henry,1,London
2158,West,Reginald Sackville,3,country
2159,Westropp,Hodder Michael,12,Ireland
2160,Wetton,Champion,3,country
2161,Wevill,J R,1,London
2163,Whishaw,James,1,London
2166,White,James T,1,London
2168,Whitear,William,1,London
2169,Whitehead,John B,3,country
2170,Whitehead,Peter O,3,country
2171,Whitehead,Thomas K,3,country
2172,Whitfeld,Henry,3,country
2175,Wickes,Henry William,3,country
2176,Wickes,Thomas Haines,3,country
2176,Wickes,Thomas Haines,7,India
2177,Wienecke,x,19,Germany
2181,Wilkins,Augustus S,1,London
2182,Wilkins,John W,1,London
2184,Wilkinson,John Gardner,1,London
2185,Wilkinson,Thomas,3,country
2185,Wilkinson,Thomas,80,Madagascar
2186,Wilkinson,William Martin,1,London
2187,Williams,Charles R,4,Africa
2188,Williams,Eric,1,London
2189,Williams,Frederick Martin,1,London
2190,Williams,George,35,Nicaragua
2191,Williams,Henry,25,Wales
2192,Williams,Henry G,1,London
2192,Williams,Henry G,14,Brazil
2193,Williams,John (1),25,Wales
2194,Williams,John (2),3,country
2195,Williams,John Wilkins,1,London
2196,Williams,S W D,3,country
2197,Williams,Thomas,25,Wales
2198,Williamson,G,3,country
2199,Willis,Matthew,3,country
2200,Wilmot,J E  Eardley,1,London
2202,Wilson,Alfred Henry,14,Brazil
2203,Wilson,Andrew,3,country
2204,Wilson,Daniel,22,Canada
2206,Wilson,Frank,6,Scotland
2206,Wilson,Frank,4,Africa
2207,Wilson,J  Spotswood,81,Ecuador
2208,Wilson,James,1,London
2209,Wilson,John Leigh,7,India
2209,Wilson,John Leigh,3,country
2210,Wilson,R,7,India
2211,Wilson,William,1,London
2212,Wilson,William Newton,1,London
2213,Wiltshire,Alfred,1,London
2214,Windham,William Smith,1,London
2215,Windus,Alfred Tubb,1,London
2216,Winthrop,Benjamin Robert,5,America
2217,Winwood,Henry Hoyte,3,country
2218,Wise,Thomas Alexander,32,Ethiopia
2218,Wise,Thomas Alexander,1,London
2219,Witt,George,1,London
2220,Wittich,von,29,Prussia
2221,Wodderspoon,James,3,country
2222,Wolber,Francis George Cornelius,4,Africa
2223,Wolff,Henry Drummond,1,London
2224,Wollaston,George,3,country
2225,Wood,Edward,3,country
2226,Wood,F  Henry,3,country
2227,Wood,J W,1,London
2227,Wood,J W,5,America
2228,Wood,James,3,country
2229,Wood,John George,3,country
2230,Wood,Robert,3,country
2231,Wood,Samuel,3,country
2233,Wood,William Spicer,3,country
2234,Woodd,Charles H L,1,London
2235,Woods,Robert Carr,26,Singapore
2236,Worrall,Joseph Hardman,3,country
2237,Worsaae,Jens Jacob Asmussen,58,Denmark
2238,Wrangell,Ferdinand Von,15,Russia
2239,Wray,William,3,country
2240,Wrentmore,Frank,1,London
2242,Wright,Francis Beresford,3,country
2243,Wright,Robert,3,country
2244,Wright,Thomas,1,London
2245,Wright,William Cort,3,country
2246,Wucherer,Otto,14,Brazil
2249,Wyley,Andrew,6,Scotland
2250,Wyman,Jeffries,5,America
2251,Yates,Ashton,3,country
2253,Yearsley,James,3,country
2254,Yeldham,Stephen,1,London
2255,Youl,James A,1,London
2258,Younge,Robert,3,country
2259,Zeltner,Arthur de,83,Panama
2260,Zohrab,x,84,Armenia
2260,Zohrab,x,31,Turkey
