"id","family_name","first_names","id:1","occupation"
1,A Beckett,Arthur William,1,literary
3,Adam,Andrew Mercer,3,medical
3,Adam,Andrew Mercer,4,armed services
5,Adam,William,5,political
8,Adams,William (2),3,medical
12,Agassiz,Louis,7,academic
12,Agassiz,Louis,8,biologist
12,Agassiz,Louis,9,geologist
13,Agathides,Anastasius,7,academic
14,Aglio,Augustine,10,artist
15,Agnew,Joseph,3,medical
16,Ainsworth,William Francis Harrison,3,medical
16,Ainsworth,William Francis Harrison,7,academic
17,Airston,William Baird,3,medical
18,Aitken,Alexander Muirhead,11,legal
19,Aitken,Thomas,3,medical
22,Alcock,Rutherford,13,diplomacy
23,Aldam,William,5,political
26,Allan,J  McGrigor,1,literary
27,Allen,S  Stafford,14,civil engineer
28,Allen,William,4,armed services
33,Amhurst,William Amhurst Tyssen,5,political
33,Amhurst,William Amhurst Tyssen,15,collector
34,Amner,George,16,business
35,Anderson,Edward C,3,medical
36,Anderson,John,3,medical
36,Anderson,John,4,armed services
37,Anderson,Joseph,17,educator
37,Anderson,Joseph,18,archaeologist
37,Anderson,Joseph,19,museum work
37,Anderson,Joseph,20,editor
41,Anstey,Thomas Chisholm,11,legal
41,Anstey,Thomas Chisholm,5,political
42,Antrim,x,21,aristocracy
43,Appleyard,William,6,church
45,Archer,Frederick Scott,22,inventor
45,Archer,Frederick Scott,23,photographer
46,Arden,Richard Edward,11,legal
48,Armitage,William,16,business
51,Armstrong,William,16,business
51,Armstrong,William,21,aristocracy
53,Arnold,Richard,3,medical
54,Arthur,William,6,church
54,Arthur,William,1,literary
56,Ascher,Isidore,1,literary
56,Ascher,Isidore,24,poet
57,Ash,Charles Frederick,16,business
58,Ashbury,James,5,political
60,Ashurst,William Henry,11,legal
61,Ashworth,Henry,16,business
62,Aspull,William,25,music
64,Atcherley,John,3,medical
73,Auer,Alois,22,inventor
78,Babington,Charles Cardale,7,academic
78,Babington,Charles Cardale,27,botanist
78,Babington,Charles Cardale,18,archaeologist
80,Backhouse,Edward,6,church
80,Backhouse,Edward,16,business
81,Backhouse,James (1),6,church
81,Backhouse,James (1),7,academic
82,Baer,Carl Ernst von,7,academic
82,Baer,Carl Ernst von,28,explorer
84,Bagehot,Walter ('Badgett'),16,business
84,Bagehot,Walter ('Badgett'),1,literary
87,Bailey,John,29,administrative
91,Baines,Thomas,28,explorer
91,Baines,Thomas,10,artist
92,Baker,Benson,3,medical
93,Baker,J P,3,medical
94,Baker,John,5,political
95,Baker,Samuel C,28,explorer
95,Baker,Samuel C,29,administrative
98,Balfour,George,4,armed services
98,Balfour,George,5,political
100,Bannister,John,6,church
101,Barber,Henry,3,medical
102,Baring,Robert,4,armed services
106,Barnard,Christopher J,4,armed services
107,Barnes,Henry Thorowgood,16,business
108,Barnes,John  Wheeldon,30,banker
109,Barnewall,Robert,4,armed services
111,Barr,Joseph Henry,3,medical
112,Barr,William Roby,16,business
114,Barrington,George William,21,aristocracy
114,Barrington,George William,5,political
114,Barrington,George William,4,armed services
115,Barter,C M,3,medical
117,Barton,Alfred,3,medical
118,Bartrum,John Stothert,3,medical
119,Bastian,Adolf,7,academic
119,Bastian,Adolf,19,museum work
123,Bateman,Thomas,18,archaeologist
123,Bateman,Thomas,32,antiquarian
124,Bates,Ernest,26,architect
124,Bates,Ernest,14,civil engineer
126,Battye,William,3,medical
127,Baverstock,Edwin Henry,16,business
130,Beal,Samuel,6,church
130,Beal,Samuel,4,armed services
132,Beale,Lionel John,3,medical
133,Beard,Frank Carr,3,medical
136,Beattie,William,3,medical
140,Beavan,R C,4,armed services
144,Beechey,x,4,armed services
145,Beigel,Hermann,3,medical
150,Bell,C W  Bowdler,4,armed services
151,Bell,James,5,political
152,Bell (2),John,10,artist
154,Bell,William Abraham,3,medical
154,Bell,William Abraham,16,business
154,Bell,William Abraham,23,photographer
155,Bellamy,Edward,1,literary
156,Bellew,Henry Walter,4,armed services
156,Bellew,Henry Walter,3,medical
157,Belliss,William Painter,16,business
160,Bendir,Adolph,16,business
161,Bendyshe,Thomas,7,academic
165,Bennett,John,16,business
167,Benson,W F G,36,chemist
168,Benson,William Ralph,11,legal
169,Bentley,Richard,16,business
171,Bertram,George,16,business
172,Bertrand,Camille,3,medical
173,Best,x,4,armed services
176,Biddles,John Henry,11,legal
178,Bilderbeck,John,3,medical
180,Bilharz,Theodor,3,medical
187,Black,Andrew,10,artist
190,Blackmore,William,11,legal
190,Blackmore,William,19,museum work
194,Blakely,T A,4,armed services
195,Blanc,Henry Jules,3,medical
197,Bledsoe,Albert Taylor,11,legal
198,Blellock,David,11,legal
199,Blount,John Hillier,3,medical
201,Boase,Henry S,3,medical
203,Bogdanoff,Anatoly Petrovich,7,academic
204,Bogg,Edward B,4,armed services
204,Bogg,Edward B,3,medical
205,Bohn,Henry George,39,publisher
206,Boileau,John Peter,21,aristocracy
209,Bollaert,William,1,literary
209,Bollaert,William,36,chemist
209,Bollaert,William,33,geographer
209,Bollaert,William,40,ethnologist
210,Bonaparte,Louis Lucien,21,aristocracy
210,Bonaparte,Louis Lucien,7,academic
210,Bonaparte,Louis Lucien,5,political
211,Bonavia,E,3,medical
211,Bonavia,E,19,museum work
212,Bonavia,George,10,artist
213,Bond,Charles Radcliffe,3,medical
215,Bonham,George,21,aristocracy
215,Bonham,George,29,administrative
216,Bonnerjee,W C,11,legal
217,Bonney,T  George,6,church
218,Bonsdorff,Evert Julius,38,anatomist
218,Bonsdorff,Evert Julius,34,zoologist
218,Bonsdorff,Evert Julius,3,medical
219,Bonsor,James,16,business
220,Bonwick,James,17,educator
220,Bonwick,James,1,literary
223,Borthwick,Cunningham,21,aristocracy
223,Borthwick,Cunningham,5,political
224,Bosworth,Joseph,6,church
224,Bosworth,Joseph,7,academic
225,Botfield,Beriah,5,political
226,Boucher de Crevecoeur de Perthes,x,7,academic
227,Boudin,x,3,medical
229,Bourbourg,Brasseur de,1,literary
229,Bourbourg,Brasseur de,41,ethnographer
229,Bourbourg,Brasseur de,42,historian
229,Bourbourg,Brasseur de,18,archaeologist
230,Bourien,x,6,church
231,Bourjeaurd,Philip,3,medical
231,Bourjeaurd,Philip,22,inventor
232,Bouverie-Pusey,Sydney Edward Bouverie,1,literary
236,Bowman,Thomas William,7,academic
237,Bowring,John,29,administrative
237,Bowring,John,5,political
238,Bowyer,William Henry Wentworth,6,church
239,Boxall,William,10,artist
239,Boxall,William,19,museum work
241,Boyce,William Binnington,6,church
242,Boys,Jacob,11,legal
243,Brabrook,Edward William,11,legal
243,Brabrook,Edward William,43,civil service
244,Braby,Frederick,44,ironmaker
245,Bracebridge,Charles Holt,1,literary
246,Braddell,Thomas,11,legal
246,Braddell,Thomas,29,administrative
249,Brady,Antonio,7,academic
249,Brady,Antonio,4,armed services
251,Brady,P A,3,medical
252,Bragge,William,14,civil engineer
252,Bragge,William,19,museum work
252,Bragge,William,16,business
254,Brain,Thomas Henry,6,church
255,Brainsford,Charles,3,medical
257,Breach,Frank William,16,business
258,Brebner,A C,43,civil service
259,Brebner,James,11,legal
265,Briggs,John,4,armed services
265,Briggs,John,1,literary
266,Brine,Lindsay,4,armed services
267,Brinton,John,16,business
267,Brinton,John,5,political
270,Brodhurst,Bernard Edward,3,medical
271,Brodie,Benjamin Collins,21,aristocracy
271,Brodie,Benjamin Collins,3,medical
272,Brodie,David,3,medical
274,Brodie,P B,6,church
275,Brome,Frederick,4,armed services
277,Brooke,James,12,Ruler
278,Brookes,Henry (1),5,political
281,Brougham,x,21,aristocracy
281,Brougham,x,5,political
282,Brown,Charles Cornish,3,medical
284,Brown,Edwin,16,business
286,Brown,George W  (1),16,business
289,Brown,John Allen,45,goldsmith
290,Brown,John Harcourt,4,armed services
292,Browne,J  Cave,6,church
293,Browne,Thomas Henry,6,church
295,Brucke,Ernst Wilhelm Ritter von,7,academic
295,Brucke,Ernst Wilhelm Ritter von,3,medical
297,Bryant,George,43,civil service
298,Buchannan,Walter,5,political
299,Buchner,Ludwig,46,philosopher
299,Buchner,Ludwig,3,medical
300,Buckingham,James Silk,1,literary
301,Buckley,W E,7,academic
301,Buckley,W E,6,church
302,Buckman,James,7,academic
303,Bull,William,16,business
304,Buller,James Wentworth,5,political
305,Bunkell,Henry Christopher,16,business
306,Bunsen,x,13,diplomacy
306,Bunsen,x,7,academic
308,Burden,Henry,3,medical
310,Burgholzhausen,August Friedrich Marschall von,21,aristocracy
310,Burgholzhausen,August Friedrich Marschall von,34,zoologist
310,Burgholzhausen,August Friedrich Marschall von,9,geologist
313,Burke,Luke,20,editor
314,Burmeister,Hermann,34,zoologist
314,Burmeister,Hermann,47,entomologist
314,Burmeister,Hermann,27,botanist
314,Burmeister,Hermann,48,herpetologist
317,Buschmann,Johann Karl Eduard,49,philologist
318,Busk,George,34,zoologist
318,Busk,George,3,medical
318,Busk,George,35,palaeontologist
319,Busteed,William John,3,medical
319,Busteed,William John,4,armed services
322,Buxton,Charles,16,business
322,Buxton,Charles,5,political
323,Byerley,Isaac,3,medical
324,Byham,George,43,civil service
327,Byrne,Oliver,7,academic
327,Byrne,Oliver,31,engineer
327,Byrne,Oliver,51,mathematician
328,Cabbell,Benjamin Bond,5,political
328,Cabbell,Benjamin Bond,11,legal
330,Callaway,Henry,6,church
331,Callaway,Thomas,3,medical
331,Callaway,Thomas,4,armed services
333,Calori,Luigi,3,medical
333,Calori,Luigi,7,academic
334,Calvert,Frank,43,civil service
335,Calvert,George,3,medical
336,Cameron,Charles Duncan,13,diplomacy
336,Cameron,Charles Duncan,4,armed services
337,Campbell,Archibald,3,medical
338,Campbell,Francis,3,medical
339,Campbell,George (1),29,administrative
339,Campbell,George (1),5,political
339,Campbell,George (1),11,legal
343,Campbell,James,3,medical
343,Campbell,James,4,armed services
346,Campbell,Robert,16,business
346,Campbell,Robert,28,explorer
348,Campbell,Walter,4,armed services
349,Campin,Francis,16,business
350,Camps,William,3,medical
352,Caplin,Jean-Francois,3,medical
353,Capper,Charles,5,political
355,Carey,William D,4,armed services
356,Carlill,John Burford,3,medical
362,Cartwright,Samuel,7,academic
362,Cartwright,Samuel,3,medical
363,Carulla,Facundo,22,inventor
363,Carulla,Facundo,16,business
364,Carus,Carl Gustav,7,academic
364,Carus,Carl Gustav,10,artist
364,Carus,Carl Gustav,3,medical
365,Cassell,John,16,business
367,Castelnau,FranÃ§ois Louis Nompar de Caumont La Force,21,aristocracy
367,Castelnau,FranÃ§ois Louis Nompar de Caumont La Force,28,explorer
367,Castelnau,FranÃ§ois Louis Nompar de Caumont La Force,53,naturalist
368,Castle,Henry James,7,academic
369,Castro,Daniel de,11,legal
370,Catlin,George,10,artist
372,Cavafy,John,3,medical
373,Cavendish,Richard,5,political
373,Cavendish,Richard,43,civil service
373,Cavendish,Richard,21,aristocracy
374,Cerda,"Antonio de La, jun",16,business
375,Chadwick,Edwin,5,political
379,Chambers,Charles Harcourt,11,legal
382,Champley,James,3,medical
383,Chance,Frank,3,medical
384,Charles,David,6,church
385,Charlesworth,Edward,35,palaeontologist
387,Charlton,William,16,business
389,Chatfield,Frederick,13,diplomacy
394,Childers,Robert Caesar,7,academic
397,Chipperfield,William Nathan,3,medical
397,Chipperfield,William Nathan,7,academic
398,Chittenden,P H,3,medical
399,Cholmondeley,T J,21,aristocracy
399,Cholmondeley,T J,4,armed services
401,Chowne,William Dingle,3,medical
403,Christy,Henry,16,business
403,Christy,Henry,30,banker
405,Churcher,James Graham,16,business
406,Clare,Henry,6,church
407,Clarendon,x,21,aristocracy
407,Clarendon,x,13,diplomacy
408,Clark,x,7,academic
409,Clark,Henry,3,medical
410,Clark,James,3,medical
410,Clark,James,21,aristocracy
413,Clarke,Hyde,16,business
414,Clarke,John,6,church
414,Clarke,John,7,academic
415,Clarke,Robert,3,medical
415,Clarke,Robert,29,administrative
416,Claus,William Henry,16,business
417,Clavering,William Aloysius,21,aristocracy
419,Clay,William,21,aristocracy
419,Clay,William,5,political
422,Cleland,John,7,academic
422,Cleland,John,3,medical
423,Clement,William James,3,medical
423,Clement,William James,5,political
424,Clendinning,John,3,medical
425,Clerk,H,4,armed services
426,Clifford,Maurice Philip,6,church
430,Coates,F W,3,medical
434,Cock,Frederick,3,medical
435,Cock,John jun,26,architect
437,Coke,James,3,medical
440,Cole,Henry,43,civil service
440,Cole,Henry,22,inventor
440,Cole,Henry,19,museum work
442,Cole,Richard Beverley,3,medical
443,Cole,Vicat,10,artist
444,Colebrooke,Thomas Edward,21,aristocracy
444,Colebrooke,Thomas Edward,5,political
445,Coleman,Edmund Walter,3,medical
445,Coleman,Edmund Walter,4,armed services
446,Coleman,John Sherrard,11,legal
449,Collier,John Payne,7,academic
449,Collier,John Payne,10,artist
452,Collingwood,John Frederick,1,literary
457,Colonsay,x,21,aristocracy
457,Colonsay,x,11,legal
457,Colonsay,x,5,political
458,Congreve,John,6,church
459,Conolly,John,3,medical
460,Conway,Moncure Daniel,6,church
460,Conway,Moncure Daniel,42,historian
460,Conway,Moncure Daniel,1,literary
462,Cooke,William Fothergill,22,inventor
463,Cookesley,William Gifford,6,church
463,Cookesley,William Gifford,7,academic
464,Cooper,Daniel,21,aristocracy
464,Cooper,Daniel,11,legal
466,Coote,Holmes,3,medical
466,Coote,Holmes,7,academic
467,Copeland,George Ford,3,medical
470,Copperthwaite,William C,3,medical
471,Cornthwaite,Tullie,6,church
472,Cory,William,16,business
473,Cosens,Frederick William,16,business
474,Cossham,Handel,16,business
474,Cossham,Handel,6,church
476,Coulson,W,1,literary
476,Coulson,W,11,legal
477,Courtauld,Samuel,16,business
480,Cowen,Joseph jun,5,political
481,Cowper,Henry Augustus,13,diplomacy
482,Cox,Irwin Edward Bainbridge,11,legal
482,Cox,Irwin Edward Bainbridge,16,business
482,Cox,Irwin Edward Bainbridge,5,political
483,Cox,J W  Conrad,16,business
484,Cox,W T,11,legal
485,Coxe,James,3,medical
488,Craster,Thomas William,3,medical
491,Crawfurd,Frederick A B,4,armed services
492,Crawfurd,John,3,medical
492,Crawfurd,John,29,administrative
492,Crawfurd,John,13,diplomacy
493,Crawfurd,Oswald John,13,diplomacy
493,Crawfurd,Oswald John,1,literary
493,Crawfurd,Oswald John,54,journalist
496,Crichton,W J,6,church
498,Critchett,George,3,medical
499,Croft,J  McGregor,3,medical
499,Croft,J  McGregor,22,inventor
500,Croker,Thomas Francis Dillon,32,antiquarian
500,Croker,Thomas Francis Dillon,24,poet
501,Crolly,J M,6,church
502,Cross,A G,3,medical
504,Crowley,Jonathan Sparrow,22,inventor
504,Crowley,Jonathan Sparrow,16,business
506,Cuffe,Moore A,7,academic
507,Cull,Richard,6,church
509,Cuming,Henry Syer,7,academic
509,Cuming,Henry Syer,19,museum work
510,Cunliffe,Richard S,31,engineer
511,Cunningham,Alexander,4,armed services
511,Cunningham,Alexander,7,academic
512,Cursetjee,Manockjee,11,legal
512,Cursetjee,Manockjee,16,business
513,Curteis,Edward Barrett Hodges,4,armed services
515,Cuthbert,John Richmond,16,business
518,D'Avezac,Marie-Armand de Castera-Macaya,7,academic
518,D'Avezac,Marie-Armand de Castera-Macaya,55,archivist
518,D'Avezac,Marie-Armand de Castera-Macaya,33,geographer
519,D'Omalius d'Halloy,Jean Baptiste Julien,7,academic
521,Daa,x,42,historian
521,Daa,x,40,ethnologist
521,Daa,x,20,editor
521,Daa,x,17,educator
523,Dale,David,21,aristocracy
523,Dale,David,16,business
524,Dall,G P,3,medical
525,Dally,Eugene,3,medical
525,Dally,Eugene,37,anthropologist
527,Daniell,G  Wythes,3,medical
529,Daniell,William Freeman,3,medical
529,Daniell,William Freeman,4,armed services
531,Darbishire,Robert Dukinfield,11,legal
531,Darbishire,Robert Dukinfield,56,philanthropist
533,Dareste,Camille,7,academic
533,Dareste,Camille,34,zoologist
535,Dartnell,George Russell,3,medical
535,Dartnell,George Russell,10,artist
536,Darwin,Charles,53,naturalist
536,Darwin,Charles,9,geologist
537,Darwin,Erasmus (Ras),3,medical
538,Dasent,George Webbe,7,academic
538,Dasent,George Webbe,57,translator
540,Davenport,Samuel,21,aristocracy
541,Davey,John George,3,medical
545,Davies,Jesse Conway,3,medical
546,Davies,William,3,medical
547,Davis,Edmund Francis,11,legal
547,Davis,Edmund Francis,16,business
553,Daw,George Henry,16,business
554,Dawkins,William Boyd,7,academic
554,Dawkins,William Boyd,9,geologist
555,Dawson,George,6,church
560,Delepierre,Octave,11,legal
560,Delepierre,Octave,13,diplomacy
560,Delepierre,Octave,7,academic
561,Dendy,Walter Cooper,3,medical
563,Denman,George,5,political
563,Denman,George,11,legal
565,Dennis,George,29,administrative
566,Derby (formerly Stanley),x,5,political
566,Derby (formerly Stanley),x,21,aristocracy
566,Derby (formerly Stanley),x,29,administrative
567,Des Barres,M,11,legal
568,Desnoyers,Jules,9,geologist
568,Desnoyers,Jules,18,archaeologist
570,Devonshire,x,21,aristocracy
570,Devonshire,x,5,political
571,Diamond,Hugh Welch,3,medical
571,Diamond,Hugh Welch,23,photographer
571,Diamond,Hugh Welch,58,psychiatrist
574,Dickinson,John Jun,16,business
575,Dickman,Henry,3,medical
576,Dickson,Charles Sheffield,4,armed services
579,Dieffenbach,Ernest,3,medical
579,Dieffenbach,Ernest,7,academic
581,Dilke,Charles Wentworth,21,aristocracy
581,Dilke,Charles Wentworth,5,political
582,Dingle,John,6,church
587,Dohne,Jacob Ludwig,6,church
587,Dohne,Jacob Ludwig,7,academic
589,Donaldson,John,11,legal
589,Donaldson,John,7,academic
589,Donaldson,John,25,music
591,Donovan,Cornelius,7,academic
592,Dorn,Bernard,60,orientalist
594,Down,John Langdon H,3,medical
594,Down,John Langdon H,7,academic
596,Downing,Alexander,3,medical
597,Downing,Arthur Edward,4,armed services
600,Doyle,James T J,3,medical
602,Drakeford,D I,6,church
604,Dressler,Gustavus,61,merchant
607,Drummond,John,4,armed services
608,Du Chaillu,Paul Belloni,7,academic
609,Du Val,C A,10,artist
609,Du Val,C A,23,photographer
610,Duben,Gustaf Von,21,aristocracy
610,Duben,Gustaf Von,7,academic
611,Dublin,x,6,church
612,Duckworth,Frederick,3,medical
616,Dudgeon,R E,3,medical
617,Dudley,Reginald R,3,medical
618,Duggan,J R,16,business
620,Duhousset,Emile,4,armed services
622,Dumon,x,31,engineer
624,Duncan,David,7,academic
625,Duncan,Francis,4,armed services
626,Duncan,Peter Martin,62,palaeoethnologist
627,Dundas,R  Murray,21,aristocracy
628,Dunkin,Alfred John,32,antiquarian
628,Dunkin,Alfred John,42,historian
629,Dunlop,Alexander Milne,16,business
631,Dunn,Robert,3,medical
632,Dunraven & Mountearl,x,21,aristocracy
632,Dunraven & Mountearl,x,5,political
635,Dyce,Robert,3,medical
636,Dyer,William Thistleton,3,medical
637,Eadie,Robert,16,business
637,Eadie,Robert,44,ironmaker
638,Earl,George Windsor,28,explorer
639,Eassie,William,16,business
640,Eastwood,Joseph William,3,medical
641,Ecker,Alexander,38,anatomist
641,Ecker,Alexander,37,anthropologist
642,Eckhard,Conrad,7,academic
642,Eckhard,Conrad,3,medical
643,Eddy,Casper W,3,medical
646,Edwards,John,11,legal
648,Eeles,Charles William,4,armed services
649,Egerton,Francis,21,aristocracy
649,Egerton,Francis,5,political
650,Egerton,George Granville Francis,21,aristocracy
650,Egerton,George Granville Francis,5,political
651,Egypt,x,12,Ruler
652,Elder,John,16,business
653,Eliot,x,21,aristocracy
653,Eliot,x,5,political
654,Ellerton,John,3,medical
655,Elliot,Walter,43,civil service
655,Elliot,Walter,7,academic
657,Ellis,C H  Fairfax,4,armed services
658,Ellis,James,3,medical
659,Elmes,Jonathan W,4,armed services
660,Elphinstone,John,16,business
661,Elphinstone,Mountstuart,29,administrative
663,Epstein,Jacob,16,business
664,Erichsen,John E,21,aristocracy
664,Erichsen,John E,3,medical
665,Erlanger,Victor,21,aristocracy
665,Erlanger,Victor,30,banker
666,Erle,William,11,legal
668,Erskine,Kennedy,4,armed services
670,Euing,William,16,business
671,Evans,Edward Bickerton,16,business
672,Evans,John,7,academic
672,Evans,John,18,archaeologist
672,Evans,John,9,geologist
674,Evanson,Richard Tonson,3,medical
676,Ewart,William,5,political
676,Ewart,William,11,legal
678,Eyre,Edward John,28,explorer
678,Eyre,Edward John,29,administrative
679,Fairbairn,William,16,business
683,Farquharson,x,3,medical
684,Farrar,Adam Storey,6,church
687,Faught,J G,4,armed services
687,Faught,J G,3,medical
692,Fenwick,George Edgeworth,3,medical
692,Fenwick,George Edgeworth,17,educator
692,Fenwick,George Edgeworth,20,editor
692,Fenwick,George Edgeworth,1,literary
693,Ferguson,William,27,botanist
693,Ferguson,William,47,entomologist
695,Ferny,Leopold,13,diplomacy
696,Fiddes,Alexander,3,medical
698,Firby,Edwin Foxton,7,academic
699,Firebrace,Frederick,4,armed services
702,Fischer,Robert,11,legal
703,Fishbourne,Edward Gardiner,4,armed services
704,Fisher,Anthony Lax,3,medical
706,Fisher,Morton Coates,30,banker
707,Fitzroy,Robert,29,administrative
707,Fitzroy,Robert,4,armed services
709,Fitzwilliam,William S,11,legal
710,Fleming,George,4,armed services
710,Fleming,George,63,veterinary surgeon
711,Fleming,James William,3,medical
711,Fleming,James William,4,armed services
713,Fletcher,Joseph,11,legal
714,Fleuriot de Langle,Alphonse de,21,aristocracy
714,Fleuriot de Langle,Alphonse de,4,armed services
715,Flight,Walter,7,academic
715,Flight,Walter,64,mineralogist
716,Flower,John Wickham,16,business
718,Folsom,George,11,legal
718,Folsom,George,13,diplomacy
718,Folsom,George,5,political
720,Forbes,David,64,mineralogist
720,Forbes,David,65,metallurgist
720,Forbes,David,36,chemist
721,Forbes,Duncan W,3,medical
723,Forrester,Joseph James,23,photographer
723,Forrester,Joseph James,66,map maker
723,Forrester,Joseph James,10,artist
724,Fort,Richard,5,political
728,Foster,Balthazar Walter,7,academic
728,Foster,Balthazar Walter,3,medical
729,Foster,M,3,medical
730,Fowler,Robert Nicholas,5,political
730,Fowler,Robert Nicholas,16,business
732,Fox,Charles Henry,3,medical
733,Francklyne,William Henry,4,armed services
734,Franks,Augustus Wollaston,7,academic
734,Franks,Augustus Wollaston,19,museum work
735,Fraser,Alexander Adolphus,43,civil service
738,Fraser,Thomas,11,legal
739,Freeman,Henry Stanhope,29,administrative
740,Freme,x,4,armed services
742,Freuler,H  Albert,3,medical
743,Freund,William,17,educator
743,Freund,William,49,philologist
745,Fritsch,Anton,7,academic
745,Fritsch,Anton,19,museum work
746,Fry,Danby Palmer,43,civil service
746,Fry,Danby Palmer,11,legal
749,Furnell,Michael Cudmore,3,medical
750,Fytche,Albert,4,armed services
751,Gaddi,Paolo,7,academic
751,Gaddi,Paolo,3,medical
751,Gaddi,Paolo,38,anatomist
754,Galton,Douglas,16,business
755,Galton,Francis,7,academic
755,Galton,Francis,28,explorer
755,Galton,Francis,22,inventor
756,Garbiglietti,Antonio,7,academic
756,Garbiglietti,Antonio,47,entomologist
758,Gardiner,John,21,aristocracy
759,Gardner,C T,13,diplomacy
761,Gardner,E V,7,academic
765,Gascoyne,Thomas B,4,armed services
766,Gassiot,John Peter,16,business
769,Gawler,x,29,administrative
769,Gawler,x,4,armed services
770,Gay,David,23,photographer
771,Genthe,Alex  Nidda,3,medical
771,Genthe,Alex  Nidda,11,legal
771,Genthe,Alex  Nidda,10,artist
773,Gervais,Paul,35,palaeontologist
773,Gervais,Paul,47,entomologist
774,Gibb,George Duncan,3,medical
775,Gibson,Craig,3,medical
778,Giglioli,Enrico Hillyer,7,academic
778,Giglioli,Enrico Hillyer,19,museum work
779,Gill,Joseph,14,civil engineer
780,Gillespie,William,7,academic
782,Gilmour,Andrew,3,medical
783,Giraldes,x,3,medical
784,Glass,James William,10,artist
788,Glennie,J  S  Stuart,7,academic
789,Glover,John Hawley,29,administrative
790,Glyn,George Grenfell,5,political
791,Goadby,Edwin,1,literary
791,Goadby,Edwin,20,editor
792,Gobineau,x,21,aristocracy
792,Gobineau,x,1,literary
792,Gobineau,x,13,diplomacy
793,Goddard,William,3,medical
794,Godrich,Thomas,3,medical
795,Goldsmid,Augustus,11,legal
796,Goldsmid,Isaac Lyon,21,aristocracy
796,Goldsmid,Isaac Lyon,16,business
800,Goodman,Charles Rowland,3,medical
802,Gore,Richard Thomas,3,medical
803,Gosse,A L  (pere),3,medical
804,Gosse,Hippolyte-Jean,3,medical
805,Gould,John,67,ornithologist
805,Gould,John,10,artist
807,Gowans,James,26,architect
808,Goyder,D G,6,church
811,Granville,x,3,medical
811,Granville,x,22,inventor
812,Gratiolet,Pierre,7,academic
814,Graves,Ryves William,3,medical
815,Grayling,John,3,medical
817,Green,Frederick King,3,medical
818,Green,George Courthope,16,business
822,Greenough,George Bellas,7,academic
823,Greenway,Henry,3,medical
824,Greenwell,William,6,church
824,Greenwell,William,18,archaeologist
826,Greg,William Rathbone,16,business
827,Gregg,Alexander,6,church
828,Gregor,Walter,6,church
830,Grey,Charles Edward,21,aristocracy
830,Grey,Charles Edward,29,administrative
830,Grey,Charles Edward,5,political
831,Grey,George,4,armed services
831,Grey,George,28,explorer
831,Grey,George,29,administrative
832,Grey,Henry Rowland Ellison,13,diplomacy
832,Grey,Henry Rowland Ellison,4,armed services
833,Gribble,x,6,church
834,Gridley,H G,5,political
834,Gridley,H G,4,armed services
835,Griffin,Frederick,25,music
835,Griffin,Frederick,1,literary
836,Griffin,Lepel,29,administrative
836,Griffin,Lepel,1,literary
836,Griffin,Lepel,43,civil service
839,Griffiths,Francis,3,medical
839,Griffiths,Francis,7,academic
842,Griffits,James Oliff,11,legal
845,Grover,John,4,armed services
847,Groves,Joseph Tatton Russell,16,business
848,Guest,Augustus,11,legal
849,Guise,William Vernon,21,aristocracy
850,Gunn,John,6,church
853,Gurney,John Henry,5,political
855,Guthrie,Alexander,16,business
856,Guthrie,James,16,business
857,Haast,Johann Franz ('Julius'),7,academic
858,Hahn,Johann Georg,13,diplomacy
858,Hahn,Johann Georg,49,philologist
862,Hallam,Henry,7,academic
863,Hallier,Ernst,7,academic
863,Hallier,Ernst,27,botanist
863,Hallier,Ernst,68,mycologist
864,Hamilton,Alexander C,4,armed services
868,Hammond,C D,3,medical
869,Hammond,William Alexander,3,medical
869,Hammond,William Alexander,4,armed services
870,Hance,Henry Fletcher,13,diplomacy
872,Handyside,James Ronaldson,3,medical
874,Hanson,Richard Davis,11,legal
876,Harcourt,Clarence,11,legal
879,Harding,William,3,medical
880,Hardman,William,20,editor
880,Hardman,William,11,legal
880,Hardman,William,5,political
882,Harland,Henry,3,medical
883,Harle,C E,3,medical
886,Harraden,Samuel,16,business
887,Harrer,F W,6,church
888,Harris,Arthur B,3,medical
890,Harris,James Penn,3,medical
892,Harris,William Cornwallis,4,armed services
893,Harrison,Charles (1),11,legal
895,Harrison,William Henry,23,photographer
896,Harriss,Alfred Edmund,11,legal
897,Hart,Ernest Abraham,3,medical
898,Harvey,John,3,medical
899,Harvey,John E,16,business
900,Haserick,Frederick Augustus,61,merchant
902,Hastings,John,3,medical
903,Haughton,Richard,7,academic
904,Haven,Samuel Foster,18,archaeologist
904,Haven,Samuel Foster,37,anthropologist
905,Hawkins,George,16,business
907,Hawkins,Walter,15,collector
908,Hay,John,6,church
909,Hay,W E,4,armed services
910,Hayden,Ferdinand Vandeveer,7,academic
910,Hayden,Ferdinand Vandeveer,3,medical
910,Hayden,Ferdinand Vandeveer,9,geologist
916,Healey,Edward Charles,39,publisher
917,Heath,Dunbar Isidore,6,church
918,Heath,G J D,4,armed services
919,Heaton,John,16,business
920,Hector,Alexander,16,business
920,Hector,Alexander,13,diplomacy
922,Heldman,Peter Christian,7,academic
923,Helsby,W G,23,photographer
924,Henderson,Alexander,6,church
926,Henderson,P,13,diplomacy
927,Henderson,Robert,16,business
928,Henriques,Alfred Gutteres,11,legal
929,Henry,Joseph,7,academic
930,Henry,M H,3,medical
931,Hepburn,James,7,academic
932,Hepburn,Robert,3,medical
935,Herz,Maximilian,3,medical
937,Heslop,T P,3,medical
940,Hewlett,Alfred,16,business
941,Heywood,James,5,political
942,Higgin,James,16,business
943,Higgins,Alfred,43,civil service
945,Hildebrand,x,7,academic
948,Hill,George,3,medical
949,Hill,L  Doake,3,medical
949,Hill,L  Doake,4,armed services
951,Hilliard,R  Harvey,3,medical
953,Hincks,x,6,church
953,Hincks,x,7,academic
955,Hinde,Benjamin,3,medical
955,Hinde,Benjamin,4,armed services
958,Hirsch,August,3,medical
958,Hirsch,August,7,academic
959,His,Wilhelm,7,academic
959,His,Wilhelm,38,anatomist
960,Hitchman,x,3,medical
961,Hitchman,W,3,medical
963,Hobbs,W G E,17,educator
965,Hochstetter,von,7,academic
965,Hochstetter,von,9,geologist
966,Hodge,Thomas,10,artist
967,Hodgkin,Thomas (1),3,medical
968,Hodgson,Brian Houghton,29,administrative
968,Hodgson,Brian Houghton,43,civil service
969,Hodgson,Kirkman Daniel,5,political
970,"Hoeven, Van der",x,7,academic
970,"Hoeven, Van der",x,34,zoologist
973,Holgate,J W,3,medical
975,Holland,James,4,armed services
976,Hollond,Robert,5,political
977,Holmberg,x,53,naturalist
980,Hon,H  le,10,artist
980,Hon,H  le,7,academic
982,Hooker,Joseph,7,academic
984,Hope,Frederick William,6,church
984,Hope,Frederick William,47,entomologist
985,Hope,James,43,civil service
986,Hopkins,John Baker,1,literary
988,Hotten,John Camden,7,academic
990,Houghton,x,21,aristocracy
992,Houghton,Edward Price,3,medical
996,Howard,C F,43,civil service
1000,Howorth,Henry Hoyle,11,legal
1000,Howorth,Henry Hoyle,5,political
1000,Howorth,Henry Hoyle,9,geologist
1001,Hoyland,Charles William,3,medical
1004,Hudson,Henry,3,medical
1005,Hudson,Robinson,3,medical
1006,Hughes,Richard,3,medical
1009,Hulcee,Hamilton J,3,medical
1010,Humble,Thomas,3,medical
1011,"Humboldt, Von",Alexander,7,academic
1011,"Humboldt, Von",Alexander,28,explorer
1011,"Humboldt, Von",Alexander,21,aristocracy
1012,Hunt,Augustus H,44,ironmaker
1013,Hunt,George S  Lennon,13,diplomacy
1014,Hunt,James,3,medical
1016,Hunt,John (2),16,business
1017,Hunter,William Wilson,7,academic
1017,Hunter,William Wilson,43,civil service
1019,Husband,H A,3,medical
1021,Hutchinson,Jonathan,3,medical
1024,Huxley,Thomas Henry,7,academic
1025,Hyrtl,Josef,7,academic
1025,Hyrtl,Josef,38,anatomist
1027,Imrie,William,16,business
1028,Ince,Joseph,7,academic
1029,Ingham,Robert,5,political
1030,Inglis,John,6,church
1031,Inman,Robert M,3,medical
1033,Ioannides,A,3,medical
1034,Ionides,Arthur Constantine,15,collector
1037,Isbester,Alexander,11,legal
1038,Isenburg,x,6,church
1039,Ivey,George James,4,armed services
1042,Jackson,Henry (the father),3,medical
1043,Jackson,Henry (the son),7,academic
1044,Jackson,Henry Willan,3,medical
1045,Jackson,Henry William (1),3,medical
1046,Jackson,J  Hughlings,3,medical
1046,Jackson,J  Hughlings,7,academic
1049,Jacob,Le Grand,4,armed services
1050,Jagor,x,7,academic
1050,Jagor,x,28,explorer
1051,James,George Alexander,4,armed services
1052,James,Horatio Gay,16,business
1054,Janson,F H,16,business
1055,Jardine,William,21,aristocracy
1055,Jardine,William,7,academic
1056,Jarratt,John,6,church
1057,Jeffcott,John Moore,11,legal
1057,Jeffcott,John Moore,32,antiquarian
1057,Jeffcott,John Moore,18,archaeologist
1059,Jeffery,William S,16,business
1060,Jeffries,Edmund,16,business
1063,Jennings,William,57,translator
1063,Jennings,William,6,church
1064,Jenyns LATER Blomefield,Leonard,6,church
1065,Jepson,William,3,medical
1067,Jessop,Henry Edward,3,medical
1068,Jessopp,Augustus,7,academic
1068,Jessopp,Augustus,6,church
1073,Johnson,Henry,22,inventor
1078,Johore,x,12,Ruler
1080,Jones,C  Treasure,13,diplomacy
1083,Jones,John,13,diplomacy
1084,Jones,Robert,6,church
1086,Jones,William,3,medical
1087,Jones,William Arthur,6,church
1089,Joy,Algernon,4,armed services
1090,Juch,Ernst,10,artist
1091,Jugo,Francisco Delgado,3,medical
1092,Jukes,J  Beete,9,geologist
1092,Jukes,J  Beete,53,naturalist
1093,Kaines,J,3,medical
1097,Kaup,x,19,museum work
1097,Kaup,x,53,naturalist
1098,Kaye,J W  (1),39,publisher
1100,Keene,William,16,business
1102,Kelly,William,11,legal
1102,Kelly,William,1,literary
1103,Kemm,William Henry,6,church
1105,Kennedy,James (1),11,legal
1106,Kennedy,Richard Hartley,3,medical
1106,Kennedy,Richard Hartley,4,armed services
1106,Kennedy,Richard Hartley,29,administrative
1107,Ker,Claude Buchanan,3,medical
1108,Kernahan,James,6,church
1109,Kesteven,W B,3,medical
1110,Khanikof,Nicolai de,70,traveller
1110,Khanikof,Nicolai de,66,map maker
1112,Kincaid,William,4,armed services
1113,King,David,3,medical
1117,King,Richard,3,medical
1117,King,Richard,28,explorer
1118,King,S W,6,church
1119,King,William,7,academic
1121,Kingsley,Charles,7,academic
1121,Kingsley,Charles,1,literary
1121,Kingsley,Charles,6,church
1127,Kirwan,Richard,6,church
1127,Kirwan,Richard,7,academic
1128,Kisch,Samuel,3,medical
1129,Knapp,J L,6,church
1131,Knox,Robert,3,medical
1134,Koninck,de,35,palaeontologist
1134,Koninck,de,36,chemist
1135,Kopernicki,Isidor,3,medical
1135,Kopernicki,Isidor,4,armed services
1135,Kopernicki,Isidor,37,anthropologist
1135,Kopernicki,Isidor,19,museum work
1137,Kough,Samuel Harley,11,legal
1139,La Barte,William White,6,church
1141,Lade,George,3,medical
1143,Laing,Samuel,5,political
1143,Laing,Samuel,16,business
1147,Lamprey,Jones,3,medical
1147,Lamprey,Jones,4,armed services
1148,Lancaster,John,16,business
1148,Lancaster,John,5,political
1151,Lane,Vavasour Joseph,3,medical
1151,Lane,Vavasour Joseph,4,armed services
1152,Lane Fox later Pitt Rivers,Augustus Henry,4,armed services
1152,Lane Fox later Pitt Rivers,Augustus Henry,7,academic
1152,Lane Fox later Pitt Rivers,Augustus Henry,19,museum work
1153,Lang,Andrew,1,literary
1154,Lang,Samuel,5,political
1155,Lang,William,4,armed services
1159,Lartet,Edouard,7,academic
1160,Latham,Robert Gordon,7,academic
1160,Latham,Robert Gordon,3,medical
1160,Latham,Robert Gordon,40,ethnologist
1160,Latham,Robert Gordon,49,philologist
1162,Laurence,John Zachariah,3,medical
1164,Law,Joseph,3,medical
1165,Lawford,Edward,3,medical
1166,Lawrence,Edward (1),16,business
1167,Lawrence,Frederick,11,legal
1167,Lawrence,Frederick,1,literary
1169,Lawrence,William,21,aristocracy
1169,Lawrence,William,3,medical
1173,Layard,Austen Henry,5,political
1173,Layard,Austen Henry,13,diplomacy
1173,Layard,Austen Henry,7,academic
1173,Layard,Austen Henry,18,archaeologist
1177,Lee,Frederick George,6,church
1179,Lee (2),John,7,academic
1179,Lee (2),John,11,legal
1180,Lee,John Edward,16,business
1181,Lee,Richard,3,medical
1182,Leemans,Conrad,19,museum work
1184,Lefevre,J G S,29,administrative
1185,Lefroy,x,4,armed services
1185,Lefroy,x,29,administrative
1186,Leggatt,William Benjamin,14,civil engineer
1188,Leguay,Louis,26,architect
1188,Leguay,Louis,18,archaeologist
1189,Leidy,Joseph,35,palaeontologist
1193,Lennox,Arthur Charles Wriothesley,7,academic
1193,Lennox,Arthur Charles Wriothesley,9,geologist
1194,Lepsius,Richard,71,egyptologist
1194,Lepsius,Richard,72,linguist
1194,Lepsius,Richard,18,archaeologist
1195,Letts,Samuel Allen,16,business
1196,Leuckart,Karl Georg Friedrich Rudolf,34,zoologist
1197,Levy,W  Hanks,3,medical
1198,Lewin,Malcolm,11,legal
1200,Lewis,Charles Francis,3,medical
1204,Lindstrom,Gustaf,35,palaeontologist
1207,Lister,Joseph,3,medical
1209,Littey,F T,3,medical
1210,Little,W J,3,medical
1214,Lloyd,Edmund,3,medical
1218,Lockhart,William,3,medical
1218,Lockhart,William,6,church
1220,Logan,Abraham,11,legal
1221,Logan,J R,20,editor
1221,Logan,J R,11,legal
1222,Londesborough,x,21,aristocracy
1222,Londesborough,x,5,political
1224,Long,William,16,business
1225,Longman,William,74,book seller
1225,Longman,William,39,publisher
1226,Lonsdale,Henry,3,medical
1226,Lonsdale,Henry,1,literary
1227,Lord,Edward,16,business
1230,Lovery,Basil,17,educator
1231,Lovewell,x,4,armed services
1232,Lower,Mark Anthony,7,academic
1235,Lubbock,John,16,business
1235,Lubbock,John,5,political
1235,Lubbock,John,7,academic
1236,Lucae,Johann Constantin August,7,academic
1236,Lucae,Johann Constantin August,38,anatomist
1237,Lucas,Thomas,3,medical
1238,Lucy,William Charles,16,business
1239,Lukis,J W,7,academic
1240,Lukis,William Collings,32,antiquarian
1240,Lukis,William Collings,6,church
1240,Lukis,William Collings,18,archaeologist
1241,Lund,Edward,7,academic
1241,Lund,Edward,3,medical
1242,Lush,John Alfred,3,medical
1242,Lush,John Alfred,5,political
1244,Lybbe,Philip Powys Lybbe,5,political
1244,Lybbe,Philip Powys Lybbe,11,legal
1245,Lyell,Charles,9,geologist
1245,Lyell,Charles,11,legal
1246,Lyle,Henry Bowden,3,medical
1250,MacDonald,William,3,medical
1253,Mackenzie,John,3,medical
1253,Mackenzie,John,4,armed services
1255,Mackenzie,Kenneth Robert Henderson,72,linguist
1255,Mackenzie,Kenneth Robert Henderson,60,orientalist
1257,Mackinder,Draper,3,medical
1258,Mackinnon,Lauchlan,16,business
1260,Mackintosh,Daniel,75,geomorphologist
1260,Mackintosh,Daniel,40,ethnologist
1262,Mackrell,J,11,legal
1263,Maclean,Charles Donald,43,civil service
1264,Maclean,Hector,17,educator
1265,Maclean,Samuel,3,medical
1266,Macleay,George,28,explorer
1266,Macleay,George,5,political
1267,Maclure,Andrew,10,artist
1271,Malcolm,Charles,4,armed services
1272,Malcolm,William Elphinstone,4,armed services
1272,Malcolm,William Elphinstone,76,landowner
1273,Mallalieu,Alfred,16,business
1276,Mann,Robert James,17,educator
1276,Mann,Robert James,3,medical
1276,Mann,Robert James,77,meteorologist
1279,Markham,Clements Robert,7,academic
1279,Markham,Clements Robert,28,explorer
1283,Marsh,Matthew Henry,11,legal
1283,Marsh,Matthew Henry,5,political
1284,Marshale,x,21,aristocracy
1286,Marshall,Peter,16,business
1288,Marshall,William,5,political
1292,Martin,H  Victor,3,medical
1293,Martin,J  Ranald,3,medical
1293,Martin,J  Ranald,4,armed services
1295,Martin,John (2),3,medical
1296,Martin,Richard Biddulph,21,aristocracy
1296,Martin,Richard Biddulph,30,banker
1296,Martin,Richard Biddulph,5,political
1298,Martin-Magron,x,3,medical
1298,Martin-Magron,x,7,academic
1299,Martindale,Nicholas,16,business
1300,Mason,James Wood,7,academic
1300,Mason,James Wood,19,museum work
1301,Mason,Joseph,6,church
1307,Matthews,Henry Garland,4,armed services
1308,Maunsell,Samuel E,3,medical
1308,Maunsell,Samuel E,4,armed services
1309,Maur,Edward V,21,aristocracy
1309,Maur,Edward V,5,political
1310,Maury,Alfred,7,academic
1310,Maury,Alfred,3,medical
1311,Maw,George,16,business
1314,Maxwell,Peter Benson,11,legal
1315,May,Edward Hooper,3,medical
1317,Mayall,John Edwin,23,photographer
1318,Mayer,Joseph,16,business
1319,Mayers,William Frederick,13,diplomacy
1320,Mayne,Thomas,3,medical
1321,Mayson,John S,16,business
1323,McArthur,Alexander,16,business
1323,McArthur,Alexander,5,political
1325,McCallum,Arthur Edward,4,armed services
1326,McClelland,James,16,business
1328,McCoskry,William,61,merchant
1328,McCoskry,William,29,administrative
1329,McCraith,James,3,medical
1330,McCrevey,James,3,medical
1330,McCrevey,James,4,armed services
1334,McLennan,John Ferguson,7,academic
1334,McLennan,John Ferguson,11,legal
1335,McLeod,Walter,3,medical
1336,McNair,John Frederick,4,armed services
1336,McNair,John Frederick,43,civil service
1336,McNair,John Frederick,31,engineer
1337,McNicholl,H,3,medical
1338,Meadows,Barr,3,medical
1339,Meadows,Thomas Taylor,13,diplomacy
1340,Medd,John,3,medical
1341,Medd,William H,3,medical
1342,Medlicott,Charles William Carter Madden,3,medical
1343,Meigs,James Aitken,7,academic
1343,Meigs,James Aitken,59,librarian
1344,Mello,John Magens,6,church
1344,Mello,John Magens,18,archaeologist
1344,Mello,John Magens,9,geologist
1345,Menzies,Robert,3,medical
1345,Menzies,Robert,4,armed services
1350,Meryon,Edward,3,medical
1351,Messenger,Samuel,16,business
1353,Michie,Alexander,16,business
1355,Middleton,John M  (or H ),3,medical
1356,Mignot,Louis Remy,10,artist
1357,Miklosich,Franciscus,7,academic
1358,Miles,William Augustus,11,legal
1359,Mill,John,3,medical
1359,Mill,John,1,literary
1361,Miller,John,11,legal
1362,Milligan,Joseph,3,medical
1365,Mills,J M C,11,legal
1368,Milne-Edwards,Henri,34,zoologist
1369,Milner,W R,3,medical
1370,Milton,x,5,political
1370,Milton,x,28,explorer
1370,Milton,x,21,aristocracy
1372,Miraglia,B G,3,medical
1372,Miraglia,B G,24,poet
1373,Mirrlees,J B,16,business
1376,Mitchell,Alexander (1),5,political
1377,Mitchell,Arthur,3,medical
1381,Mitra,Rajendralala,42,historian
1381,Mitra,Rajendralala,18,archaeologist
1382,Mivart,St George J,7,academic
1384,Moger,Robert G,3,medical
1385,Moggridge,Matthew,18,archaeologist
1388,Moleschott,Jakob,7,academic
1388,Moleschott,Jakob,46,philosopher
1388,Moleschott,Jakob,5,political
1389,Monk,Frederick William,16,business
1390,Monk,William,6,church
1392,Monro,J,3,medical
1394,Montgomery,Patrick,4,armed services
1397,Moon,x,6,church
1398,Moore,George,3,medical
1400,Moore,J  Daniel,3,medical
1402,Moore,John (1),16,business
1403,Moore,John (2),3,medical
1404,Moore,Joseph,3,medical
1405,Moore,Robert Waters,3,medical
1406,Moore,William Gosling,10,artist
1406,Moore,William Gosling,16,business
1407,Mootoosaumy,Modeliar P S,3,medical
1408,Morgan,Fortescue John,3,medical
1411,Morgan,William Henry,3,medical
1412,Moriarty,Thomas B,3,medical
1413,Morison,Alexander,3,medical
1414,Morison,James Cotter,1,literary
1415,Morlot,Charles Adolphe,7,academic
1418,Morris,Edward Rowley,32,antiquarian
1418,Morris,Edward Rowley,16,business
1420,Morris,H C  Grove,4,armed services
1422,Morris,John,11,legal
1424,Morrison,James Holmes,3,medical
1425,Morrison,Richard James ('Zadkiel'),4,armed services
1425,Morrison,Richard James ('Zadkiel'),78,astrologer
1426,Morrison,Walter,5,political
1426,Morrison,Walter,16,business
1427,Morshead,Edward John,43,civil service
1429,Mortimer,John Robert,61,merchant
1429,Mortimer,John Robert,18,archaeologist
1431,Mosling,Svend,31,engineer
1433,Mosse,C B,3,medical
1435,Mott,George,16,business
1437,Mould,Joseph,6,church
1438,Moxon,Walter,3,medical
1439,Muir,J,7,academic
1440,Muirhead,Henry,3,medical
1441,Muller,August,7,academic
1442,Muller,Ferdinand,7,academic
1442,Muller,Ferdinand,3,medical
1443,Muller,Friedrich Max,49,philologist
1443,Muller,Friedrich Max,60,orientalist
1444,Muller,Johan,7,academic
1444,Muller,Johan,3,medical
1447,Munton,Francis Kerridge,11,legal
1448,Murchison,Roderick Impey,21,aristocracy
1448,Murchison,Roderick Impey,7,academic
1448,Murchison,Roderick Impey,19,museum work
1448,Murchison,Roderick Impey,9,geologist
1449,Murphy,Edward W,3,medical
1451,Murray,J C,3,medical
1452,Murray,John,16,business
1453,Murray,John (1),4,armed services
1454,Murray,John (2),3,medical
1457,Mussabini,N G,16,business
1458,Naoroji,Dadabhai,5,political
1458,Naoroji,Dadabhai,16,business
1460,Napier,William,11,legal
1460,Napier,William,1,literary
1460,Napier,William,29,administrative
1460,Napier,William,54,journalist
1462,Napier,William Donald,3,medical
1465,Nash,Robert Lucas,16,business
1467,Nasmyth,Alexander,3,medical
1468,Natusch,F B  Bernard,16,business
1472,Neison,William,11,legal
1475,Newall,Robert Stirling (1),16,business
1479,Newnham,P H,6,church
1480,Newton,Alfred Vincent,22,inventor
1484,Nicholls,G  Jasper,43,civil service
1484,Nicholls,G  Jasper,11,legal
1486,Nicholson,Brinsley,4,armed services
1486,Nicholson,Brinsley,3,medical
1486,Nicholson,Brinsley,7,academic
1487,Nicholson,Charles,21,aristocracy
1487,Nicholson,Charles,5,political
1487,Nicholson,Charles,7,academic
1491,Nicol,J  Dyce,5,political
1492,Nicoll,Donald,16,business
1492,Nicoll,Donald,22,inventor
1492,Nicoll,Donald,5,political
1494,Nicolucci,Giustiniano,7,academic
1494,Nicolucci,Giustiniano,37,anthropologist
1494,Nicolucci,Giustiniano,40,ethnologist
1494,Nicolucci,Giustiniano,18,archaeologist
1495,Nilsson,Sven,34,zoologist
1495,Nilsson,Sven,18,archaeologist
1498,Noel,Roden,1,literary
1498,Noel,Roden,21,aristocracy
1499,Noldwritt,John Spencer,7,academic
1500,Nordmann,Karl Friedrich,14,civil engineer
1501,Norsworthy,Henry,7,academic
1503,North,Samuel William,3,medical
1504,Nott,Josiah Clark,3,medical
1505,Nottingham,John,3,medical
1506,Nunn,Richard Maddock,3,medical
1507,Nunn,Thomas William,3,medical
1508,O'Callaghan,Charles,3,medical
1510,O'Connor,Luke Smyth,4,armed services
1511,O'Gorman,George,13,diplomacy
1512,O'Riley,Edward,29,administrative
1513,O'Sullivan,J L,1,literary
1513,O'Sullivan,J L,13,diplomacy
1514,Ogilby,William,11,legal
1514,Ogilby,William,3,medical
1514,Ogilby,William,7,academic
1515,Ogston,G H,7,academic
1518,Oliphant,Laurence,5,political
1519,Oliver,Samuel Pasfield,4,armed services
1520,Oppert,Gustav,7,academic
1521,Ord,William M,3,medical
1522,Ormathwaite,John Benn,21,aristocracy
1522,Ormathwaite,John Benn,5,political
1524,Osborn,Sherard,4,armed services
1524,Osborn,Sherard,28,explorer
1525,Osborne,John William Willoughby,4,armed services
1526,Otto,Charles,3,medical
1526,Otto,Charles,7,academic
1527,Ouvry,Frederick,11,legal
1529,Owen,H  Burnard,6,church
1530,Owen,John Fletcher,4,armed services
1531,Owen,Richard,38,anatomist
1531,Owen,Richard,8,biologist
1531,Owen,Richard,19,museum work
1531,Owen,Richard,35,palaeontologist
1532,Owen,Robert Brisco,3,medical
1533,Owen,Samuel R J,4,armed services
1534,Owens,John Downes,3,medical
1535,Packman,J D V,3,medical
1536,Page,Thomas,31,engineer
1538,Paine,Henry James,3,medical
1539,Paley,William,3,medical
1540,Palgrave,William Gifford,7,academic
1542,Palmer,Silas,3,medical
1542,Palmer,Silas,18,archaeologist
1543,Paris,Louis Philippe d'Orleans,21,aristocracy
1546,Parker,J W,16,business
1547,Parker,Walter Mantell,31,engineer
1547,Parker,Walter Mantell,44,ironmaker
1548,Parkes,Harry,13,diplomacy
1551,Parr,King John,4,armed services
1551,Parr,King John,3,medical
1552,Parry,Dashwood G,16,business
1555,Partridge,Theodore D'Orville,3,medical
1556,Pasley,Charles,21,aristocracy
1556,Pasley,Charles,4,armed services
1556,Pasley,Charles,31,engineer
1557,Paspati,Alexander,3,medical
1558,Paterson,George K H,3,medical
1559,Paterson,Robert,3,medical
1563,Peacock,Edward,7,academic
1563,Peacock,Edward,1,literary
1564,Peacock,Thomas Bevill,3,medical
1565,Peacocke,George,3,medical
1565,Peacocke,George,4,armed services
1566,Pearce,Charles Thomas,3,medical
1567,Pearse,Frederick Edward,3,medical
1569,Pearson,C H,7,academic
1570,Pechell,Alfred Henry,11,legal
1572,Peebles,J M,13,diplomacy
1573,Peel,Robert,3,medical
1574,Peiser,John,16,business
1575,Pendon,W S,3,medical
1578,Pereira,Francisco E,11,legal
1579,Perkins,William,16,business
1580,Perrin,James,80,lexicographer
1580,Perrin,James,72,linguist
1580,Perrin,James,53,naturalist
1581,Perrin,John Beswick,3,medical
1583,Perry,Erskine,21,aristocracy
1583,Perry,Erskine,5,political
1584,Perry,George Michael,3,medical
1586,Perry,S G F,6,church
1587,Perty,Josef Anton Maximilian,53,naturalist
1587,Perty,Josef Anton Maximilian,47,entomologist
1588,Petermann,Augustus Heinrich,66,map maker
1589,Petherick,Horace William,10,artist
1590,Petrie,George,11,legal
1591,Pettigrew,William Vesalius,3,medical
1593,Phayre,Arthur,29,administrative
1593,Phayre,Arthur,4,armed services
1594,Phillips,Barnet,16,business
1594,Phillips,Barnet,1,literary
1594,Phillips,Barnet,54,journalist
1594,Phillips,Barnet,4,armed services
1597,Phoebus,Philip,3,medical
1599,Pickering,Charles,53,naturalist
1600,Pictet,Francois Jules,7,academic
1600,Pictet,Francois Jules,34,zoologist
1600,Pictet,Francois Jules,35,palaeontologist
1602,Piesse,George William Septimus,7,academic
1602,Piesse,George William Septimus,16,business
1603,Pike,Luke Owen,11,legal
1603,Pike,Luke Owen,1,literary
1604,Pim,Bedford,28,explorer
1604,Pim,Bedford,11,legal
1604,Pim,Bedford,4,armed services
1604,Pim,Bedford,5,political
1605,Pinchis,Thomas Ryan,81,medallist
1610,Platts,John,7,academic
1612,Plummer,Charles,11,legal
1613,Poole,Fenwick T,11,legal
1614,Poole,John Daniel,3,medical
1615,Poole,Matthew Conway,4,armed services
1615,Poole,Matthew Conway,82,police
1616,Poole,Reginald Stuart,7,academic
1616,Poole,Reginald Stuart,19,museum work
1618,Pope,R,4,armed services
1619,Pope,W H,5,political
1619,Pope,W H,11,legal
1620,Porter,R B,31,engineer
1621,Postans,T,4,armed services
1624,Pouchet,George,53,naturalist
1624,Pouchet,George,38,anatomist
1625,Praeger,Emil Arnold,10,artist
1625,Praeger,Emil Arnold,31,engineer
1626,Pratt,Henry,3,medical
1627,Prendergast,Thomas,16,business
1627,Prendergast,Thomas,72,linguist
1628,Prestwich,Joseph,9,geologist
1628,Prestwich,Joseph,16,business
1630,Price,David S,19,museum work
1631,Price,Frederick George Hilton,30,banker
1634,Prichard,James Cowles,3,medical
1635,Prichard,Thomas,3,medical
1639,Prigg,Henry jun,7,academic
1641,Pritchard,Thomas junr,4,armed services
1641,Pritchard,Thomas junr,11,legal
1641,Pritchard,Thomas junr,1,literary
1641,Pritchard,Thomas junr,54,journalist
1642,Pritchard,William T,13,diplomacy
1643,Proctor,James C,3,medical
1648,Pulsford,Robert,5,political
1650,Purdon,H,3,medical
1651,Purdon,H S,3,medical
1652,Quaritch,Bernard,16,business
1652,Quaritch,Bernard,39,publisher
1654,Quetelet,Lambert Adolphe Jacques,83,astronomer
1654,Quetelet,Lambert Adolphe Jacques,51,mathematician
1654,Quetelet,Lambert Adolphe Jacques,84,statistion
1654,Quetelet,Lambert Adolphe Jacques,85,sociologist
1659,Rafn,Charles,42,historian
1659,Rafn,Charles,32,antiquarian
1661,Raimondi,Antonio,7,academic
1663,Ramsay,Frank,3,medical
1665,Ramsay,George Dalhousie,21,aristocracy
1665,Ramsay,George Dalhousie,5,political
1665,Ramsay,George Dalhousie,29,administrative
1666,Ramsay,John,16,business
1666,Ramsay,John,5,political
1667,Ramsay,William Francis,3,medical
1668,Ramskill,Jabez Spence,3,medical
1670,Ransford,H  Fowler,16,business
1670,Ransford,H  Fowler,11,legal
1671,Ransom,Edwin,16,business
1672,Rao,Goday Naraen Gajapati,12,Ruler
1672,Rao,Goday Naraen Gajapati,5,political
1673,Ratcliff,Charles,4,armed services
1674,Rawlinson,Henry,4,armed services
1674,Rawlinson,Henry,5,political
1675,Rawson,James,3,medical
1677,Read,W H,16,business
1678,Reade,Charles,1,literary
1678,Reade,Charles,11,legal
1679,Reade,William Winwood,42,historian
1679,Reade,William Winwood,28,explorer
1679,Reade,William Winwood,46,philosopher
1680,Reddie,James,43,civil service
1683,Reichert,Karl Bogislaus,38,anatomist
1684,Reid,Lestock Robert,29,administrative
1685,Renan,Ernest,7,academic
1685,Renan,Ernest,46,philosopher
1686,Renshaw,Charles Jeremiah,3,medical
1687,Retzius,Anders,7,academic
1687,Retzius,Anders,3,medical
1690,Ricardo,M,3,medical
1691,Riccard,Edward Jackson,3,medical
1694,Richardson,Charles,16,business
1695,Richardson,Francis,16,business
1697,Rickard,Francis Ignatio,4,armed services
1702,Ridley,William,6,church
1704,"Ripon, De Grey and",x,21,aristocracy
1704,"Ripon, De Grey and",x,5,political
1706,Ritter,Carl,33,geographer
1707,Rivers,Henry F,6,church
1708,Rivett-Carnac,John Henry,4,armed services
1708,Rivett-Carnac,John Henry,43,civil service
1713,Roberts,J,6,church
1713,Roberts,J,4,armed services
1715,Robertson (2),Alexander,3,medical
1718,Robertson,Daniel Brooke,13,diplomacy
1720,Robins,Thomas Valentine,10,artist
1721,Robinson,Edward,11,legal
1724,Robinson,George Augustus,29,administrative
1727,Roch,Sampson,4,armed services
1727,Roch,Sampson,3,medical
1728,Rock,"James, jun",16,business
1729,Roe,Hamilton,3,medical
1733,Rogers,George,3,medical
1734,Rogers,John,16,business
1735,Rolleston,George,3,medical
1735,Rolleston,George,7,academic
1737,Rolph,George Frederick,43,civil service
1737,Rolph,George Frederick,37,anthropologist
1739,Ronay,Hyacinthe,6,church
1740,Rooke,Charles,3,medical
1741,Rose,James Anderson,11,legal
1741,Rose,James Anderson,15,collector
1742,Rosehill,x,21,aristocracy
1742,Rosehill,x,4,armed services
1743,Rosenbusch,Theodor A,13,diplomacy
1743,Rosenbusch,Theodor A,16,business
1745,Ross,John George Clunies,29,administrative
1746,Roth,x,7,academic
1747,Rothman,Richard Wellesley,3,medical
1747,Rothman,Richard Wellesley,7,academic
1749,Routh,E J,7,academic
1752,Rowbotham,R W,3,medical
1754,Rowcroft,Harry Crommelin,4,armed services
1756,Rudall,Henry,16,business
1757,Rudd,Thomas,3,medical
1757,Rudd,Thomas,4,armed services
1758,Rudler,Frederick William,7,academic
1758,Rudler,Frederick William,64,mineralogist
1760,Rugg,H  Hodgson,3,medical
1761,Rule,Samuel,3,medical
1761,Rule,Samuel,4,armed services
1762,Ruskin,John,10,artist
1762,Ruskin,John,1,literary
1763,Russell,A H,4,armed services
1764,Russell,Charles E,4,armed services
1766,Russell,Logan H  D,3,medical
1767,Rutimeyer,x,34,zoologist
1767,Rutimeyer,x,9,geologist
1767,Rutimeyer,x,38,anatomist
1767,Rutimeyer,x,35,palaeontologist
1768,Ruxton,George Augustus Frederick,4,armed services
1768,Ruxton,George Augustus Frederick,28,explorer
1769,Ryan,Edward,11,legal
1770,Ryan,John,3,medical
1771,Rygh,Oluf,18,archaeologist
1771,Rygh,Oluf,49,philologist
1771,Rygh,Oluf,42,historian
1775,Salomons,David,5,political
1775,Salomons,David,21,aristocracy
1776,Salting,William Severin,11,legal
1777,Sandale,James,3,medical
1777,Sandale,James,4,armed services
1778,Sanders,Alfred,3,medical
1778,Sanders,Alfred,7,academic
1782,Sandwith,Humfrey,3,medical
1782,Sandwith,Humfrey,4,armed services
1785,Saull,William Devonshire,16,business
1785,Saull,William Devonshire,19,museum work
1789,Scattergood,W H,16,business
1790,Schaaffhausen,Hermann,38,anatomist
1790,Schaaffhausen,Hermann,86,paleoanthropologist
1790,Schaaffhausen,Hermann,37,anthropologist
1791,Scharlieb,William Mason,11,legal
1792,Scherzer,Carl Ritter von,28,explorer
1792,Scherzer,Carl Ritter von,13,diplomacy
1792,Scherzer,Carl Ritter von,7,academic
1800,Schomburgk,Robert  Herman,13,diplomacy
1800,Schomburgk,Robert  Herman,7,academic
1801,Schoolcraft,Henry R,11,legal
1804,Schwabe,E S,16,business
1809,Scott,John (1),3,medical
1810,Scott,John (2),3,medical
1811,Scott,Robert,7,academic
1812,Scott,Robert S,6,church
1813,Scott,Thomas,16,business
1814,Scott,Wentworth Lascelles,36,chemist
1815,Scouler,John,7,academic
1815,Scouler,John,3,medical
1816,Seaman,J  Eglinton,3,medical
1819,Selwyn,E J,6,church
1820,Selwyn,William,6,church
1820,Selwyn,William,7,academic
1821,Semper,Carl,7,academic
1821,Semper,Carl,40,ethnologist
1822,Semper,Hugh R,16,business
1823,Sewall,Lucy Ellen,3,medical
1825,Sexton,George,3,medical
1827,Seymour,Henry Danby,5,political
1827,Seymour,Henry Danby,21,aristocracy
1830,Sharp,W,3,medical
1831,Sharpe,W J,16,business
1835,Shaw,Frederick George,4,armed services
1835,Shaw,Frederick George,63,veterinary surgeon
1836,Shaw,Norton,3,medical
1837,Shaw,Robert Barkley,28,explorer
1838,Shaw,William Wardrop,16,business
1839,Sheffield,x,21,aristocracy
1839,Sheffield,x,5,political
1841,Sheridan,H  Brinsley,5,political
1842,Sherwood,William Henry,3,medical
1843,Shiel,Justin,4,armed services
1843,Shiel,Justin,13,diplomacy
1844,Shillinglaw,John Joseph,59,librarian
1845,Shipp,William,74,book seller
1845,Shipp,William,87,printer
1846,Shortt,John,4,armed services
1846,Shortt,John,3,medical
1847,Showers,Charles Lionel,4,armed services
1849,Shute,Thomas R G,16,business
1850,Shuttleworth,James Kay,21,aristocracy
1850,Shuttleworth,James Kay,5,political
1853,Silva-Ferro,Ramon de,13,diplomacy
1855,Simonides,Constantine,7,academic
1855,Simonides,Constantine,10,artist
1856,Simonson,S F,3,medical
1857,Simpson,Frank,3,medical
1858,Simpson,H V,3,medical
1859,Simpson,James,6,church
1859,Simpson,James,32,antiquarian
1860,Simpson,William Henry,10,artist
1861,Sims,J  Marrion,3,medical
1863,Sisson,R S,3,medical
1865,Skardon,x,4,armed services
1866,Skene,James Henry,13,diplomacy
1867,Skues,Frederick Mackenzie,4,armed services
1867,Skues,Frederick Mackenzie,3,medical
1868,Skues,William Mackenzie,3,medical
1868,Skues,William Mackenzie,4,armed services
1869,Slapp,Thomas Peyton,6,church
1870,Smart,Bath Charles,3,medical
1871,Smedley,J  Valentine,16,business
1873,Smith,Andrew,3,medical
1873,Smith,Andrew,28,explorer
1874,Smith,D  Pye,6,church
1875,Smith,Edward Osborne,16,business
1878,Smith,George Hill,3,medical
1879,Smith,George Whitely,16,business
1882,Smith,Joseph J,7,academic
1883,Smith,Peter,3,medical
1884,Smith,Protheroe,3,medical
1886,Smith,Thomas,3,medical
1887,Smith,Thomas Eustace,5,political
1888,Smith,Thomas James,3,medical
1888,Smith,Thomas James,16,business
1889,Smith,Thomas Southwood,3,medical
1890,Smith,William,16,business
1892,Smith,Worthington George,10,artist
1892,Smith,Worthington George,7,academic
1894,Smyth,Brice,3,medical
1895,Smyth,James,4,armed services
1896,Smyth,John E,3,medical
1898,Smyth,R  Brough,43,civil service
1898,Smyth,R  Brough,88,mining engineer
1899,Snaith,Frederick,3,medical
1901,Snow,William Parker,28,explorer
1901,Snow,William Parker,4,armed services
1902,Solly,Samuel,3,medical
1905,Southby,Philip,11,legal
1907,Southey,Henry,3,medical
1908,Sparhawk,James Bertram,16,business
1909,Spark,Henry King,16,business
1911,Spence,G W,3,medical
1912,Spence,Peter,16,business
1913,Spence,W H,7,academic
1914,Spence,William,89,economist
1914,Spence,William,47,entomologist
1918,Spooner,Edward,6,church
1919,Spottiswoode,William,7,academic
1923,Spurrell,Flaxman,3,medical
1924,Squier,Ephraim George,18,archaeologist
1924,Squier,Ephraim George,54,journalist
1926,St Clair,George,6,church
1928,St John,Bayle,1,literary
1929,St John,James Augustus,1,literary
1930,St John,Percy B,54,journalist
1931,St John,Spencer,13,diplomacy
1931,St John,Spencer,21,aristocracy
1932,St Maur,Edward,21,aristocracy
1935,Stamp,Edward,4,armed services
1935,Stamp,Edward,16,business
1936,Stanbridge,William Edward,5,political
1938,Stanley,Thomas C,6,church
1939,Stanton,John,11,legal
1941,Stark,A B,3,medical
1943,Steenstrup,Japetus,34,zoologist
1943,Steenstrup,Japetus,8,biologist
1943,Steenstrup,Japetus,7,academic
1945,Steinhauer,Carl (Karl),7,academic
1945,Steinhauer,Carl (Karl),19,museum work
1947,Stepney,William Frederick Cowell,21,aristocracy
1951,Stewart,A A,3,medical
1952,Stewart,Alexander Patrick,3,medical
1953,Stewart,Charles Edward,4,armed services
1954,Stewart,W S,4,armed services
1955,Stirling,John,10,artist
1957,Stone,David Henry,11,legal
1958,Stone,Robert Sidney,11,legal
1959,Storey,William,3,medical
1960,Story,William,3,medical
1961,Stourton,John Marmaduke,21,aristocracy
1962,Strachan,John,1,literary
1963,Strangford,x,21,aristocracy
1963,Strangford,x,1,literary
1964,Stratford,S,3,medical
1967,Stretton,Henry,6,church
1968,Struthers,Andrew,16,business
1969,Stuart,x,13,diplomacy
1969,Stuart,x,4,armed services
1970,Studart,John William,13,diplomacy
1972,Sturz,John James,13,diplomacy
1972,Sturz,John James,5,political
1973,Sutherland,J P,3,medical
1974,Sutherland,Peter Cormac,3,medical
1975,Suttor,Edwin C,11,legal
1976,Suttor,George,90,farmer
1980,Swete,Horace,3,medical
1981,Swift,Richard Levinge,13,diplomacy
1982,Swinburne,Algernon Charles,1,literary
1982,Swinburne,Algernon Charles,24,poet
1983,Swinhoe,Robert,53,naturalist
1983,Swinhoe,Robert,29,administrative
1984,Sydenham,David,16,business
1986,Sylvester,J J,7,academic
1987,Symonds,J A,3,medical
1987,Symonds,J A,1,literary
1988,Symonds,William Samuel,6,church
1988,Symonds,William Samuel,9,geologist
1990,Tagore,G M,7,academic
1990,Tagore,G M,11,legal
1991,Tait,Lawson,3,medical
1993,Talbot de Malahide,James,21,aristocracy
1993,Talbot de Malahide,James,23,photographer
1994,Tanner,James,6,church
1995,Tasmania,x,6,church
1996,Tate,Alexander Norman,7,academic
1996,Tate,Alexander Norman,16,business
1998,Tate,George Ralph,3,medical
1999,Tate,Ralph (1),7,academic
2000,Tate,Thomas (1),1,literary
2000,Tate,Thomas (1),51,mathematician
2001,Tate,Thomas (2),3,medical
2001,Tate,Thomas (2),7,academic
2002,Tatham,Thomas R,3,medical
2004,Tawney,E B,19,museum work
2005,Taylor,John,26,architect
2008,Taylor,Richard Stephens jnr,11,legal
2012,Temple,Richard,5,political
2012,Temple,Richard,29,administrative
2013,Tenison,Edward Tenison Ryan,3,medical
2014,Tennant,John,16,business
2015,Tennent,James Emerson,11,legal
2016,Theed,Frederick,3,medical
2018,Thin,Robert,3,medical
2019,Thirlwall,Connop,6,church
2020,Thomas,J L,3,medical
2021,Thompson,Alfred Robert,4,armed services
2022,Thompson,Fred,11,legal
2033,Thomson,John,23,photographer
2035,Threlkeld,L E,6,church
2037,Thrupp,John,11,legal
2037,Thrupp,John,1,literary
2038,Thurlow,Edward,6,church
2039,Thurnam,John,3,medical
2040,Tiddeman,Richard Hill,7,academic
2042,Timmins,Samuel,7,academic
2044,Tinsley,x,3,medical
2045,Tinsley,E,16,business
2047,Tolme,C D,16,business
2049,Tonnere,James,3,medical
2050,Tooke,William,11,legal
2050,Tooke,William,5,political
2057,Travers,William,3,medical
2060,Trevor,Edward Andrew,4,armed services
2063,Trubner,Nicolas,39,publisher
2063,Trubner,Nicolas,72,linguist
2065,Tschurowsky,Gregory,9,geologist
2065,Tschurowsky,Gregory,7,academic
2066,Tuckett,Charles jun,16,business
2066,Tuckett,Charles jun,19,museum work
2067,Tuke,Thomas Harrington,3,medical
2068,Tumangung of Jehore,x,12,Ruler
2070,Turle,James,3,medical
2073,Turner,William F J,3,medical
2074,Turner,William Wadden,7,academic
2075,Turrell,Arthur,10,artist
2077,Twining,William,3,medical
2081,Uhde,Carl Wilhelm Ferdinand,3,medical
2083,Underwood,John,3,medical
2085,Ussher,Herbert Taylor,4,armed services
2088,Valpy,J J C,6,church
2089,Vambery,Armenius,7,academic
2091,Vaughan,Jonas Daniel,11,legal
2092,Vaux,William Sandys Wright,7,academic
2092,Vaux,William Sandys Wright,19,museum work
2093,Velasco,Gonzalez,37,anthropologist
2093,Velasco,Gonzalez,19,museum work
2093,Velasco,Gonzalez,3,medical
2095,Vibraye,Paul,21,aristocracy
2096,Vignaud,Henry,13,diplomacy
2096,Vignaud,Henry,17,educator
2096,Vignaud,Henry,54,journalist
2096,Vignaud,Henry,4,armed services
2098,Virchow,Rudolph,7,academic
2098,Virchow,Rudolph,3,medical
2098,Virchow,Rudolph,5,political
2100,Vogt,Carl,7,academic
2101,Vulliamy,Benjamin,91,clockmaker
2102,Wade,Thomas Francis,13,diplomacy
2103,Wagner,Rudolph,7,academic
2105,Waitz,Theodore,7,academic
2110,Walford,Cornelius,16,business
2112,Walker,Alexander Macnamee,3,medical
2115,Walker,George,3,medical
2116,Walker,James,31,engineer
2117,Walker,James Sydney,16,business
2120,Walker,Thomas,93,private means
2121,Wallace,Alfred Russel,37,anthropologist
2121,Wallace,Alfred Russel,28,explorer
2121,Wallace,Alfred Russel,53,naturalist
2121,Wallace,Alfred Russel,33,geographer
2122,Walmsley,Joshua,29,administrative
2122,Walmsley,Joshua,4,armed services
2123,Walther,Phillipp Alexander,59,librarian
2123,Walther,Phillipp Alexander,42,historian
2124,Walton,H C,16,business
2125,Walton,J W,10,artist
2126,Walton,Rienzi G,16,business
2126,Walton,Rienzi G,10,artist
2127,Wanklyn,James Alfred,7,academic
2129,Ward,Stephen Henry,3,medical
2130,Warden,Charles,3,medical
2132,Ware,Samuel Hibbert,3,medical
2132,Ware,Samuel Hibbert,9,geologist
2132,Ware,Samuel Hibbert,32,antiquarian
2133,Waring,James J,3,medical
2134,Warner,Edward,5,political
2135,Warren,Thomas T P  Bruce,7,academic
2137,Warwick,Richard Archer,3,medical
2138,Washbourn,Buchanan,3,medical
2140,Waterhouse,George,53,naturalist
2142,Watson,Samuel,11,legal
2144,Watts,John King,11,legal
2145,Waugh,Andrew Scott,4,armed services
2146,Webb,Stephen,3,medical
2146,Webb,Stephen,4,armed services
2149,Webster,Henry,11,legal
2150,Webster,John,11,legal
2151,Weisbach,Augustin,3,medical
2152,Welcker,Hermann,7,academic
2152,Welcker,Hermann,22,inventor
2152,Welcker,Hermann,38,anatomist
2152,Welcker,Hermann,37,anthropologist
2154,Wells,Mordaunt,11,legal
2158,West,Reginald Sackville,6,church
2158,West,Reginald Sackville,21,aristocracy
2159,Westropp,Hodder Michael,18,archaeologist
2163,Whishaw,James,11,legal
2164,White,x,4,armed services
2168,Whitear,William,6,church
2169,Whitehead,John B,26,architect
2170,Whitehead,Peter O,26,architect
2171,Whitehead,Thomas K,26,architect
2176,Wickes,Thomas Haines,14,civil engineer
2177,Wienecke,x,3,medical
2178,Wigan,A L,3,medical
2181,Wilkins,Augustus S,7,academic
2184,Wilkinson,John Gardner,71,egyptologist
2187,Williams,Charles R,4,armed services
2189,Williams,Frederick Martin,5,political
2192,Williams,Henry G,16,business
2193,Williams,John (1),3,medical
2194,Williams,John (2),6,church
2194,Williams,John (2),17,educator
2195,Williams,John Wilkins,3,medical
2196,Williams,S W D,3,medical
2197,Williams,Thomas,3,medical
2198,Williamson,G,3,medical
2199,Willis,Matthew,3,medical
2200,Wilmot,J E  Eardley,5,political
2200,Wilmot,J E  Eardley,11,legal
2204,Wilson,Daniel,7,academic
2206,Wilson,Frank,16,business
2209,Wilson,John Leigh,16,business
2210,Wilson,R,3,medical
2212,Wilson,William Newton,16,business
2213,Wiltshire,Alfred,3,medical
2215,Windus,Alfred Tubb,4,armed services
2216,Winthrop,Benjamin Robert,16,business
2217,Winwood,Henry Hoyte,6,church
2218,Wise,Thomas Alexander,3,medical
2219,Witt,George,3,medical
2219,Witt,George,16,business
2220,Wittich,von,7,academic
2223,Wolff,Henry Drummond,29,administrative
2225,Wood,Edward,3,medical
2226,Wood,F  Henry,4,armed services
2227,Wood,J W,3,medical
2228,Wood,James,7,academic
2229,Wood,John George,6,church
2230,Wood,Robert,16,business
2233,Wood,William Spicer,6,church
2235,Woods,Robert Carr,11,legal
2235,Woods,Robert Carr,1,literary
2236,Worrall,Joseph Hardman,53,naturalist
2237,Worsaae,Jens Jacob Asmussen,18,archaeologist
2237,Worsaae,Jens Jacob Asmussen,42,historian
2237,Worsaae,Jens Jacob Asmussen,5,political
2237,Worsaae,Jens Jacob Asmussen,19,museum work
2238,Wrangell,Ferdinand Von,4,armed services
2238,Wrangell,Ferdinand Von,28,explorer
2239,Wray,William,16,business
2242,Wright,Francis Beresford,16,business
2244,Wright,Thomas,32,antiquarian
2246,Wucherer,Otto,3,medical
2248,Wyld,James,5,political
2248,Wyld,James,66,map maker
2250,Wyman,Jeffries,53,naturalist
2250,Wyman,Jeffries,38,anatomist
2251,Yates,Ashton,5,political
2252,Yates,W  Holt,3,medical
2253,Yearsley,James,3,medical
2254,Yeldham,Stephen,3,medical
2255,Youl,James A,16,business
2259,Zeltner,Arthur de,13,diplomacy
