"id","person1_id","person1_name","person2_id","person2_name"
4386,23,William Aldam,2346,x Fox
4387,2264,William Jun Aldam,2346,x Fox
4388,2265,Frederick Alexander,2547,R D Alexander
4389,2545,G W Alexander,2547,R D Alexander
4390,2546,Henry Alexander,2547,R D Alexander
4394,2547,R D Alexander,2610,John M Candler
4395,2548,Thomas Allis,2557,James Jun Backhouse
4396,2548,Thomas Allis,2599,Francis Brown
4397,2548,Thomas Allis,2866,Septimus Warner
4398,2270,R Arthington,2565,J Gurney Barclay
4399,2271,R Jun Arthington,2565,J Gurney Barclay
4400,2271,R Jun Arthington,2301,Charles L Braithwaite
4401,2271,R Jun Arthington,2640,J Cudworth
4402,2271,R Jun Arthington,2764,Gurney Pease
4403,2271,R Jun Arthington,2770,Susan Pease
4404,2271,R Jun Arthington,2863,F J Walker
4405,2271,R Jun Arthington,2505,Isaac Wilson
4406,2271,R Jun Arthington,2875,John E Wilson
4408,2552,Edward Ash,2555,Edward Jun Backhouse
4409,2552,Edward Ash,2579,Paul Bevan
4410,2552,Edward Ash,2771,Thomas Pease
4413,2273,C Ashby,2705,Robert Horne
4414,2273,C Ashby,2747,Edward C May
4415,2273,C Ashby,2748,Francis May
4416,2273,C Ashby,2816,W Dillwyn Sims
4417,2273,C Ashby,2849,Francis Tuckett
4418,2273,C Ashby,2850,P Debell Tuckett
4422,2553,Alfred Backhouse,2607,Edward North Buxton
4424,2553,Alfred Backhouse,2675,Anna Gurney
4427,2553,Alfred Backhouse,2679,John Gurney
4428,2553,Alfred Backhouse,2680,Samuel Gurney
4432,2553,Alfred Backhouse,2721,Andrew Johnston
4433,2553,Alfred Backhouse,2722,Andrew & Jun Johnston
4436,2277,Catherine Backhouse,2569,R C Barrow
4437,2277,Catherine Backhouse,2608,James Cadbury
4438,2277,Catherine Backhouse,2771,Thomas Pease
4439,2277,Catherine Backhouse,2494,Alfred Waterhouse
4442,2554,Edmund Backhouse,2557,James Jun Backhouse
4444,2554,Edmund Backhouse,2607,Edward North Buxton
4446,2554,Edmund Backhouse,2633,Joseph Crosfield
4447,2554,Edmund Backhouse,2659,Francis E Fox
4450,2554,Edmund Backhouse,2675,Anna Gurney
4451,2554,Edmund Backhouse,2677,Henry E Gurney
4454,2554,Edmund Backhouse,2679,John Gurney
4455,2554,Edmund Backhouse,2680,Samuel Gurney
4457,2554,Edmund Backhouse,2721,Andrew Johnston
4458,2554,Edmund Backhouse,2722,Andrew & Jun Johnston
4459,2554,Edmund Backhouse,2765,Henry Fell Pease
4460,2554,Edmund Backhouse,2766,John Pease
4461,2554,Edmund Backhouse,2767,John B Pease
4462,2554,Edmund Backhouse,2771,Thomas Pease
4465,2554,Edmund Backhouse,2794,J S Robson
4468,80,Edward Backhouse,2264,William Jun Aldam
4469,80,Edward Backhouse,2557,James Jun Backhouse
4470,80,Edward Backhouse,249,Antonio Brady
4471,80,Edward Backhouse,2592,G S Brady
4472,80,Edward Backhouse,2300,Henry Brady
4473,80,Edward Backhouse,2340,John Ford
4474,80,Edward Backhouse,731,William Fowler
4475,80,Edward Backhouse,2659,Francis E Fox
4476,80,Edward Backhouse,2351,Francis Gibson
4477,80,Edward Backhouse,2399,Samuel King
4478,80,Edward Backhouse,2762,Arthur Pease
4479,80,Edward Backhouse,2763,Edward Pease
4480,80,Edward Backhouse,2764,Gurney Pease
4481,80,Edward Backhouse,2765,Henry Fell Pease
4482,80,Edward Backhouse,2766,John Pease
4483,80,Edward Backhouse,2767,John B Pease
4484,80,Edward Backhouse,2768,Joseph Pease
4485,80,Edward Backhouse,2769,Joseph Whitwell Pease
4486,80,Edward Backhouse,2770,Susan Pease
4487,80,Edward Backhouse,2771,Thomas Pease
4488,80,Edward Backhouse,2427,Edward Priestman (2)
4489,80,Edward Backhouse,2793,Isaac Robson
4490,80,Edward Backhouse,2794,J S Robson
4491,80,Edward Backhouse,2796,Samuel Rosling
4492,80,Edward Backhouse,2797,John Rowntree
4493,80,Edward Backhouse,2459,Edward Smith
4494,80,Edward Backhouse,2460,Richard Smith
4495,80,Edward Backhouse,2503,Charles Wilson
4496,80,Edward Backhouse,2876,Joshua Wilson
4501,2555,Edward Jun Backhouse,2557,James Jun Backhouse
4502,2555,Edward Jun Backhouse,2587,Christopher Bowley
4504,2555,Edward Jun Backhouse,2659,Francis E Fox
4506,2555,Edward Jun Backhouse,2762,Arthur Pease
4507,2555,Edward Jun Backhouse,2763,Edward Pease
4508,2555,Edward Jun Backhouse,2764,Gurney Pease
4509,2555,Edward Jun Backhouse,2765,Henry Fell Pease
4510,2555,Edward Jun Backhouse,2766,John Pease
4511,2555,Edward Jun Backhouse,2767,John B Pease
4512,2555,Edward Jun Backhouse,2768,Joseph Pease
4513,2555,Edward Jun Backhouse,2769,Joseph Whitwell Pease
4514,2555,Edward Jun Backhouse,2770,Susan Pease
4515,2555,Edward Jun Backhouse,2771,Thomas Pease
4518,2555,Edward Jun Backhouse,2793,Isaac Robson
4519,2555,Edward Jun Backhouse,2794,J S Robson
4522,2555,Edward Jun Backhouse,2874,Caleb Williams
4523,81,James (1) Backhouse,2554,Edmund Backhouse
4525,81,James (1) Backhouse,2555,Edward Jun Backhouse
4526,81,James (1) Backhouse,2558,John Church Backhouse
4527,81,James (1) Backhouse,2563,Eliza Barclay
4528,81,James (1) Backhouse,523,David Dale
4529,81,James (1) Backhouse,2686,Cornelius x Jun Hanbury
4530,81,James (1) Backhouse,2699,John Hodgkin
4531,81,James (1) Backhouse,2399,Samuel King
4532,81,James (1) Backhouse,2427,Edward Priestman (2)
4533,81,James (1) Backhouse,2433,Edward Richardson
4534,81,James (1) Backhouse,2854,J H Tuke
4540,2557,James Jun Backhouse,2587,Christopher Bowley
4542,2557,James Jun Backhouse,2662,R Barclay Fox
4544,2557,James Jun Backhouse,2699,John Hodgkin
4547,2557,James Jun Backhouse,2874,Caleb Williams
4552,2558,John Church Backhouse,2563,Eliza Barclay
4553,2558,John Church Backhouse,2587,Christopher Bowley
4554,2558,John Church Backhouse,2633,Joseph Crosfield
4557,2558,John Church Backhouse,2659,Francis E Fox
4559,2558,John Church Backhouse,2719,A Janson
4560,2558,John Church Backhouse,2720,William Janson
4561,2558,John Church Backhouse,2762,Arthur Pease
4562,2558,John Church Backhouse,2763,Edward Pease
4563,2558,John Church Backhouse,2764,Gurney Pease
4564,2558,John Church Backhouse,2765,Henry Fell Pease
4565,2558,John Church Backhouse,2766,John Pease
4566,2558,John Church Backhouse,2767,John B Pease
4567,2558,John Church Backhouse,2768,Joseph Pease
4568,2558,John Church Backhouse,2769,Joseph Whitwell Pease
4569,2558,John Church Backhouse,2770,Susan Pease
4570,2558,John Church Backhouse,2771,Thomas Pease
4571,2558,John Church Backhouse,2771,Thomas Pease
4573,2558,John Church Backhouse,2785,Jane Reynolds
4575,2558,John Church Backhouse,2793,Isaac Robson
4576,2558,John Church Backhouse,2794,J S Robson
4578,2280,Jonathan Backhouse,2557,James Jun Backhouse
4579,2559,J E Baker,2781,G R Pumphrey
4581,2561,A P Balkwill,2683,Daniel P Hack
4583,2562,William Ball,2785,Jane Reynolds
4584,2518,Abram Rawlinson Barclay,2579,Paul Bevan
4586,2518,Abram Rawlinson Barclay,2607,Edward North Buxton
4588,2518,Abram Rawlinson Barclay,2662,R Barclay Fox
4592,2518,Abram Rawlinson Barclay,2680,Samuel Gurney
4593,2518,Abram Rawlinson Barclay,2685,Cornelius Hanbury
4594,2518,Abram Rawlinson Barclay,2686,Cornelius x Jun Hanbury
4595,2518,Abram Rawlinson Barclay,2687,Daniel Bell Hanbury
4599,2518,Abram Rawlinson Barclay,2721,Andrew Johnston
4600,2518,Abram Rawlinson Barclay,2722,Andrew & Jun Johnston
4603,2563,Eliza Barclay,2587,Christopher Bowley
4604,2563,Eliza Barclay,2633,Joseph Crosfield
4607,2563,Eliza Barclay,2659,Francis E Fox
4609,2563,Eliza Barclay,2686,Cornelius x Jun Hanbury
4610,2563,Eliza Barclay,2719,A Janson
4611,2563,Eliza Barclay,2720,William Janson
4612,2563,Eliza Barclay,2763,Edward Pease
4613,2563,Eliza Barclay,2763,Edward Pease
4614,2563,Eliza Barclay,2764,Gurney Pease
4615,2563,Eliza Barclay,2765,Henry Fell Pease
4616,2563,Eliza Barclay,2766,John Pease
4617,2563,Eliza Barclay,2767,John B Pease
4618,2563,Eliza Barclay,2768,Joseph Pease
4619,2563,Eliza Barclay,2769,Joseph Whitwell Pease
4620,2563,Eliza Barclay,2770,Susan Pease
4621,2563,Eliza Barclay,2771,Thomas Pease
4623,2563,Eliza Barclay,2785,Jane Reynolds
4624,2563,Eliza Barclay,2794,J S Robson
4626,2563,Eliza Barclay,2854,J H Tuke
4627,2563,Eliza Barclay,2874,Caleb Williams
4636,2565,J Gurney Barclay,2675,Anna Gurney
4638,2565,J Gurney Barclay,2679,John Gurney
4639,2565,J Gurney Barclay,2680,Samuel Gurney
4641,2565,J Gurney Barclay,2721,Andrew Johnston
4642,2565,J Gurney Barclay,2722,Andrew & Jun Johnston
4643,2285,Robert Barclay,2580,Robert Bevan
4644,2285,Robert Barclay,2595,Charles Brewin
4646,2285,Robert Barclay,2607,Edward North Buxton
4647,2285,Robert Barclay,2309,Thomas Fowell Buxton
4648,2285,Robert Barclay,2662,R Barclay Fox
4649,2285,Robert Barclay,2344,Robert Were Fox
4650,2285,Robert Barclay,2346,x Fox
4651,2285,Robert Barclay,2514,William Jun Grimshaw
4653,2285,Robert Barclay,2679,John Gurney
4654,2285,Robert Barclay,2680,Samuel Gurney
4655,2285,Robert Barclay,2685,Cornelius Hanbury
4656,2285,Robert Barclay,2686,Cornelius x Jun Hanbury
4657,2285,Robert Barclay,2687,Daniel Bell Hanbury
4658,2285,Robert Barclay,2371,George Head
4659,2285,Robert Barclay,2372,Sarah Head
4660,2285,Robert Barclay,2380,Gurney Hoare
4661,2285,Robert Barclay,2721,Andrew Johnston
4662,2285,Robert Barclay,2722,Andrew & Jun Johnston
4664,2574,John Beaumont,2765,Henry Fell Pease
4668,2575,Rebecca Beaumont,2594,S Braithwaite
4669,2575,Rebecca Beaumont,2631,James Cropper
4670,2575,Rebecca Beaumont,2632,John Cropper
4671,2575,Rebecca Beaumont,2643,Lucy Darby
4672,2575,Rebecca Beaumont,2646,Barnard Dickinson
4673,2575,Rebecca Beaumont,2656,Rachel Fowler
4675,2575,Rebecca Beaumont,2657,Thomas Fowler
4677,2575,Rebecca Beaumont,2658,Alfred L Fox
4680,2575,Rebecca Beaumont,2677,Henry E Gurney
4682,2575,Rebecca Beaumont,2724,John Jowett
4683,2575,Rebecca Beaumont,2729,Edward A Leatham
4684,2575,Rebecca Beaumont,2732,Wilson Lloyd
4685,2575,Rebecca Beaumont,2762,Arthur Pease
4686,2575,Rebecca Beaumont,2763,Edward Pease
4687,2575,Rebecca Beaumont,2764,Gurney Pease
4688,2575,Rebecca Beaumont,2765,Henry Fell Pease
4689,2575,Rebecca Beaumont,2766,John Pease
4690,2575,Rebecca Beaumont,2768,Joseph Pease
4691,2575,Rebecca Beaumont,2769,Joseph Whitwell Pease
4692,2575,Rebecca Beaumont,2829,Charles Sturge
4697,2578,Deborah Beesley,2683,Daniel P Hack
4699,2578,Deborah Beesley,2761,Reuben C Payne
4700,2289,Eliza Bell,2607,Edward North Buxton
4701,2289,Eliza Bell,2309,Thomas Fowell Buxton
4702,2289,Eliza Bell,2677,Henry E Gurney
4703,2289,Eliza Bell,2679,John Gurney
4704,2289,Eliza Bell,2680,Samuel Gurney
4705,2289,Eliza Bell,2371,George Head
4706,2289,Eliza Bell,2378,John Hills
4707,2290,Frederick J Bell,2607,Edward North Buxton
4708,2290,Frederick J Bell,2309,Thomas Fowell Buxton
4709,2290,Frederick J Bell,2677,Henry E Gurney
4710,2290,Frederick J Bell,2679,John Gurney
4711,2290,Frederick J Bell,2680,Samuel Gurney
4712,2290,Frederick J Bell,2371,George Head
4713,2290,Frederick J Bell,2372,Sarah Head
4714,2291,S S Bell,2607,Edward North Buxton
4715,2291,S S Bell,2309,Thomas Fowell Buxton
4716,2291,S S Bell,2677,Henry E Gurney
4717,2291,S S Bell,2679,John Gurney
4718,2291,S S Bell,2680,Samuel Gurney
4719,2291,S S Bell,2371,George Head
4720,2291,S S Bell,2372,Sarah Head
4721,2523,John Bell,2607,Edward North Buxton
4723,2523,John Bell,2677,Henry E Gurney
4724,2523,John Bell,2679,John Gurney
4725,2523,John Bell,2680,Samuel Gurney
4730,2579,Paul Bevan,2580,Robert Bevan
4731,2579,Paul Bevan,2620,Robert Charleton
4734,2579,Paul Bevan,2658,Alfred L Fox
4736,2579,Paul Bevan,2659,Francis E Fox
4737,2579,Paul Bevan,2660,Frederick H Fox
4738,2579,Paul Bevan,2661,J G Fox
4739,2579,Paul Bevan,2662,R Barclay Fox
4742,2579,Paul Bevan,2718,Edward James
4744,2579,Paul Bevan,2769,Joseph Whitwell Pease
4746,2579,Paul Bevan,2846,Nathaniel Tregellis
4747,2579,Paul Bevan,2849,Francis Tuckett
4752,2580,Robert Bevan,2607,Edward North Buxton
4754,2580,Robert Bevan,2662,R Barclay Fox
4757,2580,Robert Bevan,2677,Henry E Gurney
4759,2580,Robert Bevan,2679,John Gurney
4760,2580,Robert Bevan,2680,Samuel Gurney
4761,2580,Robert Bevan,2685,Cornelius Hanbury
4762,2580,Robert Bevan,2686,Cornelius x Jun Hanbury
4763,2580,Robert Bevan,2687,Daniel Bell Hanbury
4767,2580,Robert Bevan,2718,Edward James
4768,2580,Robert Bevan,2721,Andrew Johnston
4769,2580,Robert Bevan,2722,Andrew & Jun Johnston
4772,2294,J Binyon,2631,James Cropper
4773,2294,J Binyon,2632,John Cropper
4774,2294,J Binyon,2724,John Jowett
4775,2582,Thomas Binyon,2631,James Cropper
4776,2582,Thomas Binyon,2632,John Cropper
4777,2582,Thomas Binyon,2724,John Jowett
4779,2583,S Birchall,2587,Christopher Bowley
4781,2583,S Birchall,2640,J Cudworth
4782,2583,S Birchall,2664,Frederick Fryer
4784,2583,S Birchall,2724,John Jowett
4786,2583,S Birchall,2764,Gurney Pease
4787,2583,S Birchall,2766,John Pease
4788,2295,E L Birkbeck,2580,Robert Bevan
4789,2295,E L Birkbeck,2595,Charles Brewin
4791,2295,E L Birkbeck,2607,Edward North Buxton
4792,2295,E L Birkbeck,2309,Thomas Fowell Buxton
4793,2295,E L Birkbeck,2662,R Barclay Fox
4794,2295,E L Birkbeck,2344,Robert Were Fox
4796,2295,E L Birkbeck,2679,John Gurney
4797,2295,E L Birkbeck,2680,Samuel Gurney
4798,2295,E L Birkbeck,2685,Cornelius Hanbury
4799,2295,E L Birkbeck,2686,Cornelius x Jun Hanbury
4800,2295,E L Birkbeck,2687,Daniel Bell Hanbury
4801,2295,E L Birkbeck,2371,George Head
4802,2295,E L Birkbeck,2372,Sarah Head
4803,2295,E L Birkbeck,2380,Gurney Hoare
4804,2295,E L Birkbeck,2721,Andrew Johnston
4805,2295,E L Birkbeck,2722,Andrew & Jun Johnston
4806,2296,H Birkbeck,2575,Rebecca Beaumont
4808,2296,H Birkbeck,2607,Edward North Buxton
4809,2296,H Birkbeck,2309,Thomas Fowell Buxton
4810,2296,H Birkbeck,2647,Elizabeth G Dimsdale
4811,2296,H Birkbeck,2344,Robert Were Fox
4812,2296,H Birkbeck,2346,x Fox
4813,2296,H Birkbeck,2679,John Gurney
4814,2296,H Birkbeck,2680,Samuel Gurney
4815,2296,H Birkbeck,2371,George Head
4816,2296,H Birkbeck,2372,Sarah Head
4817,2296,H Birkbeck,2380,Gurney Hoare
4818,2296,H Birkbeck,2721,Andrew Johnston
4819,2296,H Birkbeck,2722,Andrew & Jun Johnston
4820,2296,H Birkbeck,2771,Thomas Pease
4829,2587,Christopher Bowley,2596,Robert Brewin
4830,2587,Christopher Bowley,2737,Martha Lucas
4831,2587,Christopher Bowley,2738,Samuel Lucas
4832,2587,Christopher Bowley,2739,William Jun Lucas
4833,2299,Elizabeth Bowley,2587,Christopher Bowley
4835,2591,Lucy Bradshaw,2794,J S Robson
4836,2591,Lucy Bradshaw,2850,P Debell Tuckett
4838,249,Antonio Brady,2555,Edward Jun Backhouse
4840,2592,G S Brady,2684,John Barton Hack
4841,2592,G S Brady,2796,Samuel Rosling
4842,2592,G S Brady,2797,John Rowntree
4844,2592,G S Brady,2837,William Tanner
4846,2300,Henry Brady,2709,Sarah Hotham
4847,2300,Henry Brady,2442,John S Rowntree
4849,2301,Charles L Braithwaite,2575,Rebecca Beaumont
4850,2301,Charles L Braithwaite,2583,S Birchall
4852,2301,Charles L Braithwaite,2607,Edward North Buxton
4853,2301,Charles L Braithwaite,2309,Thomas Fowell Buxton
4854,2301,Charles L Braithwaite,2526,Josiah Forster
4855,2301,Charles L Braithwaite,2527,Robert Forster
4856,2301,Charles L Braithwaite,2528,William Forster
4857,2301,Charles L Braithwaite,2529,Joseph Talwin Foster
4860,2301,Charles L Braithwaite,2658,Alfred L Fox
4861,2301,Charles L Braithwaite,2342,Henry Fox
4862,2301,Charles L Braithwaite,2351,Francis Gibson
4864,2301,Charles L Braithwaite,2353,W G Gibson
4865,2301,Charles L Braithwaite,2675,Anna Gurney
4867,2301,Charles L Braithwaite,2721,Andrew Johnston
4868,2301,Charles L Braithwaite,2722,Andrew & Jun Johnston
4869,2301,Charles L Braithwaite,2732,Wilson Lloyd
4870,2301,Charles L Braithwaite,2762,Arthur Pease
4871,2301,Charles L Braithwaite,2763,Edward Pease
4872,2301,Charles L Braithwaite,2764,Gurney Pease
4873,2301,Charles L Braithwaite,2765,Henry Fell Pease
4874,2301,Charles L Braithwaite,2766,John Pease
4875,2301,Charles L Braithwaite,2768,Joseph Pease
4876,2301,Charles L Braithwaite,2769,Joseph Whitwell Pease
4877,2301,Charles L Braithwaite,2542,George Stacey
4878,2301,Charles L Braithwaite,2875,John E Wilson
4881,2593,Joseph B Braithwaite,2607,Edward North Buxton
4883,2593,Joseph B Braithwaite,2625,W S Clark
4890,2593,Joseph B Braithwaite,2658,Alfred L Fox
4895,2593,Joseph B Braithwaite,2675,Anna Gurney
4897,2593,Joseph B Braithwaite,2721,Andrew Johnston
4898,2593,Joseph B Braithwaite,2722,Andrew & Jun Johnston
4899,2593,Joseph B Braithwaite,2732,Wilson Lloyd
4900,2593,Joseph B Braithwaite,2762,Arthur Pease
4901,2593,Joseph B Braithwaite,2763,Edward Pease
4902,2593,Joseph B Braithwaite,2764,Gurney Pease
4903,2593,Joseph B Braithwaite,2765,Henry Fell Pease
4904,2593,Joseph B Braithwaite,2766,John Pease
4905,2593,Joseph B Braithwaite,2768,Joseph Pease
4906,2593,Joseph B Braithwaite,2769,Joseph Whitwell Pease
4908,2593,Joseph B Braithwaite,2875,John E Wilson
4910,2302,L Braithwaite,2575,Rebecca Beaumont
4911,2302,L Braithwaite,2594,S Braithwaite
4912,2302,L Braithwaite,2629,W D Crewdson
4915,2302,L Braithwaite,2658,Alfred L Fox
4916,2302,L Braithwaite,2342,Henry Fox
4917,2302,L Braithwaite,2535,Robert Howard
4918,2302,L Braithwaite,2724,John Jowett
4920,2302,L Braithwaite,2732,Wilson Lloyd
4921,2302,L Braithwaite,2769,Joseph Whitwell Pease
4922,2302,L Braithwaite,2542,George Stacey
4926,2594,S Braithwaite,2607,Edward North Buxton
4928,2594,S Braithwaite,2625,W S Clark
4935,2594,S Braithwaite,2658,Alfred L Fox
4940,2594,S Braithwaite,2675,Anna Gurney
4942,2594,S Braithwaite,2721,Andrew Johnston
4943,2594,S Braithwaite,2722,Andrew & Jun Johnston
4944,2594,S Braithwaite,2732,Wilson Lloyd
4945,2594,S Braithwaite,2762,Arthur Pease
4946,2594,S Braithwaite,2763,Edward Pease
4947,2594,S Braithwaite,2764,Gurney Pease
4948,2594,S Braithwaite,2765,Henry Fell Pease
4949,2594,S Braithwaite,2766,John Pease
4950,2594,S Braithwaite,2768,Joseph Pease
4951,2594,S Braithwaite,2769,Joseph Whitwell Pease
4953,2594,S Braithwaite,2875,John E Wilson
4958,2599,Francis Brown,2864,Marriage Wallis
4959,2599,Francis Brown,2877,F Woodhead
4962,2303,Isaac Brown,2600,Gopsill Brown
4963,2601,W W Brown,2826,Joseph Sterry
4968,2604,Henry Burlingham,2615,R D Catchpool
4969,2604,Henry Burlingham,2673,Alexander Grace
4971,2604,Henry Burlingham,2760,George Palmer
4973,2604,Henry Burlingham,2837,William Tanner
4974,322,Charles Buxton,2553,Alfred Backhouse
4975,322,Charles Buxton,2554,Edmund Backhouse
4976,322,Charles Buxton,2518,Abram Rawlinson Barclay
4977,322,Charles Buxton,2565,J Gurney Barclay
4978,322,Charles Buxton,2285,Robert Barclay
4979,322,Charles Buxton,2580,Robert Bevan
4980,322,Charles Buxton,2295,E L Birkbeck
4981,322,Charles Buxton,2296,H Birkbeck
4982,322,Charles Buxton,2301,Charles L Braithwaite
4983,322,Charles Buxton,2593,Joseph B Braithwaite
4984,322,Charles Buxton,2594,S Braithwaite
4985,322,Charles Buxton,731,William Fowler
4986,322,Charles Buxton,2344,Robert Were Fox
4987,322,Charles Buxton,2675,Anna Gurney
4988,322,Charles Buxton,2685,Cornelius Hanbury
4989,322,Charles Buxton,2686,Cornelius x Jun Hanbury
4990,322,Charles Buxton,2687,Daniel Bell Hanbury
4991,322,Charles Buxton,2699,John Hodgkin
4992,322,Charles Buxton,2762,Arthur Pease
4993,322,Charles Buxton,2763,Edward Pease
4994,322,Charles Buxton,2764,Gurney Pease
4995,322,Charles Buxton,2768,Joseph Pease
4996,322,Charles Buxton,2769,Joseph Whitwell Pease
5014,2607,Edward North Buxton,2675,Anna Gurney
5015,2607,Edward North Buxton,2685,Cornelius Hanbury
5016,2607,Edward North Buxton,2686,Cornelius x Jun Hanbury
5017,2607,Edward North Buxton,2687,Daniel Bell Hanbury
5018,2607,Edward North Buxton,2699,John Hodgkin
5019,2607,Edward North Buxton,2762,Arthur Pease
5020,2607,Edward North Buxton,2763,Edward Pease
5021,2607,Edward North Buxton,2764,Gurney Pease
5022,2607,Edward North Buxton,2768,Joseph Pease
5023,2607,Edward North Buxton,2769,Joseph Whitwell Pease
5024,2309,Thomas Fowell Buxton,2553,Alfred Backhouse
5025,2309,Thomas Fowell Buxton,2554,Edmund Backhouse
5026,2309,Thomas Fowell Buxton,2518,Abram Rawlinson Barclay
5027,2309,Thomas Fowell Buxton,2565,J Gurney Barclay
5032,2309,Thomas Fowell Buxton,2523,John Bell
5033,2309,Thomas Fowell Buxton,2580,Robert Bevan
5037,2309,Thomas Fowell Buxton,2593,Joseph B Braithwaite
5038,2309,Thomas Fowell Buxton,2594,S Braithwaite
5039,2309,Thomas Fowell Buxton,2529,Joseph Talwin Foster
5042,2309,Thomas Fowell Buxton,2658,Alfred L Fox
5043,2309,Thomas Fowell Buxton,2535,Robert Howard
5045,2309,Thomas Fowell Buxton,2732,Wilson Lloyd
5046,2309,Thomas Fowell Buxton,2769,Joseph Whitwell Pease
5053,2608,James Cadbury,2793,Isaac Robson
5055,2608,James Cadbury,2804,F Seebohm
5059,2610,John M Candler,2660,Frederick H Fox
5061,2610,John M Candler,2746,Thomas Maw
5062,2610,John M Candler,2757,William Norton
5063,2610,John M Candler,2772,Algernon Peckover
5064,2612,Joseph Cash,2753,Josiah Newman
5065,2613,Newman Cash,2753,Josiah Newman
5068,2615,R D Catchpool,2648,J Doubleday
5069,2615,R D Catchpool,2649,R Doubleday
5071,2310,W Catchpool,2615,R D Catchpool
5072,2310,W Catchpool,2375,Charles Hicks
5075,2618,Elizabeth Charelton,2658,Alfred L Fox
5076,2618,Elizabeth Charelton,2659,Francis E Fox
5077,2618,Elizabeth Charelton,2661,J G Fox
5078,2618,Elizabeth Charelton,2662,R Barclay Fox
5080,2618,Elizabeth Charelton,2669,Charles Gillett
5082,2618,Elizabeth Charelton,2769,Joseph Whitwell Pease
5084,2618,Elizabeth Charelton,2849,Francis Tuckett
5088,2311,x Charleton,2658,Alfred L Fox
5089,2311,x Charleton,2659,Francis E Fox
5090,2311,x Charleton,2669,Charles Gillett
5091,2311,x Charleton,2746,Thomas Maw
5092,2311,x Charleton,2757,William Norton
5093,2311,x Charleton,2846,Nathaniel Tregellis
5094,2311,x Charleton,2494,Alfred Waterhouse
5095,2311,x Charleton,2495,Mary Waterhouse
5096,403,Henry Christy,2687,Daniel Bell Hanbury
5097,403,Henry Christy,2765,Henry Fell Pease
5098,2621,Richard Christy,2687,Daniel Bell Hanbury
5099,2621,Richard Christy,2765,Henry Fell Pease
5104,2622,Cyrus Clark,2760,George Palmer
5106,2622,Cyrus Clark,2775,Isaac Pitt
5107,2622,Cyrus Clark,2835,Walter Sturge
5112,2623,James Clark (2),2760,George Palmer
5114,2623,James Clark (2),2775,Isaac Pitt
5115,2623,James Clark (2),2835,Walter Sturge
5120,2624,Joseph Clark,2760,George Palmer
5122,2624,Joseph Clark,2775,Isaac Pitt
5123,2624,Joseph Clark,2835,Walter Sturge
5132,2625,W S Clark,2760,George Palmer
5134,2625,W S Clark,2763,Edward Pease
5135,2625,W S Clark,2775,Isaac Pitt
5136,2625,W S Clark,2829,Charles Sturge
5137,2625,W S Clark,2830,Edmund Sturge
5138,2625,W S Clark,2831,George Sturge
5141,2625,W S Clark,2833,Samuel Sturge
5142,2625,W S Clark,2834,Thomas M Sturge
5143,2625,W S Clark,2872,John Whiting
5145,2314,C Clothier,2544,John M Albright
5148,2314,C Clothier,2625,W S Clark
5149,2314,C Clothier,2344,Robert Were Fox
5150,2314,C Clothier,2665,John Gayner
5151,2314,C Clothier,2763,Edward Pease
5152,2314,C Clothier,2775,Isaac Pitt
5153,2314,C Clothier,2830,Edmund Sturge
5154,2314,C Clothier,2835,Walter Sturge
5155,2314,C Clothier,2872,John Whiting
5156,2315,Joseph Cooper,2816,W Dillwyn Sims
5161,2627,J H Cotterell,2763,Edward Pease
5162,2627,J H Cotterell,2775,Isaac Pitt
5163,2627,J H Cotterell,2829,Charles Sturge
5164,2627,J H Cotterell,2830,Edmund Sturge
5165,2627,J H Cotterell,2831,George Sturge
5166,2627,J H Cotterell,2832,H J Sturge
5169,2627,J H Cotterell,2833,Samuel Sturge
5170,2627,J H Cotterell,2834,Thomas M Sturge
5171,2627,J H Cotterell,2872,John Whiting
5173,2629,W D Crewdson,2631,James Cropper
5174,2629,W D Crewdson,2632,John Cropper
5175,2629,W D Crewdson,2646,Barnard Dickinson
5176,2629,W D Crewdson,2656,Rachel Fowler
5178,2629,W D Crewdson,2657,Thomas Fowler
5183,2629,W D Crewdson,2677,Henry E Gurney
5186,2629,W D Crewdson,2729,Edward A Leatham
5188,2629,W D Crewdson,2764,Gurney Pease
5189,2629,W D Crewdson,2766,John Pease
5190,2629,W D Crewdson,2768,Joseph Pease
5192,2629,W D Crewdson,2829,Charles Sturge
5196,2630,Ann Cropper,2724,John Jowett
5202,2631,James Cropper,2634,William Crosfield
5211,2316,George Crosfield,2775,Isaac Pitt
5212,2316,George Crosfield,2872,John Whiting
5217,2634,William Crosfield,2775,Isaac Pitt
5218,2634,William Crosfield,2872,John Whiting
5219,2317,Joseph Crosland,2664,Frederick Fryer
5220,2317,Joseph Crosland,2370,Thomas Harvey
5221,2317,Joseph Crosland,2753,Josiah Newman
5222,2317,Joseph Crosland,2766,John Pease
5223,2317,Joseph Crosland,2771,Thomas Pease
5225,2318,A Crowley,2816,W Dillwyn Sims
5227,2639,Frederick Crowley,2705,Robert Horne
5228,2639,Frederick Crowley,2747,Edward C May
5229,2639,Frederick Crowley,2748,Francis May
5230,2639,Frederick Crowley,2816,W Dillwyn Sims
5231,2639,Frederick Crowley,2847,Elizabeth Tuckett
5232,2639,Frederick Crowley,2849,Francis Tuckett
5234,2639,Frederick Crowley,2850,P Debell Tuckett
5236,2640,J Cudworth,2664,Frederick Fryer
5237,2640,J Cudworth,2724,John Jowett
5239,2640,J Cudworth,2764,Gurney Pease
5240,2640,J Cudworth,2766,John Pease
5241,2640,J Cudworth,2771,Thomas Pease
5243,2640,J Cudworth,2875,John E Wilson
5245,2642,William Cudworth,2719,A Janson
5246,2642,William Cudworth,2854,J H Tuke
5247,2321,A Dale,2340,John Ford
5248,2321,A Dale,2659,Francis E Fox
5249,2321,A Dale,2351,Francis Gibson
5250,2321,A Dale,2762,Arthur Pease
5251,2321,A Dale,2763,Edward Pease
5252,2321,A Dale,2764,Gurney Pease
5253,2321,A Dale,2765,Henry Fell Pease
5254,2321,A Dale,2766,John Pease
5255,2321,A Dale,2768,Joseph Pease
5256,2321,A Dale,2769,Joseph Whitwell Pease
5257,2321,A Dale,2770,Susan Pease
5258,2321,A Dale,2771,Thomas Pease
5259,2321,A Dale,2427,Edward Priestman (2)
5260,2321,A Dale,2793,Isaac Robson
5261,2321,A Dale,2794,J S Robson
5262,2321,A Dale,2459,Edward Smith
5264,523,David Dale,2264,William Jun Aldam
5266,523,David Dale,2557,James Jun Backhouse
5269,2525,Samuel Darton,2872,John Whiting
5275,2646,Barnard Dickinson,2658,Alfred L Fox
5279,2646,Barnard Dickinson,2677,Henry E Gurney
5282,2646,Barnard Dickinson,2724,John Jowett
5284,2646,Barnard Dickinson,2729,Edward A Leatham
5286,2646,Barnard Dickinson,2732,Wilson Lloyd
5287,2646,Barnard Dickinson,2762,Arthur Pease
5288,2646,Barnard Dickinson,2764,Gurney Pease
5289,2646,Barnard Dickinson,2765,Henry Fell Pease
5290,2646,Barnard Dickinson,2766,John Pease
5291,2646,Barnard Dickinson,2768,Joseph Pease
5292,2646,Barnard Dickinson,2769,Joseph Whitwell Pease
5295,2646,Barnard Dickinson,2875,John E Wilson
5298,2647,Elizabeth G Dimsdale,2677,Henry E Gurney
5300,2647,Elizabeth G Dimsdale,2679,John Gurney
5301,2647,Elizabeth G Dimsdale,2680,Samuel Gurney
5304,2647,Elizabeth G Dimsdale,2771,Thomas Pease
5305,2324,John Dodshon,2401,Alfred Kitching
5306,2324,John Dodshon,2427,Edward Priestman (2)
5307,2325,Daniel Doncaster,2427,Edward Priestman (2)
5308,2325,Daniel Doncaster,2797,John Rowntree
5311,2331,A Ellis,2558,John Church Backhouse
5312,2331,A Ellis,2603,Wilson Burgess
5313,2331,A Ellis,2631,James Cropper
5314,2331,A Ellis,2632,John Cropper
5315,2331,A Ellis,2513,Joseph Sturge
5325,2653,William Exton,2672,Burwood Godlee
5326,2653,William Exton,2830,Edmund Sturge
5327,2334,Joseph Farden,2801,Samuel Rutter
5329,2335,John Fell,2544,John M Albright
5332,2335,John Fell,2653,William Exton
5333,2335,John Fell,2765,Henry Fell Pease
5335,2336,Mary Fell,2672,Burwood Godlee
5336,2336,Mary Fell,2729,Edward A Leatham
5337,2336,Mary Fell,2735,Frederick Lucas
5338,2336,Mary Fell,2792,R P Rickman
5339,2336,Mary Fell,2763,Edward Pease
5340,2654,Abraham Fisher,2669,Charles Gillett
5341,2338,Caleb Fletcher,2765,Henry Fell Pease
5342,2338,Caleb Fletcher,2768,Joseph Pease
5343,2338,Caleb Fletcher,2442,John S Rowntree
5346,2340,John Ford,2554,Edmund Backhouse
5348,2340,John Ford,2555,Edward Jun Backhouse
5349,2340,John Ford,2558,John Church Backhouse
5350,2340,John Ford,2563,Eliza Barclay
5353,2526,Josiah Forster,2593,Joseph B Braithwaite
5354,2526,Josiah Forster,2594,S Braithwaite
5355,2526,Josiah Forster,2646,Barnard Dickinson
5357,2526,Josiah Forster,2677,Henry E Gurney
5360,2527,Robert Forster,2593,Joseph B Braithwaite
5361,2527,Robert Forster,2594,S Braithwaite
5364,2528,William Forster,2593,Joseph B Braithwaite
5365,2528,William Forster,2594,S Braithwaite
5368,2528,William Forster,2677,Henry E Gurney
5370,2529,Joseph Talwin Foster,2593,Joseph B Braithwaite
5371,2529,Joseph Talwin Foster,2594,S Braithwaite
5374,2529,Joseph Talwin Foster,2658,Alfred L Fox
5375,2529,Joseph Talwin Foster,2675,Anna Gurney
5377,2529,Joseph Talwin Foster,2732,Wilson Lloyd
5378,2529,Joseph Talwin Foster,2769,Joseph Whitwell Pease
5383,2656,Rachel Fowler,2658,Alfred L Fox
5389,2656,Rachel Fowler,2677,Henry E Gurney
5392,2656,Rachel Fowler,2724,John Jowett
5394,2656,Rachel Fowler,2732,Wilson Lloyd
5395,2656,Rachel Fowler,2762,Arthur Pease
5396,2656,Rachel Fowler,2763,Edward Pease
5397,2656,Rachel Fowler,2764,Gurney Pease
5398,2656,Rachel Fowler,2765,Henry Fell Pease
5399,2656,Rachel Fowler,2766,John Pease
5400,2656,Rachel Fowler,2768,Joseph Pease
5401,2656,Rachel Fowler,2769,Joseph Whitwell Pease
5403,2656,Rachel Fowler,2829,Charles Sturge
5406,730,Robert Nicholas Fowler,2575,Rebecca Beaumont
5407,730,Robert Nicholas Fowler,2579,Paul Bevan
5408,730,Robert Nicholas Fowler,2301,Charles L Braithwaite
5409,730,Robert Nicholas Fowler,2593,Joseph B Braithwaite
5410,730,Robert Nicholas Fowler,2302,L Braithwaite
5411,730,Robert Nicholas Fowler,2594,S Braithwaite
5412,730,Robert Nicholas Fowler,2309,Thomas Fowell Buxton
5413,730,Robert Nicholas Fowler,2618,Elizabeth Charelton
5414,730,Robert Nicholas Fowler,2629,W D Crewdson
5415,730,Robert Nicholas Fowler,2646,Barnard Dickinson
5416,730,Robert Nicholas Fowler,2529,Joseph Talwin Foster
5417,730,Robert Nicholas Fowler,2684,John Barton Hack
5418,730,Robert Nicholas Fowler,2763,Edward Pease
5419,730,Robert Nicholas Fowler,2459,Edward Smith
5420,730,Robert Nicholas Fowler,2829,Charles Sturge
5421,730,Robert Nicholas Fowler,2471,Joseph Sturge (Mrs)
5422,730,Robert Nicholas Fowler,2513,Joseph Sturge
5425,2657,Thomas Fowler,2658,Alfred L Fox
5428,2657,Thomas Fowler,2677,Henry E Gurney
5431,2657,Thomas Fowler,2724,John Jowett
5433,2657,Thomas Fowler,2732,Wilson Lloyd
5434,2657,Thomas Fowler,2762,Arthur Pease
5435,2657,Thomas Fowler,2763,Edward Pease
5436,2657,Thomas Fowler,2764,Gurney Pease
5437,2657,Thomas Fowler,2765,Henry Fell Pease
5438,2657,Thomas Fowler,2766,John Pease
5439,2657,Thomas Fowler,2768,Joseph Pease
5440,2657,Thomas Fowler,2769,Joseph Whitwell Pease
5442,2657,Thomas Fowler,2829,Charles Sturge
5446,2657,Thomas Fowler,2875,John E Wilson
5448,731,William Fowler,2273,C Ashby
5450,731,William Fowler,2563,Eliza Barclay
5451,731,William Fowler,2575,Rebecca Beaumont
5452,731,William Fowler,2579,Paul Bevan
5453,731,William Fowler,2301,Charles L Braithwaite
5454,731,William Fowler,2593,Joseph B Braithwaite
5455,731,William Fowler,2302,L Braithwaite
5456,731,William Fowler,2594,S Braithwaite
5458,731,William Fowler,2607,Edward North Buxton
5459,731,William Fowler,2309,Thomas Fowell Buxton
5460,731,William Fowler,2618,Elizabeth Charelton
5461,731,William Fowler,2629,W D Crewdson
5462,731,William Fowler,2318,A Crowley
5463,731,William Fowler,2639,Frederick Crowley
5464,731,William Fowler,2646,Barnard Dickinson
5465,731,William Fowler,2336,Mary Fell
5466,731,William Fowler,2734,Edmund Lucas
5467,731,William Fowler,2763,Edward Pease
5468,731,William Fowler,2765,Henry Fell Pease
5469,731,William Fowler,2469,Richard Sterry
5470,731,William Fowler,2829,Charles Sturge
5471,731,William Fowler,2471,Joseph Sturge (Mrs)
5472,731,William Fowler,2513,Joseph Sturge
5473,731,William Fowler,2865,Charles B Warner
5474,731,William Fowler,2493,John Warner
5475,731,William Fowler,2866,Septimus Warner
5490,2658,Alfred L Fox,2660,Frederick H Fox
5493,2658,Alfred L Fox,2669,Charles Gillett
5494,2658,Alfred L Fox,2846,Nathaniel Tregellis
5496,732,Charles Henry Fox,2579,Paul Bevan
5497,732,Charles Henry Fox,2296,H Birkbeck
5498,732,Charles Henry Fox,2618,Elizabeth Charelton
5499,732,Charles Henry Fox,2526,Josiah Forster
5500,732,Charles Henry Fox,2527,Robert Forster
5501,732,Charles Henry Fox,2528,William Forster
5502,732,Charles Henry Fox,2656,Rachel Fowler
5503,732,Charles Henry Fox,2657,Thomas Fowler
5504,732,Charles Henry Fox,2658,Alfred L Fox
5505,732,Charles Henry Fox,2660,Frederick H Fox
5506,732,Charles Henry Fox,2342,Henry Fox
5508,732,Charles Henry Fox,2669,Charles Gillett
5509,732,Charles Henry Fox,2540,John Sanderson
5510,732,Charles Henry Fox,2463,William Southall
5523,2659,Francis E Fox,2846,Nathaniel Tregellis
5529,2660,Frederick H Fox,2661,J G Fox
5530,2660,Frederick H Fox,2662,R Barclay Fox
5534,2660,Frederick H Fox,2669,Charles Gillett
5535,2660,Frederick H Fox,2769,Joseph Whitwell Pease
5536,2660,Frederick H Fox,2777,Joseph T Price
5538,2660,Frederick H Fox,2846,Nathaniel Tregellis
5540,2341,George Fox,2661,J G Fox
5541,2341,George Fox,2662,R Barclay Fox
5542,2341,George Fox,2344,Robert Were Fox
5543,2341,George Fox,2346,x Fox
5544,2341,George Fox,2769,Joseph Whitwell Pease
5545,2341,George Fox,2846,Nathaniel Tregellis
5546,2341,George Fox,2849,Francis Tuckett
5547,2342,Henry Fox,2575,Rebecca Beaumont
5549,2342,Henry Fox,2593,Joseph B Braithwaite
5551,2342,Henry Fox,2594,S Braithwaite
5552,2342,Henry Fox,2646,Barnard Dickinson
5553,2342,Henry Fox,2656,Rachel Fowler
5554,2342,Henry Fox,2658,Alfred L Fox
5556,2342,Henry Fox,2659,Francis E Fox
5557,2342,Henry Fox,2660,Frederick H Fox
5558,2342,Henry Fox,2661,J G Fox
5559,2342,Henry Fox,2662,R Barclay Fox
5560,2342,Henry Fox,2344,Robert Were Fox
5561,2342,Henry Fox,2346,x Fox
5562,2342,Henry Fox,2669,Charles Gillett
5563,2342,Henry Fox,2777,Joseph T Price
5564,2342,Henry Fox,2846,Nathaniel Tregellis
5565,2342,Henry Fox,2849,Francis Tuckett
5575,2661,J G Fox,2675,Anna Gurney
5576,2661,J G Fox,2677,Henry E Gurney
5578,2661,J G Fox,2679,John Gurney
5579,2661,J G Fox,2680,Samuel Gurney
5583,2661,J G Fox,2721,Andrew Johnston
5584,2661,J G Fox,2722,Andrew & Jun Johnston
5585,2661,J G Fox,2765,Henry Fell Pease
5586,2661,J G Fox,2766,John Pease
5587,2661,J G Fox,2767,John B Pease
5588,2661,J G Fox,2770,Susan Pease
5589,2661,J G Fox,2771,Thomas Pease
5592,2661,J G Fox,2793,Isaac Robson
5593,2661,J G Fox,2794,J S Robson
5606,2662,R Barclay Fox,2675,Anna Gurney
5607,2662,R Barclay Fox,2677,Henry E Gurney
5609,2662,R Barclay Fox,2679,John Gurney
5610,2662,R Barclay Fox,2680,Samuel Gurney
5613,2662,R Barclay Fox,2699,John Hodgkin
5614,2662,R Barclay Fox,2721,Andrew Johnston
5615,2662,R Barclay Fox,2722,Andrew & Jun Johnston
5616,2662,R Barclay Fox,2762,Arthur Pease
5617,2662,R Barclay Fox,2763,Edward Pease
5618,2662,R Barclay Fox,2764,Gurney Pease
5619,2662,R Barclay Fox,2768,Joseph Pease
5620,2662,R Barclay Fox,2777,Joseph T Price
5621,2662,R Barclay Fox,2846,Nathaniel Tregellis
5622,2344,Robert Were Fox,2554,Edmund Backhouse
5623,2344,Robert Were Fox,2518,Abram Rawlinson Barclay
5624,2344,Robert Were Fox,2565,J Gurney Barclay
5626,2344,Robert Were Fox,2579,Paul Bevan
5627,2344,Robert Were Fox,2580,Robert Bevan
5631,2344,Robert Were Fox,2607,Edward North Buxton
5632,2344,Robert Were Fox,2618,Elizabeth Charelton
5633,2344,Robert Were Fox,2625,W S Clark
5635,2344,Robert Were Fox,2660,Frederick H Fox
5638,2344,Robert Were Fox,2661,J G Fox
5640,2344,Robert Were Fox,2540,John Sanderson
5654,2346,x Fox,2557,James Jun Backhouse
5655,2346,x Fox,2518,Abram Rawlinson Barclay
5657,2346,x Fox,2579,Paul Bevan
5658,2346,x Fox,2580,Robert Bevan
5661,2346,x Fox,2618,Elizabeth Charelton
5662,2346,x Fox,2660,Frederick H Fox
5665,2346,x Fox,2661,J G Fox
5667,2346,x Fox,2669,Charles Gillett
5668,2346,x Fox,2675,Anna Gurney
5669,2346,x Fox,2677,Henry E Gurney
5671,2346,x Fox,2679,John Gurney
5672,2346,x Fox,2680,Samuel Gurney
5673,2346,x Fox,2371,George Head
5674,2346,x Fox,2372,Sarah Head
5675,2346,x Fox,2699,John Hodgkin
5676,2346,x Fox,2721,Andrew Johnston
5677,2346,x Fox,2722,Andrew & Jun Johnston
5678,2346,x Fox,2762,Arthur Pease
5679,2346,x Fox,2763,Edward Pease
5680,2346,x Fox,2764,Gurney Pease
5681,2346,x Fox,2768,Joseph Pease
5682,2346,x Fox,2777,Joseph T Price
5683,2346,x Fox,2846,Nathaniel Tregellis
5687,2664,Frederick Fryer,2724,John Jowett
5690,2664,Frederick Fryer,2875,John E Wilson
5693,2348,Joseph Gibbens,2541,Joseph Shewell
5694,2349,Ann Gibson,2394,Samuel Jesper
5695,2349,Ann Gibson,2864,Marriage Wallis
5697,2667,Deborah Gibson,2677,Henry E Gurney
5700,2667,Deborah Gibson,2724,John Jowett
5701,2667,Deborah Gibson,2729,Edward A Leatham
5702,2667,Deborah Gibson,2732,Wilson Lloyd
5703,2667,Deborah Gibson,2762,Arthur Pease
5704,2667,Deborah Gibson,2763,Edward Pease
5705,2667,Deborah Gibson,2764,Gurney Pease
5706,2667,Deborah Gibson,2765,Henry Fell Pease
5707,2667,Deborah Gibson,2766,John Pease
5708,2667,Deborah Gibson,2768,Joseph Pease
5709,2667,Deborah Gibson,2769,Joseph Whitwell Pease
5710,2667,Deborah Gibson,2829,Charles Sturge
5715,2351,Francis Gibson,2554,Edmund Backhouse
5717,2351,Francis Gibson,2555,Edward Jun Backhouse
5718,2351,Francis Gibson,2558,John Church Backhouse
5720,2351,Francis Gibson,2563,Eliza Barclay
5721,2351,Francis Gibson,2575,Rebecca Beaumont
5723,2351,Francis Gibson,2593,Joseph B Braithwaite
5724,2351,Francis Gibson,2594,S Braithwaite
5725,2351,Francis Gibson,2629,W D Crewdson
5727,2351,Francis Gibson,2646,Barnard Dickinson
5728,2351,Francis Gibson,2656,Rachel Fowler
5729,2351,Francis Gibson,2667,Deborah Gibson
5731,2351,Francis Gibson,2353,W G Gibson
5732,2351,Francis Gibson,2699,John Hodgkin
5733,2351,Francis Gibson,2535,Robert Howard
5734,2351,Francis Gibson,2724,John Jowett
5735,2351,Francis Gibson,2732,Wilson Lloyd
5736,2351,Francis Gibson,2770,Susan Pease
5737,2351,Francis Gibson,2771,Thomas Pease
5738,2351,Francis Gibson,2433,Edward Richardson
5739,2351,Francis Gibson,2435,W Richardson
5740,2351,Francis Gibson,2793,Isaac Robson
5741,2351,Francis Gibson,2794,J S Robson
5742,2351,Francis Gibson,2459,Edward Smith
5743,2351,Francis Gibson,2542,George Stacey
5744,776,George Stacey Gibson,2301,Charles L Braithwaite
5745,776,George Stacey Gibson,2593,Joseph B Braithwaite
5746,776,George Stacey Gibson,2594,S Braithwaite
5747,776,George Stacey Gibson,2629,W D Crewdson
5748,776,George Stacey Gibson,2646,Barnard Dickinson
5749,776,George Stacey Gibson,2656,Rachel Fowler
5750,776,George Stacey Gibson,2351,Francis Gibson
5751,776,George Stacey Gibson,2535,Robert Howard
5752,776,George Stacey Gibson,2505,Isaac Wilson
5753,776,George Stacey Gibson,2875,John E Wilson
5755,2353,W G Gibson,2593,Joseph B Braithwaite
5756,2353,W G Gibson,2594,S Braithwaite
5757,2353,W G Gibson,2629,W D Crewdson
5758,2353,W G Gibson,2656,Rachel Fowler
5762,2353,W G Gibson,2732,Wilson Lloyd
5763,2353,W G Gibson,2762,Arthur Pease
5764,2353,W G Gibson,2763,Edward Pease
5765,2353,W G Gibson,2764,Gurney Pease
5766,2353,W G Gibson,2765,Henry Fell Pease
5767,2353,W G Gibson,2766,John Pease
5768,2353,W G Gibson,2768,Joseph Pease
5769,2353,W G Gibson,2769,Joseph Whitwell Pease
5770,2352,F  E Gibson,2667,Deborah Gibson
5780,2357,J Gilpin,2481,Josiah Thompson
5781,2357,J Gilpin,2863,F J Walker
5790,2673,Alexander Grace,2760,George Palmer
5791,2360,Josiah Grace,2604,Henry Burlingham
5792,2360,Josiah Grace,2673,Alexander Grace
5806,2675,Anna Gurney,2679,John Gurney
5807,2675,Anna Gurney,2680,Samuel Gurney
5809,2675,Anna Gurney,2699,John Hodgkin
5812,2675,Anna Gurney,2732,Wilson Lloyd
5813,2675,Anna Gurney,2762,Arthur Pease
5814,2675,Anna Gurney,2763,Edward Pease
5815,2675,Anna Gurney,2764,Gurney Pease
5816,2675,Anna Gurney,2769,Joseph Whitwell Pease
5818,2675,Anna Gurney,2875,John E Wilson
5839,2677,Henry E Gurney,2685,Cornelius Hanbury
5840,2677,Henry E Gurney,2686,Cornelius x Jun Hanbury
5841,2677,Henry E Gurney,2687,Daniel Bell Hanbury
5842,2677,Henry E Gurney,2699,John Hodgkin
5843,2677,Henry E Gurney,2762,Arthur Pease
5844,2677,Henry E Gurney,2763,Edward Pease
5845,2677,Henry E Gurney,2764,Gurney Pease
5846,2677,Henry E Gurney,2768,Joseph Pease
5847,2677,Henry E Gurney,2769,Joseph Whitwell Pease
5848,853,John Henry Gurney,2553,Alfred Backhouse
5849,853,John Henry Gurney,2554,Edmund Backhouse
5850,853,John Henry Gurney,2518,Abram Rawlinson Barclay
5851,853,John Henry Gurney,2565,J Gurney Barclay
5852,853,John Henry Gurney,2285,Robert Barclay
5853,853,John Henry Gurney,2580,Robert Bevan
5854,853,John Henry Gurney,2295,E L Birkbeck
5855,853,John Henry Gurney,2301,Charles L Braithwaite
5856,853,John Henry Gurney,2593,Joseph B Braithwaite
5857,853,John Henry Gurney,2594,S Braithwaite
5858,853,John Henry Gurney,2629,W D Crewdson
5859,853,John Henry Gurney,2646,Barnard Dickinson
5860,853,John Henry Gurney,2647,Elizabeth G Dimsdale
5861,853,John Henry Gurney,2526,Josiah Forster
5862,853,John Henry Gurney,2529,Joseph Talwin Foster
5863,853,John Henry Gurney,2656,Rachel Fowler
5864,853,John Henry Gurney,2657,Thomas Fowler
5865,853,John Henry Gurney,2661,J G Fox
5866,853,John Henry Gurney,2662,R Barclay Fox
5867,853,John Henry Gurney,2346,x Fox
5868,853,John Henry Gurney,2667,Deborah Gibson
5869,853,John Henry Gurney,2685,Cornelius Hanbury
5870,853,John Henry Gurney,2686,Cornelius x Jun Hanbury
5871,853,John Henry Gurney,2687,Daniel Bell Hanbury
5872,853,John Henry Gurney,2762,Arthur Pease
5873,853,John Henry Gurney,2763,Edward Pease
5874,853,John Henry Gurney,2764,Gurney Pease
5875,853,John Henry Gurney,2768,Joseph Pease
5876,853,John Henry Gurney,2769,Joseph Whitwell Pease
5877,853,John Henry Gurney,2771,Thomas Pease
5895,2679,John Gurney,2699,John Hodgkin
5896,2679,John Gurney,2762,Arthur Pease
5897,2679,John Gurney,2763,Edward Pease
5898,2679,John Gurney,2764,Gurney Pease
5899,2679,John Gurney,2768,Joseph Pease
5900,2679,John Gurney,2769,Joseph Whitwell Pease
5901,2679,John Gurney,2771,Thomas Pease
5919,2680,Samuel Gurney,2762,Arthur Pease
5920,2680,Samuel Gurney,2763,Edward Pease
5921,2680,Samuel Gurney,2764,Gurney Pease
5922,2680,Samuel Gurney,2768,Joseph Pease
5923,2680,Samuel Gurney,2769,Joseph Whitwell Pease
5924,2680,Samuel Gurney,2771,Thomas Pease
5928,2683,Daniel P Hack,2854,J H Tuke
5933,2684,John Barton Hack,2854,J H Tuke
5962,2686,Cornelius x Jun Hanbury,2872,John Whiting
5978,2687,Daniel Bell Hanbury,2721,Andrew Johnston
5979,2687,Daniel Bell Hanbury,2722,Andrew & Jun Johnston
5983,2694,Theodore Harris,2772,Algernon Peckover
5984,2694,Theodore Harris,2773,William Peckover
5985,2694,Theodore Harris,2814,John T Shewell
5986,2370,Thomas Harvey,2583,S Birchall
5988,2370,Thomas Harvey,2746,Thomas Maw
5989,2371,George Head,2553,Alfred Backhouse
5990,2371,George Head,2518,Abram Rawlinson Barclay
5995,2371,George Head,2523,John Bell
5996,2371,George Head,2580,Robert Bevan
5999,2371,George Head,2647,Elizabeth G Dimsdale
6000,2371,George Head,2661,J G Fox
6001,2371,George Head,2662,R Barclay Fox
6003,2371,George Head,2685,Cornelius Hanbury
6004,2371,George Head,2686,Cornelius x Jun Hanbury
6005,2371,George Head,2687,Daniel Bell Hanbury
6006,2372,Sarah Head,2553,Alfred Backhouse
6007,2372,Sarah Head,2518,Abram Rawlinson Barclay
6012,2372,Sarah Head,2523,John Bell
6013,2372,Sarah Head,2580,Robert Bevan
6016,2372,Sarah Head,2647,Elizabeth G Dimsdale
6017,2372,Sarah Head,2661,J G Fox
6018,2372,Sarah Head,2662,R Barclay Fox
6020,2372,Sarah Head,2685,Cornelius Hanbury
6021,2372,Sarah Head,2686,Cornelius x Jun Hanbury
6022,2372,Sarah Head,2687,Daniel Bell Hanbury
6024,2374,W Hewitson,2449,Micheal Scatterthwaite
6025,2375,Charles Hicks,2615,R D Catchpool
6027,2375,Charles Hicks,2468,Henry Sterry
6028,2375,Charles Hicks,2826,Joseph Sterry
6029,2377,James Hills,2853,D Tuke
6030,2377,James Hills,2488,W Tuke
6031,2378,John Hills,2853,D Tuke
6032,2378,John Hills,2488,W Tuke
6034,2698,Henry Hipsley,2853,D Tuke
6035,2698,Henry Hipsley,2854,J H Tuke
6037,2380,Gurney Hoare,2553,Alfred Backhouse
6038,2380,Gurney Hoare,2554,Edmund Backhouse
6039,2380,Gurney Hoare,2518,Abram Rawlinson Barclay
6040,2380,Gurney Hoare,2565,J Gurney Barclay
6042,2380,Gurney Hoare,2580,Robert Bevan
6045,2380,Gurney Hoare,2591,Lucy Bradshaw
6046,2380,Gurney Hoare,2661,J G Fox
6047,2380,Gurney Hoare,2675,Anna Gurney
6048,2380,Gurney Hoare,2685,Cornelius Hanbury
6049,2380,Gurney Hoare,2686,Cornelius x Jun Hanbury
6050,2380,Gurney Hoare,2687,Daniel Bell Hanbury
6051,2380,Gurney Hoare,2690,John Harford
6052,2380,Gurney Hoare,2699,John Hodgkin
6053,2380,Gurney Hoare,2762,Arthur Pease
6054,2380,Gurney Hoare,2763,Edward Pease
6055,2380,Gurney Hoare,2764,Gurney Pease
6056,2380,Gurney Hoare,2768,Joseph Pease
6057,2380,Gurney Hoare,2769,Joseph Whitwell Pease
6072,2707,Charles Horsnaill,2871,Samuel Wheeler
6073,2708,W C Horsnaill,2871,Samuel Wheeler
6076,2710,Luke Howard,2729,Edward A Leatham
6077,2535,Robert Howard,2575,Rebecca Beaumont
6080,2535,Robert Howard,2629,W D Crewdson
6081,2535,Robert Howard,2646,Barnard Dickinson
6082,2535,Robert Howard,2656,Rachel Fowler
6083,2535,Robert Howard,2657,Thomas Fowler
6084,2535,Robert Howard,2667,Deborah Gibson
6087,2535,Robert Howard,2675,Anna Gurney
6088,2535,Robert Howard,2729,Edward A Leatham
6089,2389,T Hunt,2552,Edward Ash
6090,2389,T Hunt,2608,James Cadbury
6092,1021,Jonathan Hutchinson,2578,Deborah Beesley
6100,2719,A Janson,2785,Jane Reynolds
6101,2719,A Janson,2874,Caleb Williams
6102,2393,Charles Janson,2719,A Janson
6103,2393,Charles Janson,2720,William Janson
6104,2393,Charles Janson,2401,Alfred Kitching
6105,2393,Charles Janson,2854,J H Tuke
6110,2720,William Janson,2785,Jane Reynolds
6111,2720,William Janson,2874,Caleb Williams
6113,2394,Samuel Jesper,2743,Caroline Marriage
6114,2394,Samuel Jesper,2864,Marriage Wallis
6145,2395,Benjamin Jowett (2),2724,John Jowett
6146,2395,Benjamin Jowett (2),2397,Robert Jowett (2)
6147,2395,Benjamin Jowett (2),2764,Gurney Pease
6148,2395,Benjamin Jowett (2),2766,John Pease
6149,2395,Benjamin Jowett (2),2771,Thomas Pease
6150,2395,Benjamin Jowett (2),2505,Isaac Wilson
6151,2395,Benjamin Jowett (2),2875,John E Wilson
6168,2724,John Jowett,2764,Gurney Pease
6169,2724,John Jowett,2766,John Pease
6170,2724,John Jowett,2771,Thomas Pease
6172,2397,Robert Jowett (2),2583,S Birchall
6173,2397,Robert Jowett (2),2640,J Cudworth
6174,2397,Robert Jowett (2),2646,Barnard Dickinson
6175,2397,Robert Jowett (2),2664,Frederick Fryer
6177,2397,Robert Jowett (2),2764,Gurney Pease
6178,2397,Robert Jowett (2),2771,Thomas Pease
6179,2397,Robert Jowett (2),2471,Joseph Sturge (Mrs)
6180,2397,Robert Jowett (2),2513,Joseph Sturge
6183,2401,Alfred Kitching,2719,A Janson
6185,2401,Alfred Kitching,2720,William Janson
6186,2402,C Knight,2441,Alfred Rosling
6187,2515,Henry Knight,2689,Charles L Harford
6188,2515,Henry Knight,2691,Summers Harford
6196,2406,Thomas Letchmore,2525,Samuel Darton
6197,2406,Thomas Letchmore,2686,Cornelius x Jun Hanbury
6198,1207,Joseph Lister,2736,Jeffrey Lucas
6199,1207,Joseph Lister,2737,Martha Lucas
6200,1207,Joseph Lister,2738,Samuel Lucas
6201,1207,Joseph Lister,2739,William Jun Lucas
6202,1207,Joseph Lister,2864,Marriage Wallis
6203,1216,William Horton Lloyd,2302,L Braithwaite
6204,1216,William Horton Lloyd,2603,Wilson Burgess
6205,1216,William Horton Lloyd,2309,Thomas Fowell Buxton
6206,1216,William Horton Lloyd,2629,W D Crewdson
6207,1216,William Horton Lloyd,2646,Barnard Dickinson
6208,1216,William Horton Lloyd,2656,Rachel Fowler
6209,1216,William Horton Lloyd,2657,Thomas Fowler
6211,1216,William Horton Lloyd,2675,Anna Gurney
6212,1216,William Horton Lloyd,2762,Arthur Pease
6213,1216,William Horton Lloyd,2763,Edward Pease
6214,1216,William Horton Lloyd,2764,Gurney Pease
6215,1216,William Horton Lloyd,2765,Henry Fell Pease
6216,1216,William Horton Lloyd,2766,John Pease
6217,1216,William Horton Lloyd,2768,Joseph Pease
6218,1216,William Horton Lloyd,2434,Henry Richardson
6219,1216,William Horton Lloyd,2211,William Wilson
6236,2734,Edmund Lucas,2765,Henry Fell Pease
6237,2734,Edmund Lucas,2767,John B Pease
6239,2735,Frederick Lucas,2765,Henry Fell Pease
6240,2735,Frederick Lucas,2767,John B Pease
6253,2743,Caroline Marriage,2864,Marriage Wallis
6255,2414,Thomas Marriage,2879,Francis Wright
6257,2416,R Marsh,2744,Edward Marsh
6258,2417,William Matthews,2579,Paul Bevan
6259,2417,William Matthews,2618,Elizabeth Charelton
6260,2418,William Mattravers,2769,Joseph Whitwell Pease
6261,2418,William Mattravers,2463,William Southall
6262,2418,William Mattravers,2846,Nathaniel Tregellis
6263,2418,William Mattravers,2849,Francis Tuckett
6264,2418,William Mattravers,2494,Alfred Waterhouse
6268,2746,Thomas Maw,2783,Isaac Reckitt
6273,2538,Joseph Neatby,2540,John Sanderson
6280,2423,Mary Overend,2854,J H Tuke
6287,2760,George Palmer,2835,Walter Sturge
6289,2424,W J Palmer,2604,Henry Burlingham
6290,2424,W J Palmer,2622,Cyrus Clark
6291,2424,W J Palmer,2623,James Clark (2)
6292,2424,W J Palmer,2624,Joseph Clark
6293,2424,W J Palmer,2625,W S Clark
6294,2424,W J Palmer,2835,Walter Sturge
6295,2424,W J Palmer,2480,F J Thompson
6324,2762,Arthur Pease,2767,John B Pease
6355,2763,Edward Pease,2767,John B Pease
6390,2764,Gurney Pease,2767,John B Pease
6418,2765,Henry Fell Pease,2767,John B Pease
6419,2765,Henry Fell Pease,2803,Hannah Scarr
6443,2766,John Pease,2770,Susan Pease
6444,2766,John Pease,2771,Thomas Pease
6448,2766,John Pease,2793,Isaac Robson
6449,2766,John Pease,2794,J S Robson
6453,2766,John Pease,2875,John E Wilson
6470,2767,John B Pease,2769,Joseph Whitwell Pease
6471,2767,John B Pease,2770,Susan Pease
6472,2767,John B Pease,2771,Thomas Pease
6476,2767,John B Pease,2793,Isaac Robson
6477,2767,John B Pease,2794,J S Robson
6478,2767,John B Pease,2803,Hannah Scarr
6507,2768,Joseph Pease,2770,Susan Pease
6508,2768,Joseph Pease,2771,Thomas Pease
6512,2768,Joseph Pease,2793,Isaac Robson
6513,2768,Joseph Pease,2794,J S Robson
6565,2770,Susan Pease,2793,Isaac Robson
6566,2770,Susan Pease,2794,J S Robson
6595,2771,Thomas Pease,2793,Isaac Robson
6596,2771,Thomas Pease,2794,J S Robson
6604,2774,Robert H Penney,2790,Priscilla Rickman
6619,2427,Edward Priestman (2),2554,Edmund Backhouse
6621,2427,Edward Priestman (2),2555,Edward Jun Backhouse
6623,2427,Edward Priestman (2),2557,James Jun Backhouse
6624,2427,Edward Priestman (2),2558,John Church Backhouse
6625,2427,Edward Priestman (2),2563,Eliza Barclay
6626,2427,Edward Priestman (2),2603,Wilson Burgess
6630,2427,Edward Priestman (2),2661,J G Fox
6631,2427,Edward Priestman (2),2766,John Pease
6632,2427,Edward Priestman (2),2767,John B Pease
6633,2427,Edward Priestman (2),2768,Joseph Pease
6634,2427,Edward Priestman (2),2770,Susan Pease
6635,2427,Edward Priestman (2),2771,Thomas Pease
6636,2427,Edward Priestman (2),2866,Septimus Warner
6637,2428,John Priestman,2603,Wilson Burgess
6638,2428,John Priestman,2435,W Richardson
6639,2428,John Priestman,2863,F J Walker
6641,2779,Samuel Priestman,2863,F J Walker
6645,2431,William Rathbone,2562,William Ball
6654,2785,Jane Reynolds,2829,Charles Sturge
6657,2785,Jane Reynolds,2854,J H Tuke
6659,2433,Edward Richardson,2557,James Jun Backhouse
6661,2433,Edward Richardson,2683,Daniel P Hack
6662,2433,Edward Richardson,2684,John Barton Hack
6663,2433,Edward Richardson,2698,Henry Hipsley
6664,2433,Edward Richardson,2766,John Pease
6665,2433,Edward Richardson,2767,John B Pease
6666,2433,Edward Richardson,2768,Joseph Pease
6667,2433,Edward Richardson,2770,Susan Pease
6668,2433,Edward Richardson,2771,Thomas Pease
6669,2433,Edward Richardson,2785,Jane Reynolds
6670,2433,Edward Richardson,2435,W Richardson
6671,2433,Edward Richardson,2793,Isaac Robson
6672,2433,Edward Richardson,2794,J S Robson
6673,2433,Edward Richardson,2459,Edward Smith
6674,2434,Henry Richardson,2529,Joseph Talwin Foster
6676,2434,Henry Richardson,2435,W Richardson
6677,2434,Henry Richardson,2542,George Stacey
6678,2434,Henry Richardson,2853,D Tuke
6679,2434,Henry Richardson,2488,W Tuke
6680,2434,Henry Richardson,2875,John E Wilson
6681,2435,W Richardson,2554,Edmund Backhouse
6682,2435,W Richardson,2555,Edward Jun Backhouse
6683,2435,W Richardson,2558,John Church Backhouse
6684,2435,W Richardson,2661,J G Fox
6686,2435,W Richardson,2766,John Pease
6687,2435,W Richardson,2767,John B Pease
6688,2435,W Richardson,2768,Joseph Pease
6689,2435,W Richardson,2770,Susan Pease
6690,2435,W Richardson,2771,Thomas Pease
6692,2435,W Richardson,2779,Samuel Priestman
6695,2435,W Richardson,2442,John S Rowntree
6696,2435,W Richardson,2443,Joseph Rowntree
6697,2435,W Richardson,2809,Abraham Sewell
6698,2435,W Richardson,2810,E F Sewell
6699,2435,W Richardson,2876,Joshua Wilson
6700,2787,John Rickman,2788,Josephina Rickman
6702,2788,Josephina Rickman,2790,Priscilla Rickman
6703,2788,Josephina Rickman,2791,R Rickman
6704,2788,Josephina Rickman,2792,R P Rickman
6715,2438,S Rickman,2787,John Rickman
6760,2797,John Rowntree,2798,W Rowntree
6765,2442,John S Rowntree,2793,Isaac Robson
6766,2442,John S Rowntree,2794,J S Robson
6767,2442,John S Rowntree,2798,W Rowntree
6768,2442,John S Rowntree,2803,Hannah Scarr
6770,2443,Joseph Rowntree,2793,Isaac Robson
6773,2799,Sarah Rundell,2846,Nathaniel Tregellis
6776,2540,John Sanderson,2659,Francis E Fox
6777,2540,John Sanderson,2660,Frederick H Fox
6783,2449,Micheal Scatterthwaite,2697,M A Hewitson
6784,2452,Benjamin Seebohm,2608,James Cadbury
6790,2804,F Seebohm,2853,D Tuke
6791,2804,F Seebohm,2854,J H Tuke
6792,2804,F Seebohm,2856,Samuel Tuke
6802,2459,Edward Smith,2554,Edmund Backhouse
6804,2459,Edward Smith,2555,Edward Jun Backhouse
6805,2459,Edward Smith,2558,John Church Backhouse
6806,2459,Edward Smith,2563,Eliza Barclay
6810,2459,Edward Smith,2766,John Pease
6811,2459,Edward Smith,2767,John B Pease
6812,2459,Edward Smith,2768,Joseph Pease
6813,2459,Edward Smith,2770,Susan Pease
6814,2459,Edward Smith,2771,Thomas Pease
6815,2459,Edward Smith,2772,Algernon Peckover
6816,2459,Edward Smith,2773,William Peckover
6817,2459,Edward Smith,2785,Jane Reynolds
6819,2459,Edward Smith,2793,Isaac Robson
6820,2459,Edward Smith,2829,Charles Sturge
6821,2459,Edward Smith,2471,Joseph Sturge (Mrs)
6822,2459,Edward Smith,2513,Joseph Sturge
6823,2459,Edward Smith,2494,Alfred Waterhouse
6824,2459,Edward Smith,2496,R Waterhouse
6826,2460,Richard Smith,2555,Edward Jun Backhouse
6827,2820,E P Southall,2831,George Sturge
6828,2463,William Southall,2618,Elizabeth Charelton
6831,2463,William Southall,2684,John Barton Hack
6833,2464,William Sparkes,2781,G R Pumphrey
6834,2465,Joseph F Spence,2529,Joseph Talwin Foster
6835,2465,Joseph F Spence,2480,F J Thompson
6836,2465,Joseph F Spence,2863,F J Walker
6838,2542,George Stacey,2593,Joseph B Braithwaite
6840,2542,George Stacey,2594,S Braithwaite
6842,2542,George Stacey,2629,W D Crewdson
6843,2542,George Stacey,2646,Barnard Dickinson
6844,2542,George Stacey,2656,Rachel Fowler
6845,2542,George Stacey,2657,Thomas Fowler
6847,2542,George Stacey,2675,Anna Gurney
6848,2542,George Stacey,2766,John Pease
6849,2542,George Stacey,2768,Joseph Pease
6851,2542,George Stacey,2829,Charles Sturge
6855,2825,John Stansfield,2842,Fielden Thorpe
6858,2468,Henry Sterry,2538,Joseph Neatby
6862,2826,Joseph Sterry,2827,Sarah Sterry
6865,2469,Richard Sterry,2826,Joseph Sterry
6884,2829,Charles Sturge,2832,H J Sturge
6885,2829,Charles Sturge,2835,Walter Sturge
6886,2829,Charles Sturge,2842,Fielden Thorpe
6891,2830,Edmund Sturge,2832,H J Sturge
6892,2830,Edmund Sturge,2835,Walter Sturge
6893,2830,Edmund Sturge,2842,Fielden Thorpe
6901,2831,George Sturge,2835,Walter Sturge
6910,2832,H J Sturge,2833,Samuel Sturge
6911,2832,H J Sturge,2834,Thomas M Sturge
6913,2471,Joseph Sturge (Mrs),2544,John M Albright
6916,2471,Joseph Sturge (Mrs),2575,Rebecca Beaumont
6917,2471,Joseph Sturge (Mrs),2625,W S Clark
6918,2471,Joseph Sturge (Mrs),2627,J H Cotterell
6919,2471,Joseph Sturge (Mrs),2629,W D Crewdson
6920,2471,Joseph Sturge (Mrs),2631,James Cropper
6921,2471,Joseph Sturge (Mrs),2656,Rachel Fowler
6923,2471,Joseph Sturge (Mrs),2657,Thomas Fowler
6925,2471,Joseph Sturge (Mrs),2667,Deborah Gibson
6927,2471,Joseph Sturge (Mrs),2785,Jane Reynolds
6929,2471,Joseph Sturge (Mrs),2542,George Stacey
6930,2471,Joseph Sturge (Mrs),2832,H J Sturge
6932,2513,Joseph Sturge,2544,John M Albright
6935,2513,Joseph Sturge,2575,Rebecca Beaumont
6936,2513,Joseph Sturge,2625,W S Clark
6937,2513,Joseph Sturge,2627,J H Cotterell
6938,2513,Joseph Sturge,2629,W D Crewdson
6939,2513,Joseph Sturge,2631,James Cropper
6941,2513,Joseph Sturge,2656,Rachel Fowler
6943,2513,Joseph Sturge,2657,Thomas Fowler
6945,2513,Joseph Sturge,2667,Deborah Gibson
6947,2513,Joseph Sturge,2785,Jane Reynolds
6949,2513,Joseph Sturge,2542,George Stacey
6950,2513,Joseph Sturge,2832,H J Sturge
6951,2513,Joseph Sturge,2835,Walter Sturge
6952,2513,Joseph Sturge,2842,Fielden Thorpe
6960,2833,Samuel Sturge,2835,Walter Sturge
6961,2833,Samuel Sturge,2842,Fielden Thorpe
6969,2834,Thomas M Sturge,2835,Walter Sturge
6970,2834,Thomas M Sturge,2842,Fielden Thorpe
6989,2478,H Taylor,2797,John Rowntree
6992,2478,H Taylor,2798,W Rowntree
6993,2478,H Taylor,2811,Joseph Sewell
6994,2479,A Thistlethwaite,2842,Fielden Thorpe
6995,2480,F J Thompson,2622,Cyrus Clark
6996,2480,F J Thompson,2623,James Clark (2)
6997,2480,F J Thompson,2624,Joseph Clark
6998,2480,F J Thompson,2760,George Palmer
7001,2480,F J Thompson,2842,Fielden Thorpe
7002,2480,F J Thompson,2865,Charles B Warner
7004,2481,Josiah Thompson,2863,F J Walker
7005,2482,Thomas Thompson,2579,Paul Bevan
7006,2483,W Thompson,2608,James Cadbury
7007,2483,W Thompson,2793,Isaac Robson
7008,2483,W Thompson,2794,J S Robson
7038,2486,Frederick Tuckett,2639,Frederick Crowley
7046,2853,D Tuke,2854,J H Tuke
7047,2853,D Tuke,2856,Samuel Tuke
7064,2488,W Tuke,2698,Henry Hipsley
7066,2488,W Tuke,2804,F Seebohm
7067,2488,W Tuke,2854,J H Tuke
7068,2488,W Tuke,2856,Samuel Tuke
7081,2864,Marriage Wallis,2879,Francis Wright
7088,2494,Alfred Waterhouse,2552,Edward Ash
7090,2494,Alfred Waterhouse,2577,Samuel Beck
7091,2494,Alfred Waterhouse,2580,Robert Bevan
7092,2494,Alfred Waterhouse,2608,James Cadbury
7093,2494,Alfred Waterhouse,2618,Elizabeth Charelton
7097,2495,Mary Waterhouse,2580,Robert Bevan
7098,2495,Mary Waterhouse,2608,James Cadbury
7099,2495,Mary Waterhouse,2618,Elizabeth Charelton
7101,2496,R Waterhouse,2629,W D Crewdson
7102,2496,R Waterhouse,2724,John Jowett
7104,2499,Daniel Wheeler,2592,G S Brady
7123,2503,Charles Wilson,2743,Caroline Marriage
7124,2503,Charles Wilson,2781,G R Pumphrey
7125,2503,Charles Wilson,2842,Fielden Thorpe
7126,2504,George Wilson,2542,George Stacey
7127,2504,George Wilson,2505,Isaac Wilson
7128,2504,George Wilson,2875,John E Wilson
7130,2505,Isaac Wilson,2575,Rebecca Beaumont
7131,2505,Isaac Wilson,2582,Thomas Binyon
7132,2505,Isaac Wilson,2583,S Birchall
7133,2505,Isaac Wilson,2629,W D Crewdson
7134,2505,Isaac Wilson,2630,Ann Cropper
7135,2505,Isaac Wilson,2640,J Cudworth
7136,2505,Isaac Wilson,2646,Barnard Dickinson
7137,2505,Isaac Wilson,2656,Rachel Fowler
7138,2505,Isaac Wilson,2657,Thomas Fowler
7139,2505,Isaac Wilson,2658,Alfred L Fox
7140,2505,Isaac Wilson,2664,Frederick Fryer
7141,2505,Isaac Wilson,2667,Deborah Gibson
7145,2505,Isaac Wilson,2732,Wilson Lloyd
7146,2505,Isaac Wilson,2766,John Pease
7147,2505,Isaac Wilson,2768,Joseph Pease
7148,2505,Isaac Wilson,2542,George Stacey
7169,2506,Joseph Wilson,2560,James Baker
7172,2211,William Wilson,2271,R Jun Arthington
7173,2211,William Wilson,2560,James Baker
7174,2211,William Wilson,2301,Charles L Braithwaite
7175,2211,William Wilson,2593,Joseph B Braithwaite
7176,2211,William Wilson,2594,S Braithwaite
7177,2211,William Wilson,2640,J Cudworth
7178,2211,William Wilson,2646,Barnard Dickinson
7179,2211,William Wilson,2664,Frederick Fryer
7180,2211,William Wilson,2395,Benjamin Jowett (2)
7182,2211,William Wilson,2766,John Pease
7183,2211,William Wilson,2768,Joseph Pease
7187,2547,R D Alexander,2587,Christopher Bowley
7188,2547,R D Alexander,2620,Robert Charleton
7189,2547,R D Alexander,2660,Frederick H Fox
7191,2547,R D Alexander,2746,Thomas Maw
7192,2547,R D Alexander,2757,William Norton
7193,2547,R D Alexander,2772,Algernon Peckover
7194,2266,Samuel Allen,2685,Cornelius Hanbury
7195,27,S  Stafford Allen,2288,Edward Beck
7196,27,S  Stafford Allen,2685,Cornelius Hanbury
7197,27,S  Stafford Allen,2737,Martha Lucas
7198,27,S  Stafford Allen,2739,William Jun Lucas
7200,2548,Thomas Allis,2611,Edward Carroll
7201,2548,Thomas Allis,2633,Joseph Crosfield
7202,2548,Thomas Allis,2733,Haggar Lowe
7203,2268,John Arch,2582,Thomas Binyon
7204,2270,R Arthington,2770,Susan Pease
7205,2270,R Arthington,2771,Thomas Pease
7206,2271,R Jun Arthington,2587,Christopher Bowley
7207,2271,R Jun Arthington,2664,Frederick Fryer
7208,2271,R Jun Arthington,2370,Thomas Harvey
7209,2271,R Jun Arthington,2771,Thomas Pease
7211,2552,Edward Ash,2619,James Charleton
7212,2552,Edward Ash,2620,Robert Charleton
7216,2553,Alfred Backhouse,2554,Edmund Backhouse
7217,2553,Alfred Backhouse,2558,John Church Backhouse
7218,2553,Alfred Backhouse,2563,Eliza Barclay
7220,2553,Alfred Backhouse,2662,R Barclay Fox
7222,2553,Alfred Backhouse,2677,Henry E Gurney
7223,2553,Alfred Backhouse,2699,John Hodgkin
7224,2553,Alfred Backhouse,2762,Arthur Pease
7225,2553,Alfred Backhouse,2763,Edward Pease
7226,2553,Alfred Backhouse,2764,Gurney Pease
7227,2553,Alfred Backhouse,2768,Joseph Pease
7228,2553,Alfred Backhouse,2769,Joseph Whitwell Pease
7229,2277,Catherine Backhouse,2555,Edward Jun Backhouse
7230,2277,Catherine Backhouse,2368,Henry Harris
7231,2277,Catherine Backhouse,2389,T Hunt
7232,2277,Catherine Backhouse,2483,W Thompson
7234,2554,Edmund Backhouse,2555,Edward Jun Backhouse
7236,2554,Edmund Backhouse,2558,John Church Backhouse
7237,2554,Edmund Backhouse,2563,Eliza Barclay
7238,2554,Edmund Backhouse,2565,J Gurney Barclay
7241,2554,Edmund Backhouse,2587,Christopher Bowley
7244,2554,Edmund Backhouse,2763,Edward Pease
7245,2554,Edmund Backhouse,2764,Gurney Pease
7246,2554,Edmund Backhouse,2768,Joseph Pease
7247,2554,Edmund Backhouse,2769,Joseph Whitwell Pease
7249,80,Edward Backhouse,81,James (1) Backhouse
7250,80,Edward Backhouse,2558,John Church Backhouse
7251,80,Edward Backhouse,2563,Eliza Barclay
7252,80,Edward Backhouse,523,David Dale
7253,80,Edward Backhouse,2662,R Barclay Fox
7254,80,Edward Backhouse,2699,John Hodgkin
7255,80,Edward Backhouse,2433,Edward Richardson
7256,80,Edward Backhouse,2435,W Richardson
7259,2555,Edward Jun Backhouse,2558,John Church Backhouse
7260,2555,Edward Jun Backhouse,2563,Eliza Barclay
7262,2555,Edward Jun Backhouse,2661,J G Fox
7263,2555,Edward Jun Backhouse,2662,R Barclay Fox
7264,2555,Edward Jun Backhouse,2699,John Hodgkin
7266,81,James (1) Backhouse,2548,Thomas Allis
7268,81,James (1) Backhouse,2874,Caleb Williams
7270,2557,James Jun Backhouse,2733,Haggar Lowe
7271,2557,James Jun Backhouse,2854,J H Tuke
7276,2558,John Church Backhouse,2661,J G Fox
7277,2558,John Church Backhouse,2662,R Barclay Fox
7278,2558,John Church Backhouse,2699,John Hodgkin
7279,2558,John Church Backhouse,2786,G E Richardson
7280,2280,Jonathan Backhouse,2555,Edward Jun Backhouse
7282,2280,Jonathan Backhouse,2558,John Church Backhouse
7283,2280,Jonathan Backhouse,2563,Eliza Barclay
7284,2560,James Baker,2759,J J Packer
7285,2560,James Baker,2810,E F Sewell
7286,2561,A P Balkwill,2761,Reuben C Payne
7287,2518,Abram Rawlinson Barclay,2565,J Gurney Barclay
7288,2518,Abram Rawlinson Barclay,2519,John Barclay
7289,2518,Abram Rawlinson Barclay,2677,Henry E Gurney
7295,2563,Eliza Barclay,2662,R Barclay Fox
7296,2563,Eliza Barclay,2699,John Hodgkin
7304,2565,J Gurney Barclay,2662,R Barclay Fox
7305,2565,J Gurney Barclay,2677,Henry E Gurney
7306,2565,J Gurney Barclay,2699,John Hodgkin
7307,2565,J Gurney Barclay,2762,Arthur Pease
7308,2565,J Gurney Barclay,2763,Edward Pease
7309,2565,J Gurney Barclay,2764,Gurney Pease
7310,2565,J Gurney Barclay,2768,Joseph Pease
7311,2565,J Gurney Barclay,2769,Joseph Whitwell Pease
7313,2519,John Barclay,2565,J Gurney Barclay
7315,2285,Robert Barclay,2554,Edmund Backhouse
7316,2285,Robert Barclay,2519,John Barclay
7317,2285,Robert Barclay,2677,Henry E Gurney
7318,2569,R C Barrow,2608,James Cadbury
7319,2574,John Beaumont,2767,John B Pease
7320,2575,Rebecca Beaumont,2629,W D Crewdson
7323,2575,Rebecca Beaumont,2875,John E Wilson
7324,2576,William Beaumont,2767,John B Pease
7326,2288,Edward Beck,2577,Samuel Beck
7327,2288,Edward Beck,2730,Isabella Lister
7330,2577,Samuel Beck,2672,Burwood Godlee
7331,2577,Samuel Beck,2699,John Hodgkin
7333,2577,Samuel Beck,2730,Isabella Lister
7336,2577,Samuel Beck,2736,Jeffrey Lucas
7337,2577,Samuel Beck,2789,Matilda Rickman
7338,2577,Samuel Beck,2790,Priscilla Rickman
7339,2577,Samuel Beck,2791,R Rickman
7340,2577,Samuel Beck,2792,R P Rickman
7341,2522,Peter Bedford,2668,E Gilkes
7342,2289,Eliza Bell,2735,Frederick Lucas
7343,2290,Frederick J Bell,2735,Frederick Lucas
7344,2579,Paul Bevan,2619,James Charleton
7348,2294,J Binyon,2581,Martha A Binyon
7349,2294,J Binyon,2582,Thomas Binyon
7353,2295,E L Birkbeck,2553,Alfred Backhouse
7354,2295,E L Birkbeck,2565,J Gurney Barclay
7355,2296,H Birkbeck,2553,Alfred Backhouse
7356,2296,H Birkbeck,2554,Edmund Backhouse
7357,2296,H Birkbeck,2565,J Gurney Barclay
7359,2296,H Birkbeck,2662,R Barclay Fox
7361,2296,H Birkbeck,2762,Arthur Pease
7362,2296,H Birkbeck,2763,Edward Pease
7363,2296,H Birkbeck,2764,Gurney Pease
7364,2296,H Birkbeck,2768,Joseph Pease
7365,2296,H Birkbeck,2769,Joseph Whitwell Pease
7368,2587,Christopher Bowley,2771,Thomas Pease
7369,2588,W C Bowley,2596,Robert Brewin
7370,2588,W C Bowley,2737,Martha Lucas
7371,2588,W C Bowley,2738,Samuel Lucas
7372,2588,W C Bowley,2739,William Jun Lucas
7375,2589,Edwin Bracher,2860,Richard Veale
7376,2589,Edwin Bracher,2861,William Veale
7378,249,Antonio Brady,2592,G S Brady
7379,249,Antonio Brady,2340,John Ford
7380,249,Antonio Brady,2796,Samuel Rosling
7381,249,Antonio Brady,2797,John Rowntree
7382,249,Antonio Brady,2499,Daniel Wheeler
7384,2300,Henry Brady,2340,John Ford
7385,2300,Henry Brady,2684,John Barton Hack
7386,2300,Henry Brady,2796,Samuel Rosling
7387,2300,Henry Brady,2797,John Rowntree
7388,2300,Henry Brady,2837,William Tanner
7389,2301,Charles L Braithwaite,2302,L Braithwaite
7390,2301,Charles L Braithwaite,2594,S Braithwaite
7391,2301,Charles L Braithwaite,2629,W D Crewdson
7392,2301,Charles L Braithwaite,2535,Robert Howard
7393,2301,Charles L Braithwaite,2724,John Jowett
7396,2593,Joseph B Braithwaite,2594,S Braithwaite
7397,2593,Joseph B Braithwaite,2629,W D Crewdson
7399,2593,Joseph B Braithwaite,2724,John Jowett
7402,2302,L Braithwaite,2593,Joseph B Braithwaite
7405,2594,S Braithwaite,2629,W D Crewdson
7407,2594,S Braithwaite,2724,John Jowett
7411,2596,Robert Brewin,2737,Martha Lucas
7412,2596,Robert Brewin,2738,Samuel Lucas
7413,2596,Robert Brewin,2739,William Jun Lucas
7415,2598,William Brewin,2737,Martha Lucas
7416,2598,William Brewin,2738,Samuel Lucas
7417,2598,William Brewin,2739,William Jun Lucas
7418,2599,Francis Brown,2600,Gopsill Brown
7424,2303,Isaac Brown,2305,Lydia Brown
7425,2304,Joshua Brown,2599,Francis Brown
7426,2304,Joshua Brown,2600,Gopsill Brown
7427,2305,Lydia Brown,2600,Gopsill Brown
7429,2601,W W Brown,2880,S W Wright
7430,2306,Sarah Burgess,2373,H Headley
7431,2307,Thomas Burgess,2373,H Headley
7432,2603,Wilson Burgess,2733,Haggar Lowe
7433,2604,Henry Burlingham,2643,Lucy Darby
7434,322,Charles Buxton,2528,William Forster
7435,322,Charles Buxton,2677,Henry E Gurney
7437,322,Charles Buxton,2679,John Gurney
7438,322,Charles Buxton,2680,Samuel Gurney
7439,322,Charles Buxton,2371,George Head
7440,322,Charles Buxton,2372,Sarah Head
7441,322,Charles Buxton,2380,Gurney Hoare
7442,322,Charles Buxton,2722,Andrew & Jun Johnston
7444,2607,Edward North Buxton,2677,Henry E Gurney
7446,2607,Edward North Buxton,2679,John Gurney
7447,2607,Edward North Buxton,2680,Samuel Gurney
7451,2607,Edward North Buxton,2722,Andrew & Jun Johnston
7452,2309,Thomas Fowell Buxton,2528,William Forster
7453,2309,Thomas Fowell Buxton,2675,Anna Gurney
7454,2309,Thomas Fowell Buxton,2677,Henry E Gurney
7456,2309,Thomas Fowell Buxton,2679,John Gurney
7457,2309,Thomas Fowell Buxton,2680,Samuel Gurney
7458,2309,Thomas Fowell Buxton,2722,Andrew & Jun Johnston
7462,2612,Joseph Cash,2614,William Cash
7463,2613,Newman Cash,2614,William Cash
7466,2618,Elizabeth Charelton,2620,Robert Charleton
7468,2618,Elizabeth Charelton,2660,Frederick H Fox
7470,2618,Elizabeth Charelton,2846,Nathaniel Tregellis
7477,2311,x Charleton,2618,Elizabeth Charelton
7478,2311,x Charleton,2619,James Charleton
7480,2311,x Charleton,2342,Henry Fox
7481,2311,x Charleton,2772,Algernon Peckover
7482,2311,x Charleton,2540,John Sanderson
7483,403,Henry Christy,2524,Thomas Christy
7484,403,Henry Christy,2335,John Fell
7485,403,Henry Christy,2336,Mary Fell
7490,2524,Thomas Christy,2621,Richard Christy
7491,2524,Thomas Christy,2687,Daniel Bell Hanbury
7492,2622,Cyrus Clark,2625,W S Clark
7494,2622,Cyrus Clark,2829,Charles Sturge
7495,2622,Cyrus Clark,2830,Edmund Sturge
7496,2622,Cyrus Clark,2831,George Sturge
7499,2622,Cyrus Clark,2833,Samuel Sturge
7500,2622,Cyrus Clark,2834,Thomas M Sturge
7501,2623,James Clark (2),2625,W S Clark
7503,2623,James Clark (2),2829,Charles Sturge
7504,2623,James Clark (2),2830,Edmund Sturge
7505,2623,James Clark (2),2831,George Sturge
7508,2623,James Clark (2),2833,Samuel Sturge
7509,2623,James Clark (2),2834,Thomas M Sturge
7510,2624,Joseph Clark,2625,W S Clark
7512,2624,Joseph Clark,2829,Charles Sturge
7513,2624,Joseph Clark,2830,Edmund Sturge
7514,2624,Joseph Clark,2831,George Sturge
7517,2624,Joseph Clark,2833,Samuel Sturge
7518,2624,Joseph Clark,2834,Thomas M Sturge
7521,2625,W S Clark,2835,Walter Sturge
7523,2314,C Clothier,2622,Cyrus Clark
7524,2314,C Clothier,2623,James Clark (2)
7525,2314,C Clothier,2624,Joseph Clark
7526,2314,C Clothier,2717,R Impey
7527,2314,C Clothier,2829,Charles Sturge
7528,2314,C Clothier,2831,George Sturge
7529,2314,C Clothier,2471,Joseph Sturge (Mrs)
7530,2314,C Clothier,2513,Joseph Sturge
7531,2314,C Clothier,2833,Samuel Sturge
7532,2314,C Clothier,2834,Thomas M Sturge
7534,2627,J H Cotterell,2665,John Gayner
7535,2627,J H Cotterell,2835,Walter Sturge
7541,2629,W D Crewdson,2659,Francis E Fox
7542,2629,W D Crewdson,2724,John Jowett
7543,2631,James Cropper,2632,John Cropper
7545,2632,John Cropper,2634,William Crosfield
7547,2633,Joseph Crosfield,2634,William Crosfield
7550,2318,A Crowley,2747,Edward C May
7551,2318,A Crowley,2748,Francis May
7552,2318,A Crowley,2847,Elizabeth Tuckett
7553,2318,A Crowley,2849,Francis Tuckett
7554,2318,A Crowley,2486,Frederick Tuckett
7555,2318,A Crowley,2850,P Debell Tuckett
7557,503,Henry Crowley,2273,C Ashby
7558,503,Henry Crowley,2639,Frederick Crowley
7559,2640,J Cudworth,2641,Mary Cudworth
7560,2640,J Cudworth,2642,William Cudworth
7566,2321,A Dale,2661,J G Fox
7567,2321,A Dale,2662,R Barclay Fox
7568,2321,A Dale,2699,John Hodgkin
7569,2321,A Dale,2433,Edward Richardson
7570,523,David Dale,2554,Edmund Backhouse
7572,523,David Dale,2555,Edward Jun Backhouse
7573,523,David Dale,2558,John Church Backhouse
7574,523,David Dale,2563,Eliza Barclay
7576,2646,Barnard Dickinson,2656,Rachel Fowler
7577,2646,Barnard Dickinson,2657,Thomas Fowler
7578,2646,Barnard Dickinson,2763,Edward Pease
7579,2324,John Dodshon,2642,William Cudworth
7580,2325,Daniel Doncaster,2779,Samuel Priestman
7581,2325,Daniel Doncaster,2443,Joseph Rowntree
7582,2325,Daniel Doncaster,2798,W Rowntree
7583,2648,J Doubleday,2726,W D King
7584,2649,R Doubleday,2726,W D King
7585,2652,Mary Exton,2804,F Seebohm
7586,2653,William Exton,2804,F Seebohm
7588,2335,John Fell,2621,Richard Christy
7590,2336,Mary Fell,2621,Richard Christy
7591,2336,Mary Fell,2765,Henry Fell Pease
7592,2338,Caleb Fletcher,2443,Joseph Rowntree
7593,2339,Martha Fletcher,2779,Samuel Priestman
7596,2526,Josiah Forster,2575,Rebecca Beaumont
7597,2526,Josiah Forster,2629,W D Crewdson
7599,2528,William Forster,2607,Edward North Buxton
7601,2529,Joseph Talwin Foster,2542,George Stacey
7605,2656,Rachel Fowler,2729,Edward A Leatham
7606,730,Robert Nicholas Fowler,2656,Rachel Fowler
7608,730,Robert Nicholas Fowler,2729,Edward A Leatham
7609,730,Robert Nicholas Fowler,2495,Mary Waterhouse
7610,730,Robert Nicholas Fowler,2496,R Waterhouse
7613,731,William Fowler,2565,J Gurney Barclay
7614,731,William Fowler,2296,H Birkbeck
7615,731,William Fowler,2656,Rachel Fowler
7617,731,William Fowler,2657,Thomas Fowler
7618,2658,Alfred L Fox,2661,J G Fox
7619,2658,Alfred L Fox,2662,R Barclay Fox
7624,2658,Alfred L Fox,2732,Wilson Lloyd
7626,2658,Alfred L Fox,2849,Francis Tuckett
7627,2658,Alfred L Fox,2875,John E Wilson
7628,732,Charles Henry Fox,2311,x Charleton
7629,732,Charles Henry Fox,2341,George Fox
7630,732,Charles Henry Fox,2661,J G Fox
7631,732,Charles Henry Fox,2662,R Barclay Fox
7632,732,Charles Henry Fox,2346,x Fox
7633,732,Charles Henry Fox,2769,Joseph Whitwell Pease
7634,732,Charles Henry Fox,2777,Joseph T Price
7635,732,Charles Henry Fox,2846,Nathaniel Tregellis
7637,2659,Francis E Fox,2660,Frederick H Fox
7643,2341,George Fox,2659,Francis E Fox
7644,2341,George Fox,2342,Henry Fox
7646,2341,George Fox,2540,John Sanderson
7647,2342,Henry Fox,2579,Paul Bevan
7655,2661,J G Fox,2762,Arthur Pease
7656,2661,J G Fox,2763,Edward Pease
7657,2661,J G Fox,2764,Gurney Pease
7658,2661,J G Fox,2768,Joseph Pease
7671,2662,R Barclay Fox,2849,Francis Tuckett
7672,2344,Robert Were Fox,2553,Alfred Backhouse
7673,2344,Robert Were Fox,2658,Alfred L Fox
7674,2344,Robert Were Fox,2769,Joseph Whitwell Pease
7675,2344,Robert Were Fox,2777,Joseph T Price
7676,2344,Robert Were Fox,2846,Nathaniel Tregellis
7681,2346,x Fox,2658,Alfred L Fox
7683,2346,x Fox,2380,Gurney Hoare
7684,2346,x Fox,2769,Joseph Whitwell Pease
7687,2664,Frederick Fryer,2766,John Pease
7689,2348,Joseph Gibbens,2557,James Jun Backhouse
7690,2348,Joseph Gibbens,2669,Charles Gillett
7691,2348,Joseph Gibbens,2394,Samuel Jesper
7692,2348,Joseph Gibbens,2771,Thomas Pease
7693,2351,Francis Gibson,2763,Edward Pease
7694,2351,Francis Gibson,2764,Gurney Pease
7695,2351,Francis Gibson,2765,Henry Fell Pease
7696,2351,Francis Gibson,2767,John B Pease
7697,2351,Francis Gibson,2769,Joseph Whitwell Pease
7698,776,George Stacey Gibson,2575,Rebecca Beaumont
7699,776,George Stacey Gibson,2542,George Stacey
7703,2669,Charles Gillett,2670,Jonathan Gillett
7704,2669,Charles Gillett,2771,Thomas Pease
7705,2669,Charles Gillett,2806,James Sessions
7706,2356,John Gillett,2669,Charles Gillett
7709,2672,Burwood Godlee,2699,John Hodgkin
7711,2672,Burwood Godlee,2787,John Rickman
7712,2672,Burwood Godlee,2790,Priscilla Rickman
7713,2672,Burwood Godlee,2785,Jane Reynolds
7714,2672,Burwood Godlee,2792,R P Rickman
7716,2514,William Jun Grimshaw,2599,Francis Brown
7719,2675,Anna Gurney,2768,Joseph Pease
7731,2677,Henry E Gurney,2721,Andrew Johnston
7732,853,John Henry Gurney,2296,H Birkbeck
7734,853,John Henry Gurney,2607,Edward North Buxton
7735,853,John Henry Gurney,2309,Thomas Fowell Buxton
7736,853,John Henry Gurney,2675,Anna Gurney
7737,853,John Henry Gurney,2677,Henry E Gurney
7738,853,John Henry Gurney,2679,John Gurney
7739,853,John Henry Gurney,2680,Samuel Gurney
7740,853,John Henry Gurney,2380,Gurney Hoare
7746,2679,John Gurney,2721,Andrew Johnston
7752,2680,Samuel Gurney,2721,Andrew Johnston
7753,2683,Daniel P Hack,2684,John Barton Hack
7754,2683,Daniel P Hack,2856,Samuel Tuke
7757,2684,John Barton Hack,2856,Samuel Tuke
7760,2686,Cornelius x Jun Hanbury,2687,Daniel Bell Hanbury
7764,2689,Charles L Harford,2690,John Harford
7766,2690,John Harford,2691,Summers Harford
7768,2532,Edwd Harris,2772,Algernon Peckover
7769,2532,Edwd Harris,2773,William Peckover
7770,2532,Edwd Harris,2814,John T Shewell
7773,2368,Henry Harris,2772,Algernon Peckover
7774,2368,Henry Harris,2773,William Peckover
7775,2368,Henry Harris,2814,John T Shewell
7776,2369,Lydia Harris,2772,Algernon Peckover
7777,2369,Lydia Harris,2773,William Peckover
7778,2369,Lydia Harris,2814,John T Shewell
7784,2371,George Head,2607,Edward North Buxton
7785,2371,George Head,2677,Henry E Gurney
7788,2372,Sarah Head,2607,Edward North Buxton
7789,2372,Sarah Head,2677,Henry E Gurney
7793,2373,H Headley,2719,A Janson
7794,2373,H Headley,2720,William Janson
7795,2698,Henry Hipsley,2793,Isaac Robson
7797,2698,Henry Hipsley,2856,Samuel Tuke
7799,2380,Gurney Hoare,2607,Edward North Buxton
7800,2380,Gurney Hoare,2662,R Barclay Fox
7802,2380,Gurney Hoare,2677,Henry E Gurney
7804,2380,Gurney Hoare,2679,John Gurney
7805,2380,Gurney Hoare,2680,Samuel Gurney
7816,2699,John Hodgkin,2736,Jeffrey Lucas
7817,2699,John Hodgkin,2787,John Rickman
7818,2699,John Hodgkin,2790,Priscilla Rickman
7819,2699,John Hodgkin,2791,R Rickman
7820,2699,John Hodgkin,2792,R P Rickman
7822,967,Thomas (1) Hodgkin,2577,Samuel Beck
7823,967,Thomas (1) Hodgkin,2672,Burwood Godlee
7824,967,Thomas (1) Hodgkin,2412,Edward Lucas
7825,967,Thomas (1) Hodgkin,2736,Jeffrey Lucas
7826,967,Thomas (1) Hodgkin,2787,John Rickman
7827,967,Thomas (1) Hodgkin,2880,S W Wright
7828,967,Thomas (1) Hodgkin,2791,R Rickman
7829,967,Thomas (1) Hodgkin,2792,R P Rickman
7830,967,Thomas (1) Hodgkin,2438,S Rickman
7831,2384,Mary Horsnail,2707,Charles Horsnaill
7832,2384,Mary Horsnail,2708,W C Horsnaill
7836,2535,Robert Howard,2593,Joseph B Braithwaite
7837,2535,Robert Howard,2594,S Braithwaite
7838,2535,Robert Howard,2658,Alfred L Fox
7839,2388,Henry Hunt,2552,Edward Ash
7840,2388,Henry Hunt,2620,Robert Charleton
7841,2388,Henry Hunt,2389,T Hunt
7844,2714,John Huntley,2715,Joseph Huntley
7846,1021,Jonathan Hutchinson,2589,Edwin Bracher
7847,1021,Jonathan Hutchinson,2590,James Bracher
7850,2719,A Janson,2854,J H Tuke
7852,2720,William Janson,2854,J H Tuke
7854,2394,Samuel Jesper,2503,Charles Wilson
7868,2724,John Jowett,2875,John E Wilson
7869,2397,Robert Jowett (2),2766,John Pease
7870,2397,Robert Jowett (2),2505,Isaac Wilson
7871,2397,Robert Jowett (2),2875,John E Wilson
7874,2401,Alfred Kitching,2640,J Cudworth
7875,2401,Alfred Kitching,2642,William Cudworth
7877,2536,John Kitching,2783,Isaac Reckitt
7882,2730,Isabella Lister,2809,Abraham Sewell
7883,1207,Joseph Lister,2288,Edward Beck
7884,1207,Joseph Lister,2577,Samuel Beck
7885,1216,William Horton Lloyd,2301,Charles L Braithwaite
7886,1216,William Horton Lloyd,2593,Joseph B Braithwaite
7887,1216,William Horton Lloyd,2594,S Braithwaite
7888,1216,William Horton Lloyd,2658,Alfred L Fox
7889,1216,William Horton Lloyd,2732,Wilson Lloyd
7890,1216,William Horton Lloyd,2282,S Baker
7891,1216,William Horton Lloyd,2505,Isaac Wilson
7892,1216,William Horton Lloyd,2875,John E Wilson
7895,2732,Wilson Lloyd,2769,Joseph Whitwell Pease
7900,2733,Haggar Lowe,2854,J H Tuke
7902,2412,Edward Lucas,2577,Samuel Beck
7903,2412,Edward Lucas,2672,Burwood Godlee
7904,2412,Edward Lucas,2699,John Hodgkin
7906,2412,Edward Lucas,2737,Martha Lucas
7907,2412,Edward Lucas,2738,Samuel Lucas
7908,2412,Edward Lucas,2739,William Jun Lucas
7914,2736,Jeffrey Lucas,2737,Martha Lucas
7915,2736,Jeffrey Lucas,2738,Samuel Lucas
7916,2736,Jeffrey Lucas,2739,William Jun Lucas
7934,2414,Thomas Marriage,2864,Marriage Wallis
7936,2418,William Mattravers,2540,John Sanderson
7939,2747,Edward C May,2847,Elizabeth Tuckett
7940,2747,Edward C May,2849,Francis Tuckett
7941,2747,Edward C May,2850,P Debell Tuckett
7943,2748,Francis May,2816,W Dillwyn Sims
7944,2748,Francis May,2847,Elizabeth Tuckett
7945,2748,Francis May,2849,Francis Tuckett
7946,2748,Francis May,2850,P Debell Tuckett
7947,2753,Josiah Newman,2820,E P Southall
7948,2753,Josiah Newman,2821,Sarah Southall
7959,2762,Arthur Pease,2765,Henry Fell Pease
7960,2762,Arthur Pease,2766,John Pease
7968,2763,Edward Pease,2765,Henry Fell Pease
7969,2763,Edward Pease,2766,John Pease
7976,2764,Gurney Pease,2765,Henry Fell Pease
7977,2764,Gurney Pease,2766,John Pease
7983,2765,Henry Fell Pease,2766,John Pease
7984,2765,Henry Fell Pease,2768,Joseph Pease
7985,2765,Henry Fell Pease,2769,Joseph Whitwell Pease
7994,2766,John Pease,2767,John B Pease
7995,2766,John Pease,2769,Joseph Whitwell Pease
8000,2767,John B Pease,2768,Joseph Pease
8039,2774,Robert H Penney,2787,John Rickman
8040,2774,Robert H Penney,2841,Samuel Thompson
8041,2776,Jacob Post,2795,Joseph Rosling
8044,2777,Joseph T Price,2846,Nathaniel Tregellis
8045,2777,Joseph T Price,2849,Francis Tuckett
8046,2427,Edward Priestman (2),2779,Samuel Priestman
8051,2429,James Ransome,2430,Robert Ransome
8054,2433,Edward Richardson,2554,Edmund Backhouse
8056,2433,Edward Richardson,2555,Edward Jun Backhouse
8057,2433,Edward Richardson,2558,John Church Backhouse
8058,2433,Edward Richardson,2563,Eliza Barclay
8060,2433,Edward Richardson,2661,J G Fox
8062,2435,W Richardson,2781,G R Pumphrey
8077,2438,S Rickman,2672,Burwood Godlee
8078,2438,S Rickman,2699,John Hodgkin
8082,2795,Joseph Rosling,2796,Samuel Rosling
8090,2442,John S Rowntree,2797,John Rowntree
8091,2442,John S Rowntree,2443,Joseph Rowntree
8094,2443,Joseph Rowntree,2794,J S Robson
8095,2443,Joseph Rowntree,2797,John Rowntree
8097,2443,Joseph Rowntree,2798,W Rowntree
8098,2443,Joseph Rowntree,2803,Hannah Scarr
8101,2540,John Sanderson,2579,Paul Bevan
8104,2540,John Sanderson,2686,Cornelius x Jun Hanbury
8107,2452,Benjamin Seebohm,2698,Henry Hipsley
8109,2453,William Seebohm,2804,F Seebohm
8112,2809,Abraham Sewell,2812,Phillip Sewell
8114,2810,E F Sewell,2811,Joseph Sewell
8115,2811,Joseph Sewell,2812,Phillip Sewell
8123,2459,Edward Smith,2745,Thomas William Marsh
8124,2460,Richard Smith,2850,P Debell Tuckett
8128,2463,William Southall,2753,Josiah Newman
8129,2463,William Southall,2820,E P Southall
8131,2542,George Stacey,2658,Alfred L Fox
8133,2542,George Stacey,2732,Wilson Lloyd
8138,2829,Charles Sturge,2831,George Sturge
8139,2829,Charles Sturge,2833,Samuel Sturge
8143,2830,Edmund Sturge,2831,George Sturge
8144,2830,Edmund Sturge,2833,Samuel Sturge
8153,2831,George Sturge,2834,Thomas M Sturge
8154,2471,Joseph Sturge (Mrs),2622,Cyrus Clark
8155,2471,Joseph Sturge (Mrs),2623,James Clark (2)
8156,2471,Joseph Sturge (Mrs),2624,Joseph Clark
8158,2471,Joseph Sturge (Mrs),2831,George Sturge
8159,2513,Joseph Sturge,2622,Cyrus Clark
8160,2513,Joseph Sturge,2623,James Clark (2)
8161,2513,Joseph Sturge,2624,Joseph Clark
8163,2513,Joseph Sturge,2831,George Sturge
8164,2513,Joseph Sturge,2833,Samuel Sturge
8172,2833,Samuel Sturge,2834,Thomas M Sturge
8181,2835,Walter Sturge,2842,Fielden Thorpe
8187,2478,H Taylor,2560,James Baker
8188,2479,A Thistlethwaite,2560,James Baker
8190,2480,F J Thompson,2625,W S Clark
8199,2846,Nathaniel Tregellis,2849,Francis Tuckett
8223,2490,James E Veale,2589,Edwin Bracher
8227,2493,John Warner,2734,Edmund Lucas
8230,2869,Benjamin Wheeler,2870,Frederick Wheeler
8235,2500,W Whiting,2872,John Whiting
8238,2505,Isaac Wilson,2594,S Braithwaite
8239,2505,Isaac Wilson,2724,John Jowett
8242,2505,Isaac Wilson,2875,John E Wilson
8250,2233,William Spicer Wood,2325,Daniel Doncaster
8252,2261,Arthur Albright,2544,John M Albright
8253,2261,Arthur Albright,2262,Rachel Albright
8254,2261,Arthur Albright,2263,William Albright
8259,2262,Rachel Albright,2544,John M Albright
8260,2262,Rachel Albright,2263,William Albright
8262,2263,William Albright,2544,John M Albright
8264,23,William Aldam,2264,William Jun Aldam
8266,2265,Frederick Alexander,2545,G W Alexander
8267,2265,Frederick Alexander,2546,Henry Alexander
8269,2545,G W Alexander,2546,Henry Alexander
8273,27,S  Stafford Allen,2266,Samuel Allen
8274,2270,R Arthington,2271,R Jun Arthington
8276,2273,C Ashby,2638,Abraham Crowley
8277,2273,C Ashby,2639,Frederick Crowley
8281,2277,Catherine Backhouse,2579,Paul Bevan
8282,2554,Edmund Backhouse,2662,R Barclay Fox
8283,2554,Edmund Backhouse,2699,John Hodgkin
8284,80,Edward Backhouse,2555,Edward Jun Backhouse
8286,81,James (1) Backhouse,2557,James Jun Backhouse
8287,81,James (1) Backhouse,2633,Joseph Crosfield
8289,2557,James Jun Backhouse,2633,Joseph Crosfield
8290,2280,Jonathan Backhouse,2554,Edmund Backhouse
8292,2559,J E Baker,2693,John Harlock
8294,2563,Eliza Barclay,2675,Anna Gurney
8297,2285,Robert Barclay,2553,Alfred Backhouse
8298,2285,Robert Barclay,2518,Abram Rawlinson Barclay
8299,2285,Robert Barclay,2565,J Gurney Barclay
8301,2520,Richard Barrett,2567,Jonathan Barrett
8302,2574,John Beaumont,2575,Rebecca Beaumont
8303,2574,John Beaumont,2576,William Beaumont
8309,2289,Eliza Bell,2290,Frederick J Bell
8310,2289,Eliza Bell,2523,John Bell
8312,2290,Frederick J Bell,2523,John Bell
8317,2581,Martha A Binyon,2582,Thomas Binyon
8319,2295,E L Birkbeck,2296,H Birkbeck
8320,2295,E L Birkbeck,2677,Henry E Gurney
8322,2587,Christopher Bowley,2588,W C Bowley
8324,2589,Edwin Bracher,2590,James Bracher
8326,249,Antonio Brady,2300,Henry Brady
8329,2300,Henry Brady,2592,G S Brady
8330,2301,Charles L Braithwaite,2593,Joseph B Braithwaite
8332,2596,Robert Brewin,2598,William Brewin
8335,2303,Isaac Brown,2599,Francis Brown
8336,2304,Joshua Brown,2305,Lydia Brown
8338,2305,Lydia Brown,2514,William Jun Grimshaw
8342,2306,Sarah Burgess,2602,J F Burgess
8343,2306,Sarah Burgess,2307,Thomas Burgess
8344,2307,Thomas Burgess,2602,J F Burgess
8346,322,Charles Buxton,2607,Edward North Buxton
8347,322,Charles Buxton,2309,Thomas Fowell Buxton
8348,322,Charles Buxton,2721,Andrew Johnston
8352,2309,Thomas Fowell Buxton,2607,Edward North Buxton
8353,2309,Thomas Fowell Buxton,2721,Andrew Johnston
8354,2612,Joseph Cash,2613,Newman Cash
8356,2615,R D Catchpool,2616,Thomas Catchpool
8358,2618,Elizabeth Charelton,2619,James Charleton
8359,2618,Elizabeth Charelton,2620,Robert Charleton
8363,2619,James Charleton,2620,Robert Charleton
8366,2311,x Charleton,2620,Robert Charleton
8367,2311,x Charleton,2660,Frederick H Fox
8369,2622,Cyrus Clark,2623,James Clark (2)
8370,2622,Cyrus Clark,2624,Joseph Clark
8373,2623,James Clark (2),2625,W S Clark
8379,2630,Ann Cropper,2631,James Cropper
8380,2630,Ann Cropper,2632,John Cropper
8383,2316,George Crosfield,2633,Joseph Crosfield
8384,2316,George Crosfield,2634,William Crosfield
8390,2318,A Crowley,2638,Abraham Crowley
8391,2318,A Crowley,2639,Frederick Crowley
8395,2638,Abraham Crowley,2639,Frederick Crowley
8400,503,Henry Crowley,2318,A Crowley
8401,503,Henry Crowley,2638,Abraham Crowley
8402,2641,Mary Cudworth,2642,William Cudworth
8404,2321,A Dale,2562,William Ball
8406,523,David Dale,2321,A Dale
8407,2645,William Dent,2698,Henry Hipsley
8408,2645,William Dent,2779,Samuel Priestman
8411,2325,Daniel Doncaster,2442,John S Rowntree
8412,2648,J Doubleday,2649,R Doubleday
8414,2652,Mary Exton,2653,William Exton
8415,2652,Mary Exton,2813,Joseph Sharples
8417,2653,William Exton,2813,Joseph Sharples
8418,2335,John Fell,2336,Mary Fell
8420,2338,Caleb Fletcher,2753,Josiah Newman
8421,2338,Caleb Fletcher,2803,Hannah Scarr
8422,2526,Josiah Forster,2527,Robert Forster
8423,2526,Josiah Forster,2528,William Forster
8425,2527,Robert Forster,2528,William Forster
8428,2656,Rachel Fowler,2657,Thomas Fowler
8429,730,Robert Nicholas Fowler,2657,Thomas Fowler
8432,2658,Alfred L Fox,2769,Joseph Whitwell Pease
8433,732,Charles Henry Fox,2344,Robert Were Fox
8436,2341,George Fox,2660,Frederick H Fox
8437,2342,Henry Fox,2618,Elizabeth Charelton
8438,2342,Henry Fox,2629,W D Crewdson
8439,2661,J G Fox,2662,R Barclay Fox
8445,2344,Robert Were Fox,2662,R Barclay Fox
8446,2344,Robert Were Fox,2346,x Fox
8447,2344,Robert Were Fox,2849,Francis Tuckett
8451,2346,x Fox,2662,R Barclay Fox
8454,2664,Frederick Fryer,2771,Thomas Pease
8455,2349,Ann Gibson,2667,Deborah Gibson
8456,2349,Ann Gibson,2743,Caroline Marriage
8461,2351,Francis Gibson,2766,John Pease
8462,2351,Francis Gibson,2768,Joseph Pease
8463,776,George Stacey Gibson,2667,Deborah Gibson
8464,776,George Stacey Gibson,2353,W G Gibson
8465,2353,W G Gibson,2575,Rebecca Beaumont
8466,2353,W G Gibson,2667,Deborah Gibson
8469,2356,John Gillett,2670,Jonathan Gillett
8470,2356,John Gillett,2806,James Sessions
8472,2670,Jonathan Gillett,2806,James Sessions
8473,2364,G Grimshaw,2514,William Jun Grimshaw
8479,2677,Henry E Gurney,2679,John Gurney
8480,2677,Henry E Gurney,2680,Samuel Gurney
8482,2679,John Gurney,2680,Samuel Gurney
8489,2685,Cornelius Hanbury,2686,Cornelius x Jun Hanbury
8490,2685,Cornelius Hanbury,2687,Daniel Bell Hanbury
8493,2689,Charles L Harford,2691,Summers Harford
8498,2532,Edwd Harris,2694,Theodore Harris
8499,2368,Henry Harris,2532,Edwd Harris
8500,2368,Henry Harris,2369,Lydia Harris
8501,2369,Lydia Harris,2532,Edwd Harris
8504,2370,Thomas Harvey,2664,Frederick Fryer
8505,2371,George Head,2679,John Gurney
8506,2371,George Head,2680,Samuel Gurney
8507,2371,George Head,2372,Sarah Head
8508,2372,Sarah Head,2679,John Gurney
8509,2372,Sarah Head,2680,Samuel Gurney
8511,2373,H Headley,2602,J F Burgess
8513,2374,W Hewitson,2697,M A Hewitson
8514,2377,James Hills,2378,John Hills
8519,967,Thomas (1) Hodgkin,2699,John Hodgkin
8520,2700,J Holdsworth,2701,Richard Holdsworth
8523,2534,Geo Holmes,2702,G B Holmes
8524,2707,Charles Horsnaill,2708,W C Horsnaill
8528,2535,Robert Howard,2710,Luke Howard
8529,2719,A Janson,2720,William Janson
8534,2721,Andrew Johnston,2722,Andrew & Jun Johnston
8537,2397,Robert Jowett (2),2629,W D Crewdson
8538,2397,Robert Jowett (2),2724,John Jowett
8541,1216,William Horton Lloyd,2542,George Stacey
8542,2734,Edmund Lucas,2735,Frederick Lucas
8543,2412,Edward Lucas,2736,Jeffrey Lucas
8546,2737,Martha Lucas,2738,Samuel Lucas
8547,2737,Martha Lucas,2739,William Jun Lucas
8549,2738,Samuel Lucas,2739,William Jun Lucas
8553,2747,Edward C May,2748,Francis May
8554,2747,Edward C May,2816,W Dillwyn Sims
8556,2421,E Neave,2841,Samuel Thompson
8558,2755,Thomas Norton,2757,William Norton
8562,2762,Arthur Pease,2763,Edward Pease
8563,2762,Arthur Pease,2764,Gurney Pease
8564,2762,Arthur Pease,2768,Joseph Pease
8565,2762,Arthur Pease,2769,Joseph Whitwell Pease
8567,2763,Edward Pease,2764,Gurney Pease
8568,2763,Edward Pease,2768,Joseph Pease
8569,2763,Edward Pease,2769,Joseph Whitwell Pease
8572,2764,Gurney Pease,2768,Joseph Pease
8573,2764,Gurney Pease,2769,Joseph Whitwell Pease
8576,2766,John Pease,2768,Joseph Pease
8582,2768,Joseph Pease,2769,Joseph Whitwell Pease
8588,2770,Susan Pease,2771,Thomas Pease
8592,2772,Algernon Peckover,2773,William Peckover
8593,2772,Algernon Peckover,2814,John T Shewell
8595,2773,William Peckover,2814,John T Shewell
8596,2427,Edward Priestman (2),2428,John Priestman
8598,2428,John Priestman,2779,Samuel Priestman
8601,2787,John Rickman,2789,Matilda Rickman
8602,2787,John Rickman,2790,Priscilla Rickman
8603,2787,John Rickman,2791,R Rickman
8604,2787,John Rickman,2792,R P Rickman
8607,2789,Matilda Rickman,2790,Priscilla Rickman
8608,2789,Matilda Rickman,2791,R Rickman
8609,2789,Matilda Rickman,2792,R P Rickman
8613,2790,Priscilla Rickman,2791,R Rickman
8614,2790,Priscilla Rickman,2792,R P Rickman
8619,2791,R Rickman,2792,R P Rickman
8626,2438,S Rickman,2787,John Rickman
8627,2438,S Rickman,2789,Matilda Rickman
8628,2438,S Rickman,2790,Priscilla Rickman
8629,2438,S Rickman,2791,R Rickman
8630,2438,S Rickman,2792,R P Rickman
8631,2793,Isaac Robson,2794,J S Robson
8633,2441,Alfred Rosling,2795,Joseph Rosling
8634,2441,Alfred Rosling,2796,Samuel Rosling
8638,2442,John S Rowntree,2709,Sarah Hotham
8639,2444,Samuel Rundall,2799,Sarah Rundell
8641,2540,John Sanderson,2618,Elizabeth Charelton
8644,2449,Micheal Scatterthwaite,2450,S Scatterthwaite
8646,2452,Benjamin Seebohm,2804,F Seebohm
8647,2452,Benjamin Seebohm,2453,William Seebohm
8654,2806,James Sessions,2807,Lydia Sessions
8655,2806,James Sessions,2808,Robert Sessions
8657,2807,Lydia Sessions,2808,Robert Sessions
8660,2809,Abraham Sewell,2810,E F Sewell
8661,2809,Abraham Sewell,2811,Joseph Sewell
8671,2541,Joseph Shewell,2814,John T Shewell
8673,2818,Bartholomew Smith,2853,D Tuke
8675,2461,Ann Snowden,2819,George Smithson
8676,2820,E P Southall,2821,Sarah Southall
8678,2463,William Southall,2821,Sarah Southall
8679,2823,J M Sparkes,2876,Joshua Wilson
8680,2466,L Squire,2637,Edward A Crouch
8681,2542,George Stacey,2575,Rebecca Beaumont
8682,2542,George Stacey,2667,Deborah Gibson
8684,2468,Henry Sterry,2826,Joseph Sterry
8685,2468,Henry Sterry,2469,Richard Sterry
8686,2468,Henry Sterry,2827,Sarah Sterry
8688,2469,Richard Sterry,2827,Sarah Sterry
8691,2829,Charles Sturge,2830,Edmund Sturge
8694,2829,Charles Sturge,2834,Thomas M Sturge
8702,2830,Edmund Sturge,2834,Thomas M Sturge
8703,2831,George Sturge,2832,H J Sturge
8704,2831,George Sturge,2833,Samuel Sturge
8706,2832,H J Sturge,2835,Walter Sturge
8707,2471,Joseph Sturge (Mrs),2646,Barnard Dickinson
8708,2471,Joseph Sturge (Mrs),2829,Charles Sturge
8709,2471,Joseph Sturge (Mrs),2830,Edmund Sturge
8710,2471,Joseph Sturge (Mrs),2513,Joseph Sturge
8711,2513,Joseph Sturge,2646,Barnard Dickinson
8712,2513,Joseph Sturge,2829,Charles Sturge
8713,2513,Joseph Sturge,2830,Edmund Sturge
8715,2513,Joseph Sturge,2834,Thomas M Sturge
8721,2839,Edward Thomas,2840,George Thomas
8724,2847,Elizabeth Tuckett,2849,Francis Tuckett
8726,2847,Elizabeth Tuckett,2850,P Debell Tuckett
8731,2849,Francis Tuckett,2850,P Debell Tuckett
8732,2486,Frederick Tuckett,2847,Elizabeth Tuckett
8733,2486,Frederick Tuckett,2849,Francis Tuckett
8734,2486,Frederick Tuckett,2850,P Debell Tuckett
8740,2854,J H Tuke,2856,Samuel Tuke
8742,2488,W Tuke,2853,D Tuke
8743,2857,Ann Tweedy,2859,William Tweedy
8745,2490,James E Veale,2860,Richard Veale
8746,2490,James E Veale,2861,William Veale
8748,2860,Richard Veale,2861,William Veale
8752,2865,Charles B Warner,2866,Septimus Warner
8753,2493,John Warner,2865,Charles B Warner
8754,2493,John Warner,2866,Septimus Warner
8757,2494,Alfred Waterhouse,2699,John Hodgkin
8758,2494,Alfred Waterhouse,2496,R Waterhouse
8759,2495,Mary Waterhouse,2579,Paul Bevan
8761,2867,Lucy Westcombe,2868,Thomas Westcombe
8763,2869,Benjamin Wheeler,2871,Samuel Wheeler
8767,2503,Charles Wilson,2876,Joshua Wilson
