"Name","birth_year","death_year","Target","first_year","last_year"
Arthur William A Beckett,1844,1909,ASL,1864,1867
Andrew Mercer Adam,NA,NA,ASL,1865,1867
H R Adam,NA,NA,ASL,1870,1871
Henry John Adams,NA,NA,ASL,1864,1869
William Adlam,NA,NA,ASL,1863,1866
Louis Agassiz,1807,1873,ASL,1863,1871
Anastasius Agathides,1805,1881,ASL,1867,1868
Joseph Agnew,NA,NA,ASL,1867,1870
William Baird Airston,NA,NA,ASL,1863,1867
Thomas Aitken,NA,NA,ASL,1863,1869
Frederick W Aley,NA,NA,ASL,1864,1867
J  McGrigor Allan,NA,NA,ASL,1866,1869
S  Stafford Allen,1840,1870,ASL,1863,1870
George Allin,NA,NA,ASL,1867,1870
Charles Hamond Alpe,1837,1882,ASL,1866,1869
Crewe Alston,1828,1901,ASL,1866,1869
George Amner,1873,1901,ASL,1868,1868
Edward C Anderson,NA,NA,ASL,1865,1866
John Anderson,NA,NA,ASL,1865,1867
Joseph Anderson,1832,1916,ASL,1865,1871
William Arbuthnot,NA,NA,ASL,1868,1871
Richard Edward Arden,1804,1894,ASL,1864,1867
Alexander Aria,NA,NA,ASL,1866,1866
William Armitage,1815,1903,ASL,1864,1871
T  B Armitstead,NA,NA,ASL,1863,1865
Edward Arnold,NA,1872,ASL,1868,1871
Richard Arnold,1808,1876,ASL,1866,1871
William Arthur,1819,1901,ASL,1865,1870
Rodolph Arundell,1837,1877,ASL,1863,1869
Isidore Ascher,1835,1933,ASL,1869,1870
Charles Frederick Ash,NA,NA,ASL,1864,1871
James Ashbury,1834,1895,ASL,1864,1868
John Ashbury,NA,NA,ASL,1863,1867
William Aspull,NA,NA,ASL,1865,1867
John Atcherley,NA,NA,ASL,1867,1867
Charles Atkins,NA,NA,ASL,1868,1871
George Atkinson,NA,NA,ASL,1869,1871
Alfred Aubert,NA,NA,ASL,1865,1867
Charles Cardale Babington,1808,1895,ASL,1864,1871
William Babington,NA,NA,ASL,1864,1869
Carl Ernst von Baer,1792,1876,ASL,1863,1871
Charles Henry Bagnall,NA,1869,ASL,1867,1869
Charles Stuart Bailey,1819,1883,ASL,1865,1869
John Bailey (2),NA,NA,ASL,1863,1863
James Bain,1818,1898,ASL,1865,1871
Benson Baker,NA,NA,ASL,1864,1866
J P Baker,NA,NA,ASL,1863,1869
Henry Barber,NA,NA,ASL,1865,1866
Robert Baring,NA,NA,ASL,1865,1866
Henry Walter Barlow,1830,1867,ASL,1865,1867
Christopher J Barnard,NA,NA,ASL,1866,1869
Henry Thorowgood Barnes,NA,NA,ASL,1865,1868
Joseph Henry Barr,NA,NA,ASL,1863,1869
William Roby Barr,1832,NA,ASL,1863,1871
Thomas Squire Barrett,NA,NA,ASL,1865,1871
George William Barrington,1824,1886,ASL,1865,1871
C M Barter,NA,NA,ASL,1867,1868
William Edward Bartlett,1836,1908,ASL,1864,1871
Alfred Barton,1825,1905,ASL,1864,1867
Ernest Bates,NA,NA,ASL,1866,1869
William Battye,NA,NA,ASL,1867,1871
Edwin Henry Baverstock,NA,NA,ASL,1866,1867
James Bainbridge Baxter,NA,NA,ASL,1865,1871
Samuel Beal,1825,1889,ASL,1864,1869
John S Beale,NA,NA,ASL,1863,1867
Amos Beardsley,NA,NA,ASL,1863,1867
Hugh J C Beavan,NA,NA,ASL,1863,1866
R C Beavan,NA,NA,ASL,1865,1867
Alfred Becquet,NA,NA,ASL,1865,1871
Hermann Beigel,1830,1879,ASL,1865,1871
C W  Bowdler Bell,1839,NA,ASL,1867,1869
Edward Bellamy,1837,1889,ASL,1865,1871
Henry Walter Bellew,1834,1892,ASL,1870,1871
William Painter Belliss,NA,NA,ASL,1865,1867
D Bellock,NA,NA,ASL,1867,1867
Adolph Bendir,1834,NA,ASL,1867,1871
Thomas Bendyshe,1827,1886,ASL,1863,1871
Charles Bennett,NA,NA,ASL,1867,1871
John Bennett,1814,1897,ASL,1865,1869
Thomas John Wesley Bennett,NA,NA,ASL,1866,1871
W F G Benson,NA,NA,ASL,1863,1869
William Ralph Benson,NA,NA,ASL,1868,1869
George Bertram,NA,NA,ASL,1864,1871
Camille Bertrand,NA,1863,ASL,1863,1863
x Best,NA,NA,ASL,1864,1869
John Henry Biddles,1821,1903,ASL,1868,1869
John Bilderbeck,NA,NA,ASL,1865,1871
Theodor Bilharz,1825,1862,ASL,1864,1871
Henry Corles Bingham,1801,1868,ASL,1864,1868
James Bischoff,NA,NA,ASL,1865,1871
Andrew Black,1851,1916,ASL,1870,1871
Alan Cornwall Blackstone,1833,1899,ASL,1863,1864
T A Blakely,1827,1868,ASL,1863,1868
Henry Jules Blanc,NA,NA,ASL,1865,1871
Sydney L Blanchard,NA,NA,ASL,1865,1867
Albert Taylor Bledsoe,1809,1877,ASL,1863,1869
David Blellock,NA,NA,ASL,1866,1868
John Hillier Blount,1822,1866,ASL,1864,1866
Frederick Edmund Blyth,1819,1868,ASL,1865,1868
Henry S Boase,NA,NA,ASL,1863,1866
Anatoly Petrovich Bogdanoff,1834,1896,ASL,1867,1871
Edward B Bogg,NA,NA,ASL,1863,1869
Charles W Bollaert,NA,NA,ASL,1866,1871
William Bollaert,1807,1876,ASL,1863,1870
Charles Radcliffe Bond,NA,NA,ASL,1867,1869
Walter M Bond,NA,NA,ASL,1863,1865
W C Bonnerjee,1844,1906,ASL,1866,1869
T  George Bonney,1833,1923,ASL,1863,1869
Evert Julius Bonsdorff,1810,1898,ASL,1868,1871
James Bonsor,NA,1881,ASL,1869,1871
James Bonwick,1817,1906,ASL,1869,1871
Charles Booth,1840,1916,ASL,1865,1868
W W Boreham,1804,1887,ASL,1863,1869
Cunningham Borthwick,1813,1885,ASL,1865,1871
Joseph Bosworth,1788,1876,ASL,1864,1867
x Boucher de Crevecoeur de Perthes,1788,1868,ASL,1863,1868
x Boudin,1806,1867,ASL,1863,1867
George Boulton,NA,NA,ASL,1863,1869
Brasseur de Bourbourg,1814,1874,ASL,1866,1871
Sydney Edward Bouverie Bouverie-Pusey,1839,1911,ASL,1863,1871
Thomas William Bowman,NA,1893,ASL,1866,1869
William Henry Wentworth Bowyer,1807,1872,ASL,1866,1869
William Binnington Boyce,1804,1889,ASL,1865,1866
Jacob Boys,1796,1884,ASL,1863,1871
Edward William Brabrook,1839,1930,ASL,1864,1871
Frederick Braby,1830,1911,ASL,1865,1871
Antonio Brady,1811,1881,ASL,1864,1871
P A Brady,NA,NA,ASL,1867,1871
George M Braggiotti,NA,NA,ASL,1863,1867
Charles Brainsford,NA,NA,ASL,1863,1866
Thomas Brankstone,NA,NA,ASL,1867,1869
Frank William Breach,NA,NA,ASL,1869,1869
A C Brebner,NA,1873,ASL,1867,1871
James Brebner,1793,1874,ASL,1863,1871
Charles Brett,NA,1878,ASL,1865,1871
J S Brickwood,NA,NA,ASL,1864,1866
John Brinton,1827,1914,ASL,1864,1865
Bernard Edward Brodhurst,1822,1900,ASL,1863,1865
David Brodie,1821,1909,ASL,1866,1869
P B Brodie,NA,NA,ASL,1863,1865
Frederick Brome,NA,1870,ASL,1864,1870
James Brooke,1803,1868,ASL,1864,1868
Henry (2) Brookes,NA,NA,ASL,1864,1866
William Brookes,NA,NA,ASL,1865,1867
Charles Cornish Brown,1846,1875,ASL,1870,1871
Edward Brown,NA,NA,ASL,1864,1865
Edwin Brown,1818,1876,ASL,1865,1865
Edwin Ormond Brown,NA,NA,ASL,1864,1868
George W  (1) Brown,NA,NA,ASL,1864,1871
James Roberts Brown,NA,NA,ASL,1864,1871
John Allen Brown,1831,1903,ASL,1865,1871
John Harcourt Brown,NA,NA,ASL,1865,1866
x Brown-Sequard,1817,1894,ASL,1863,1863
Thomas Henry Browne,NA,NA,ASL,1867,1871
Robert Bruce,NA,NA,ASL,1867,1870
Ernst Wilhelm Ritter von Brucke,1819,1892,ASL,1863,1871
George Bryant,NA,NA,ASL,1867,1871
Ludwig Buchner,1824,1899,ASL,1864,1871
James Buckman,1818,1884,ASL,1863,1871
William Bull,1828,1902,ASL,1867,1871
Henry Christopher Bunkell,1829,1903,ASL,1863,1869
Henry Burden,1835,1893,ASL,1865,1866
Daniel Earl Burdett,NA,NA,ASL,1870,1870
August Friedrich Marschall von Burgholzhausen,1804,1887,ASL,1864,1871
John Smith Burke,NA,1868,ASL,1864,1868
Luke Burke,NA,1885,ASL,1863,1864
Hermann Burmeister,1807,1892,ASL,1864,1871
Samuel Burton,NA,NA,ASL,1864,1867
Johann Karl Eduard Buschmann,1805,1880,ASL,1863,1871
William John Busteed,1836,1914,ASL,1866,1871
Henry Butler,1838,NA,ASL,1864,1871
James Butler,NA,NA,ASL,1867,1871
Charles Buxton,1823,1871,ASL,1864,1866
Isaac Byerley,1814,1897,ASL,1864,1870
George Byham,1826,NA,ASL,1863,1865
John O'Connell Byrne,NA,NA,ASL,1866,1867
Benjamin Bond Cabbell,1782,1874,ASL,1864,1871
Henry Callaway,1817,1890,ASL,1864,1871
Thomas Callaway,1822,1869,ASL,1864,1869
John Calman,NA,NA,ASL,1870,1871
Luigi Calori,1807,1896,ASL,1871,1871
Frank Calvert,1828,1908,ASL,1867,1867
George Calvert,NA,NA,ASL,1866,1867
Charles Duncan Cameron,NA,1870,ASL,1863,1869
Francis Campbell,1798,1877,ASL,1866,1871
George (1) Campbell,1824,1892,ASL,1869,1870
Henry Campbell,NA,NA,ASL,1864,1869
James Campbell,NA,NA,ASL,1864,1871
Montgomery Campbell,NA,NA,ASL,1863,1867
Robert Campbell,1829,1884,ASL,1865,1866
T A Campbell,NA,NA,ASL,1868,1871
Francis Campin,NA,NA,ASL,1866,1867
Thomas Cannon,NA,NA,ASL,1864,1867
Jean-Francois Caplin,1790,1872,ASL,1864,1869
Charles Capper,1822,1869,ASL,1864,1866
Charles Napoleon de Cardi,1844,1906,ASL,1868,1871
William D Carey,1837,1917,ASL,1865,1871
John Burford Carlill,1814,1874,ASL,1867,1871
Robert Carrington,NA,NA,ASL,1867,1867
Samuel Cartwright,1789,1864,ASL,1863,1871
Facundo Carulla,NA,NA,ASL,1864,1867
Carl Gustav Carus,1789,1869,ASL,1863,1869
John Cassell,1817,1865,ASL,1864,1865
FranÃ§ois Louis Nompar de Caumont La Force Castelnau,1810,1880,ASL,1863,1871
Henry James Castle,NA,NA,ASL,1866,1869
Daniel de Castro,NA,NA,ASL,1868,1869
George Catlin,1796,1872,ASL,1866,1871
John Cavafy,1838,1901,ASL,1865,1871
"Antonio de La, jun Cerda",1834,1885,ASL,1865,1871
John Henry Challis,1806,1880,ASL,1865,1871
William Chamberlin,NA,NA,ASL,1863,1871
Charles Harcourt Chambers,1826,1876,ASL,1863,1871
William Chambers,1809,1882,ASL,1864,1871
James Champley,NA,1888,ASL,1866,1871
Frank Chance,1825,1897,ASL,1864,1871
David Charles,1812,1878,ASL,1865,1869
Edward Charlesworth,1813,1893,ASL,1866,1871
Henry Charlton,NA,1872,ASL,1864,1871
Samuel Cheetham,1827,NA,ASL,1866,1869
Hendrick Agnis Chignell,1833,1879,ASL,1863,1864
Robert Caesar Childers,1838,1876,ASL,1865,1870
Samuel Chinnery,1828,NA,ASL,1865,1871
William Nathan Chipperfield,1822,1873,ASL,1865,1871
P H Chittenden,NA,NA,ASL,1867,1869
Henry Clare,NA,NA,ASL,1864,1865
x Clarendon,1800,1870,ASL,1864,1870
Henry Clark,NA,NA,ASL,1863,1864
Henry Wilberforce Clarke,1840,1905,ASL,1866,1869
Hyde Clarke,1815,1895,ASL,1865,1867
William Henry Claus,NA,NA,ASL,1865,1868
T H  Jun Clay,NA,NA,ASL,1868,1871
John (1) Cleghorn,NA,NA,ASL,1869,1871
John (2) Cleghorn,NA,NA,ASL,1868,1869
John Cleland,1835,NA,ASL,1863,1864
William James Clement,1802,1870,ASL,1863,1870
H Clerk,NA,NA,ASL,1864,1871
Maurice Philip Clifford,NA,NA,ASL,1865,1867
F W Coates,NA,NA,ASL,1867,1869
Henry Coates,NA,NA,ASL,1867,1867
Frederick Cock,NA,NA,ASL,1867,1868
John jun Cock,NA,NA,ASL,1864,1870
W  Spencer Cockings,NA,NA,ASL,1863,1866
James Coke,NA,NA,ASL,1867,1867
John Colam,1827,1910,ASL,1870,1871
W P Colchester,NA,NA,ASL,1868,1870
Henry Cole,1808,1882,ASL,1864,1871
Richard Beverley Cole,1829,1901,ASL,1864,1871
Vicat Cole,1833,1893,ASL,1865,1871
Edmund Walter Coleman,NA,1870,ASL,1868,1870
John Payne Collier,1789,1883,ASL,1864,1868
Thomas Collings,1798,1869,ASL,1865,1866
John Frederick Collingwood,1830,1923,ASL,1863,1871
S  Edwin Collingwood,NA,NA,ASL,1863,1869
John (1) Collinson,1842,1922,ASL,1866,1871
John Congreve,NA,NA,ASL,1867,1867
Moncure Daniel Conway,1832,1907,ASL,1869,1871
Samuel John Cooke,NA,NA,ASL,1869,1871
William Fothergill Cooke,1806,1879,ASL,1864,1871
William Gifford Cookesley,1802,1880,ASL,1865,1866
Daniel Cooper,1821,1902,ASL,1863,1871
Frederick Cooper,NA,NA,ASL,1866,1871
Holmes Coote,1817,1872,ASL,1865,1869
H Copham,NA,NA,ASL,1863,1865
Thomas Copings,NA,NA,ASL,1863,1864
William C Copperthwaite,1809,1890,ASL,1867,1871
William Cory,NA,1868,ASL,1864,1868
Frederick William Cosens,1819,1889,ASL,1864,1871
Handel Cossham,1824,1890,ASL,1864,1865
F L Cotton,NA,NA,ASL,1865,1870
Samuel Courtauld,1793,1881,ASL,1864,1871
F G Courthope,NA,NA,ASL,1867,1870
J  Jermyn Cowell,NA,NA,ASL,1864,1866
Joseph jun Cowen,1829,1900,ASL,1865,1868
Henry Augustus Cowper,NA,NA,ASL,1866,1871
Irwin Edward Bainbridge Cox,1838,1922,ASL,1866,1866
J W  Conrad Cox,NA,NA,ASL,1864,1869
W T Cox,NA,NA,ASL,1864,1866
James Coxe,1811,1878,ASL,1867,1868
Arthur Edmund Crafter,1838,1884,ASL,1865,1867
Henry Valentine Crassweller,NA,NA,ASL,1864,1866
Thomas William Craster,1829,1888,ASL,1867,1869
Tom junr Craston,NA,NA,ASL,1869,1871
Robert Crawford,NA,NA,ASL,1868,1869
Frederick A B Crawfurd,NA,NA,ASL,1866,1866
John Crawfurd,1783,1868,ASL,1863,1868
George Critchett,1817,1882,ASL,1864,1869
J M Crolly,NA,NA,ASL,1863,1867
A G Cross,NA,NA,ASL,1863,1871
Henry Crowley,NA,1887,ASL,1864,1871
George Rayner Croxford,NA,NA,ASL,1863,1866
Moore A Cuffe,NA,NA,ASL,1870,1871
Edward Barrett Hodges Curteis,NA,1886,ASL,1867,1871
John Cuthbert,NA,NA,ASL,1867,1869
John Richmond Cuthbert,NA,1901,ASL,1863,1871
William Barrington D'Almeida,1841,1897,ASL,1867,1871
Jean Baptiste Julien D'Omalius d'Halloy,1783,1875,ASL,1863,1871
S J Da Costa,NA,NA,ASL,1866,1866
x Daa,1809,1877,ASL,1866,1871
G P Dall,NA,NA,ASL,1867,1867
Eugene Dally,1833,1887,ASL,1864,1871
Frederick Whittock Darby,NA,NA,ASL,1866,1867
Camille Dareste,1822,1899,ASL,1863,1871
George Russell Dartnell,1799,1878,ASL,1867,1871
Charles Darwin,1809,1882,ASL,1863,1871
Arthur Dashwood,NA,NA,ASL,1868,1871
Samuel Davenport,1818,1906,ASL,1866,1869
John George Davey,NA,NA,ASL,1863,1869
John Davidson,NA,NA,ASL,1867,1871
I Davie,NA,NA,ASL,1864,1864
F  Drummond Davies,NA,NA,ASL,1864,1867
Jesse Conway Davies,1822,NA,ASL,1867,1871
William Davies,NA,NA,ASL,1869,1871
Edmund Francis Davis,1845,1889,ASL,1866,1869
Frederick E Davis,NA,NA,ASL,1866,1866
George Dawson,1821,1876,ASL,1863,1871
Walter F Dawson,NA,NA,ASL,1866,1867
Samuel Phillips Day,NA,NA,ASL,1865,1865
John junr De Horne,NA,NA,ASL,1863,1866
Octave Delepierre,1802,1879,ASL,1864,1871
Walter Cooper Dendy,1794,1871,ASL,1867,1871
George Denman,1819,1896,ASL,1866,1866
x Derby (formerly Stanley),1841,1908,ASL,1864,1871
Jules Desnoyers,1800,1887,ASL,1863,1871
Charles William Devis,NA,NA,ASL,1865,1868
George Dibley,NA,NA,ASL,1864,1871
Henry Dickman,NA,NA,ASL,1863,1869
x Diezmann,NA,NA,ASL,1868,1868
John Dingle,1812,1885,ASL,1863,1871
Henry Distin,NA,NA,ASL,1868,1868
Thomas J Dobson,NA,NA,ASL,1864,1869
William Donald,NA,NA,ASL,1866,1867
John Donaldson,1845,1865,ASL,1863,1865
x Donnell,NA,NA,ASL,1865,1865
Cornelius Donovan,1820,1872,ASL,1868,1869
Bernard Dorn,1805,1881,ASL,1863,1871
James Dowie,NA,NA,ASL,1863,1868
John Langdon H Down,1828,1896,ASL,1865,1871
Alexander Downing,1843,1907,ASL,1868,1871
Arthur Edward Downing,NA,NA,ASL,1867,1869
Washington Downing,NA,NA,ASL,1867,1867
James T J Doyle,NA,NA,ASL,1865,1868
D I Drakeford,NA,NA,ASL,1866,1871
James F Draper,NA,1876,ASL,1865,1871
Robert A Drew,NA,1868,ASL,1865,1868
H Driver,NA,1868,ASL,1864,1868
John Drummond,1793,1875,ASL,1864,1871
Paul Belloni Du Chaillu,1831,1903,ASL,1863,1867
C A Du Val,1810,1872,ASL,1864,1867
Gustaf Von Duben,1822,1892,ASL,1867,1871
Frederick Duckworth,NA,NA,ASL,1866,1869
Henry Duckworth,NA,NA,ASL,1865,1866
R E Dudgeon,1820,1904,ASL,1865,1867
Reginald R Dudley,NA,NA,ASL,1867,1869
J R Duggan,1903,NA,ASL,1863,1867
W N Duggan,NA,NA,ASL,1866,1869
Emile Duhousset,1823,NA,ASL,1864,1871
Conrad C Dumas,1832,1891,ASL,1865,1867
x Dumon,NA,NA,ASL,1866,1871
Alexander Duncan,1819,1887,ASL,1868,1871
Francis Duncan,1836,1888,ASL,1867,1871
Peter Martin Duncan,1824,1891,ASL,1864,1869
Alexander Milne Dunlop,1841,1897,ASL,1866,1867
R H W Dunlop,NA,NA,ASL,1867,1869
Robert Dyce,1798,1869,ASL,1867,1869
Robert Eadie,NA,NA,ASL,1867,1869
William Eassie,1832,1888,ASL,1864,1871
Alexander Ecker,1816,1887,ASL,1867,1871
Conrad Eckhard,1822,1905,ASL,1863,1871
Casper W Eddy,NA,NA,ASL,1867,1868
Thomas Edmonston,NA,NA,ASL,1866,1869
J  Passmore Edwards,1823,1911,ASL,1869,1870
William Edwards-Schneegans,NA,NA,ASL,1868,1868
Charles William Eeles,NA,NA,ASL,1865,1869
x Eliot,NA,NA,ASL,1867,1867
John Ellerton,1840,1923,ASL,1865,1869
C H  Fairfax Ellis,NA,NA,ASL,1867,1871
Jonathan W Elmes,NA,NA,ASL,1865,1867
Joel Emanuel,NA,NA,ASL,1865,1866
Jacob Epstein,NA,NA,ASL,1866,1870
Victor Erlanger,1840,1894,ASL,1868,1871
Adolf Ernst,1832,1899,ASL,1865,1871
x Euclide,NA,NA,ASL,1869,1871
Edward Bickerton Evans,1819,1893,ASL,1864,1871
John Evans,1823,1908,ASL,1863,1871
Richard Tonson Evanson,1800,1871,ASL,1867,1870
William Ewart,1798,1869,ASL,1864,1865
Arthur B Ewen,1838,NA,ASL,1867,1869
Edward John Eyre,1815,1901,ASL,1864,1871
William Fairbairn,1789,1874,ASL,1867,1871
R W Fairbank,1839,1890,ASL,1866,1868
Edmund Farmer,NA,NA,ASL,1864,1866
x Farquharson,NA,NA,ASL,1863,1871
J G Faught,NA,NA,ASL,1865,1866
Frederick Fearon,1826,NA,ASL,1864,1871
Alexis Fedschenko,1844,1873,ASL,1865,1871
George Edgeworth Fenwick,1825,1894,ASL,1863,1871
William Ferguson,1820,1887,ASL,1863,1866
John Fergusson,NA,NA,ASL,1867,1867
Leopold Ferny,NA,NA,ASL,1866,1871
Alexander Fiddes,NA,1870,ASL,1866,1870
Edwin Foxton Firby,NA,NA,ASL,1864,1871
Frederick Firebrace,NA,1917,ASL,1864,1871
James (1) Fischer,1832,1873,ASL,1866,1869
Robert Fischer,NA,1911,ASL,1866,1871
Edward Gardiner Fishbourne,NA,NA,ASL,1865,1866
F H Fitzwilliam,NA,NA,ASL,1867,1868
George Fleming,1833,1901,ASL,1863,1871
Alphonse de Fleuriot de Langle,1809,1881,ASL,1868,1871
Walter Flight,1841,1885,ASL,1863,1867
John Folhurst,NA,NA,ASL,1867,1867
Duncan W Forbes,NA,NA,ASL,1867,1869
W Forester,NA,NA,ASL,1865,1871
Joseph James Forrester,NA,NA,ASL,1863,1869
Balthazar Walter Foster,1840,1913,ASL,1864,1867
M Foster,1836,1907,ASL,1863,1865
William Henry Francklyne,NA,NA,ASL,1869,1871
Alexander Adolphus Fraser,NA,NA,ASL,1863,1867
Alexander Colvin Fraser,NA,NA,ASL,1866,1869
Henry Stanhope Freeman,1831,1865,ASL,1864,1865
x Freme,NA,NA,ASL,1864,1867
Sydney French,NA,NA,ASL,1868,1868
H  Albert Freuler,NA,NA,ASL,1863,1867
Anton Fritsch,1832,1913,ASL,1863,1871
Danby Palmer Fry,1818,1903,ASL,1863,1864
Stephen D Fuller,1839,1912,ASL,1863,1871
Michael Cudmore Furnell,1829,1888,ASL,1865,1871
Paolo Gaddi,1806,NA,ASL,1868,1871
Richard M Gage,NA,NA,ASL,1865,1869
Antonio Garbiglietti,1807,1887,ASL,1868,1871
Felix Garden,NA,NA,ASL,1868,1869
John Gardiner,1814,1868,ASL,1866,1868
Charles Henry Gardner,NA,1872,ASL,1864,1871
William H Garrett,NA,NA,ASL,1863,1866
Charles Henry Gatty,1836,1903,ASL,1863,1864
J Gaus,NA,NA,ASL,1866,1869
David Gay,1826,NA,ASL,1864,1867
Alex  Nidda Genthe,NA,1870,ASL,1866,1870
x Georgei,NA,NA,ASL,1863,1866
Paul Gervais,1816,1879,ASL,1863,1871
George Duncan Gibb,1821,1876,ASL,1863,1871
Craig Gibson,1813,1874,ASL,1863,1871
George Stacey Gibson,1818,1883,ASL,1864,1866
Enrico Hillyer Giglioli,1845,1909,ASL,1863,1871
Joseph Gill,NA,NA,ASL,1866,1868
Andrew Gilmour,NA,1910,ASL,1865,1869
x Giraldes,1808,1875,ASL,1863,1871
Spyridon Glaucopides,NA,NA,ASL,1863,1871
J  S  Stuart Glennie,1841,1910,ASL,1864,1867
John Hawley Glover,1829,1885,ASL,1865,1869
Edwin Goadby,1837,NA,ASL,1865,1869
x Gobineau,1816,1882,ASL,1864,1871
William Goddard,1839,1907,ASL,1866,1867
Thomas Godrich,NA,NA,ASL,1868,1869
Augustus Goldsmid,1818,1874,ASL,1865,1871
Thomas Gooch,NA,NA,ASL,1863,1866
William Gooch,NA,NA,ASL,1864,1864
Charles Rowland Goodman,NA,NA,ASL,1867,1871
Arthur Gordon Gordon,NA,NA,ASL,1865,1867
Richard Thomas Gore,1799,1881,ASL,1863,1869
A L  (pere) Gosse,1791,1873,ASL,1863,1869
Hippolyte-Jean Gosse,1834,1901,ASL,1863,1871
Charles Edward Gover,1835,1872,ASL,1867,1869
James Gowans,1821,1890,ASL,1866,1871
Pierre Gratiolet,1815,1865,ASL,1863,1865
John Grattan,NA,NA,ASL,1865,1869
Ryves William Graves,NA,1882,ASL,1867,1871
John Grayling,NA,NA,ASL,1867,1868
Frederick Green,NA,NA,ASL,1865,1868
Frederick King Green,1842,1915,ASL,1869,1871
George Courthope Green,NA,1875,ASL,1867,1871
Sidney Faithhorn Green,1841,1916,ASL,1863,1866
Henry Greenway,NA,NA,ASL,1867,1867
William Greenwell,1820,1918,ASL,1865,1869
Edward Greey,1835,1888,ASL,1867,1868
Alexander Gregg,1819,1893,ASL,1867,1870
Walter Gregor,1825,1897,ASL,1863,1871
J R Gregory,NA,NA,ASL,1863,1867
H G Gridley,1820,NA,ASL,1865,1866
Frederick Griffin,1813,1885,ASL,1865,1870
Lepel Griffin,1838,1908,ASL,1866,1871
Francis Griffiths,NA,NA,ASL,1865,1870
James Oliff Griffits,1821,NA,ASL,1864,1871
Charles Groves,1793,1866,ASL,1863,1866
Joseph Tatton Russell Groves,NA,NA,ASL,1865,1866
John Gunn,1801,1890,ASL,1868,1870
Henry Francis Jeune Guppy,NA,NA,ASL,1863,1867
Samuel Guppy,1790,1875,ASL,1866,1869
Johann Georg Hahn,NA,NA,ASL,1867,1871
Ernst Hallier,1831,1904,ASL,1869,1871
C D Hammond,NA,NA,ASL,1863,1865
William Alexander Hammond,1828,1900,ASL,1868,1871
Henry Fletcher Hance,1827,1886,ASL,1866,1871
H J B Hancock,NA,NA,ASL,1864,1867
James Ronaldson Handyside,1798,1873,ASL,1865,1871
Richard Davis Hanson,1805,1876,ASL,1870,1871
Edward B Harbour,NA,1865,ASL,1865,1865
Clarence Harcourt,NA,1909,ASL,1864,1871
Charles Harding,NA,NA,ASL,1865,1869
William Harding,1809,1890,ASL,1865,1871
William Hardman,1828,1890,ASL,1864,1870
Charles J Harland,NA,NA,ASL,1864,1867
Henry Harland,NA,NA,ASL,1867,1869
C E Harle,NA,NA,ASL,1867,1867
Thomas Harlin,1832,1913,ASL,1864,1867
J A W Harper,NA,NA,ASL,1865,1868
Samuel Harraden,NA,NA,ASL,1865,1871
Arthur B Harris,NA,NA,ASL,1866,1871
James Penn Harris,1817,1892,ASL,1867,1871
William Henry Harrison,1840,1897,ASL,1868,1871
Alfred Edmund Harriss,NA,NA,ASL,1869,1871
Ernest Abraham Hart,1835,1898,ASL,1865,1866
John Harvey,NA,NA,ASL,1865,1869
Frederick Augustus Haserick,1828,1902,ASL,1866,1871
James Hastie,1848,1897,ASL,1865,1867
Richard Haughton,1782,1867,ASL,1864,1867
Samuel Foster Haven,1806,1881,ASL,1867,1871
George Hawkins,NA,NA,ASL,1864,1871
W E Hay,NA,NA,ASL,1864,1867
Thomas Hayle,1808,1886,ASL,1867,1869
William Stephens Hayward,1835,1870,ASL,1870,1870
Edward Charles Healey,1845,1906,ASL,1864,1871
Dunbar Isidore Heath,1816,1888,ASL,1864,1871
G J D Heath,NA,1880,ASL,1869,1871
John Heaton,1818,1897,ASL,1868,1869
Alexander Hector,1810,1875,ASL,1865,1871
W G Helsby,1828,1891,ASL,1863,1868
David Mitchell Henderson,NA,NA,ASL,1870,1871
P Henderson,NA,NA,ASL,1870,1871
Alfred Gutteres Henriques,1829,1908,ASL,1865,1868
M H Henry,NA,NA,ASL,1867,1871
John Mason Hepworth,NA,NA,ASL,1863,1871
Henry A Hertz,NA,NA,ASL,1869,1869
Maximilian Herz,1837,1890,ASL,1865,1871
Matthew Heslop,NA,NA,ASL,1870,1871
T P Heslop,NA,NA,ASL,1865,1867
Jonas B Hewitt,NA,NA,ASL,1868,1869
Alfred Hewlett,1831,1918,ASL,1863,1871
James Higgin,NA,NA,ASL,1863,1871
Alfred Higgins,NA,NA,ASL,1863,1871
x Hildebrand,1838,1925,ASL,1867,1871
Dallas Hill,NA,NA,ASL,1866,1871
George Hill,NA,NA,ASL,1865,1867
L  Doake Hill,NA,NA,ASL,1867,1867
R  Harvey Hilliard,NA,NA,ASL,1870,1871
J Hillier,NA,NA,ASL,1864,1866
x Hincks,1794,1871,ASL,1863,1871
Benjamin Hinde,NA,NA,ASL,1866,1869
George T Hine,NA,NA,ASL,1864,1867
August Hirsch,1817,1894,ASL,1869,1869
Wilhelm His,1831,1904,ASL,1864,1871
W Hitchman,1817,1889,ASL,1865,1866
W G E Hobbs,NA,NA,ASL,1864,1871
F H Hobler,NA,NA,ASL,1865,1866
von Hochstetter,1829,1884,ASL,1863,1871
Thomas Hodge,NA,NA,ASL,1863,1867
Brian Houghton Hodgson,1801,1894,ASL,1863,1871
"x Hoeven, Van der",1801,1868,ASL,1863,1868
Carl Alphonse Hoffman,NA,NA,ASL,1870,1871
Jennings Holgate,NA,NA,ASL,1866,1871
James Holland,NA,NA,ASL,1864,1866
William Holmes,NA,NA,ASL,1865,1869
H  le Hon,1809,1872,ASL,1868,1871
T H Hood,NA,NA,ASL,1865,1867
James Hope,NA,NA,ASL,1870,1871
John Baker Hopkins,1830,1888,ASL,1866,1867
W J S Horton,NA,NA,ASL,1863,1868
Henry Hotze,1833,1887,ASL,1863,1869
x Houghton,1809,1885,ASL,1865,1869
Alfred Robert Houghton,NA,NA,ASL,1867,1871
Edward Price Houghton,NA,NA,ASL,1863,1871
Frederick Hovenden,1838,1911,ASL,1868,1871
C F Howard,NA,NA,ASL,1863,1863
W T Howard,NA,NA,ASL,1865,1871
H W Howarth,NA,NA,ASL,1866,1868
Oswald Bloomfield Howell,NA,NA,ASL,1868,1869
Charles William Hoyland,1808,1889,ASL,1867,1871
F Hudson,NA,NA,ASL,1864,1869
Henry Hudson,NA,1889,ASL,1864,1871
Robinson Hudson,NA,1867,ASL,1866,1867
Richard Hughes,1836,1902,ASL,1865,1866
Hamilton J Hulcee,NA,NA,ASL,1868,1870
Thomas Humble,NA,1878,ASL,1865,1868
Augustus H Hunt,1849,NA,ASL,1864,1869
George S  Lennon Hunt,NA,NA,ASL,1863,1870
James Hunt,1833,1869,ASL,1863,1869
John (1) Hunt,NA,NA,ASL,1863,1867
G A Hutchinson,NA,NA,ASL,1865,1869
Jonathan Hutchinson,1828,1913,ASL,1863,1871
Thomas Henry Huxley,1825,1895,ASL,1863,1871
Josef Hyrtl,1810,1894,ASL,1863,1871
Walter Hyslop,NA,NA,ASL,1865,1866
Joseph Ince,1826,1907,ASL,1867,1869
A Ioannides,NA,NA,ASL,1863,1869
George James Ivey,NA,NA,ASL,1865,1867
Frederick R Izard,NA,NA,ASL,1864,1866
Henry (the father) Jackson,1806,1866,ASL,1863,1866
Henry (the son) Jackson,1839,1921,ASL,1866,1871
Henry Willan Jackson,1842,1914,ASL,1865,1867
Henry William (1) Jackson,NA,NA,ASL,1863,1871
J  Hughlings Jackson,1835,1911,ASL,1863,1864
J W Jackson,NA,1872,ASL,1863,1871
Le Grand Jacob,1805,1881,ASL,1864,1866
George Alexander James,NA,1868,ASL,1867,1868
Horatio Gay James,NA,NA,ASL,1865,1871
William Jardine,1800,1874,ASL,1863,1866
John Jarratt,NA,NA,ASL,1863,1866
Frederick John Jeffery,NA,NA,ASL,1869,1871
William S Jeffery,NA,NA,ASL,1864,1868
Charles Jellicoe,1804,1882,ASL,1864,1867
Newton Edward Jennings,1840,1901,ASL,1865,1866
William Jennings,1847,1927,ASL,1864,1871
Leonard Jenyns LATER Blomefield,1800,1893,ASL,1863,1871
William Jepson,NA,NA,ASL,1867,1871
C Jervise,NA,NA,ASL,1864,1865
Henry Edward Jessop,NA,NA,ASL,1865,1869
Augustus Jessopp,1823,1914,ASL,1864,1866
George Curling Joad,1837,1881,ASL,1865,1871
Arthur Johnson,NA,NA,ASL,1869,1871
Henry Johnson,NA,NA,ASL,1864,1867
Henry James Johnson,NA,NA,ASL,1864,1867
Henry Moreton Johnson,NA,NA,ASL,1865,1867
Richard Johnson,NA,NA,ASL,1864,1868
J C  Hope Johnstone,NA,NA,ASL,1867,1869
C  Treasure Jones,NA,NA,ASL,1864,1869
J  Pryce Jones,NA,NA,ASL,1864,1866
John Jones,NA,NA,ASL,1863,1868
Robert Jones,NA,NA,ASL,1869,1869
W T Jones,NA,NA,ASL,1863,1866
Algernon Joy,NA,NA,ASL,1867,1869
Ernst Juch,1838,1909,ASL,1869,1869
Francisco Delgado Jugo,NA,NA,ASL,1867,1871
x Kalmus,NA,NA,ASL,1867,1871
G Kasimates,NA,NA,ASL,1867,1871
x Kaup,1803,1873,ASL,1863,1871
J W  (2) Kaye,1840,NA,ASL,1868,1871
William Keene,1798,1872,ASL,1865,1867
William Kelly,1813,1872,ASL,1864,1866
William Henry Kemm,1783,1859,ASL,1864,1867
T M Kendall,NA,NA,ASL,1863,1867
Claude Buchanan Ker,1867,1925,ASL,1867,1871
James Kernahan,1827,1875,ASL,1867,1869
W B Kesteven,NA,1891,ASL,1866,1871
Nicolai de Khanikof,1819,1878,ASL,1866,1871
Joshua Edward Killick,NA,NA,ASL,1864,1871
William Kincaid,1831,1909,ASL,1865,1871
Edwin Holborow King,NA,1900,ASL,1869,1871
Richard King,1811,1876,ASL,1866,1871
S W King,NA,NA,ASL,1863,1863
William King,1809,1886,ASL,1864,1871
Charles Kingsley,1819,1875,ASL,1863,1871
W R H Kinlay,NA,NA,ASL,1864,1867
David Kinloch,NA,NA,ASL,1870,1871
Robert Reid Kirkwood,NA,NA,ASL,1867,1869
Samuel Kisch,NA,NA,ASL,1867,1869
de Koninck,1809,1887,ASL,1865,1871
Isidor Kopernicki,1825,1891,ASL,1868,1871
x Koren,NA,NA,ASL,1866,1871
Alfred von Kremer,1828,1889,ASL,1866,1871
William White La Barte,1824,1904,ASL,1863,1870
George Lade,NA,NA,ASL,1867,1868
Samuel Laing,1812,1897,ASL,1864,1871
Thomas Josiah Laing,1810,1880,ASL,1867,1871
Thomas Lampray,NA,NA,ASL,1864,1867
John Lancaster,1815,1884,ASL,1863,1871
T A  Augustus Land,NA,NA,ASL,1864,1867
Edwin Lander,NA,NA,ASL,1866,1867
Vavasour Joseph Lane,1837,1873,ASL,1869,1870
Augustus Henry Lane Fox later Pitt Rivers,1827,1900,ASL,1865,1871
Samuel Lang,NA,NA,ASL,1864,1864
William Lang,NA,NA,ASL,1865,1867
J R Langley,NA,NA,ASL,1864,1865
Edouard Lartet,1801,1871,ASL,1863,1871
William Latta,1843,1871,ASL,1866,1871
John Zachariah Laurence,1829,1870,ASL,1863,1864
Thomas Laurie,NA,NA,ASL,1866,1869
Edward (1) Lawrence,1825,1909,ASL,1864,1867
Frederick Lawrence,1821,1867,ASL,1863,1867
William Lawrence,1783,1867,ASL,1863,1867
J Lawson,NA,1870,ASL,1865,1870
William Lawson,NA,NA,ASL,1865,1869
x Le Bret,NA,NA,ASL,1866,1871
Edwin Lee,NA,NA,ASL,1864,1871
Frederick George Lee,1832,1902,ASL,1865,1867
George Byrne Lee,NA,NA,ASL,1867,1869
John Lee (2),1783,1866,ASL,1865,1866
Richard Lee,NA,NA,ASL,1863,1867
Conrad Leemans,1809,NA,ASL,1868,1871
Samuel Lees,NA,NA,ASL,1863,1871
William Benjamin Leggatt,NA,NA,ASL,1866,1869
Louis Leguay,NA,NA,ASL,1868,1871
Henry Leighton,NA,NA,ASL,1867,1871
x Lelorrain,NA,NA,ASL,1867,1871
Samuel Allen Letts,1839,1910,ASL,1865,1867
Karl Georg Friedrich Rudolf Leuckart,1822,1898,ASL,1863,1871
W  Hanks Levy,NA,NA,ASL,1864,1866
Charles Francis Lewis,NA,NA,ASL,1865,1869
x Library of the Corporation of London,NA,NA,ASL,1866,1866
Charles Linder,NA,NA,ASL,1864,1871
Gustaf Lindstrom,1829,1901,ASL,1864,1871
John Lister,1802,1867,ASL,1863,1867
x Literary and Philosophical Society,NA,NA,ASL,1866,1871
F T Littey,NA,NA,ASL,1867,1867
Robert Liveing,1834,1919,ASL,1865,1865
David Lloyd,NA,NA,ASL,1866,1867
James L Lobley,1833,1913,ASL,1867,1871
William Lockhart,1811,1896,ASL,1863,1871
Joseph Norman Lockyer,1836,1920,ASL,1863,1866
J R Logan,1819,1869,ASL,1866,1869
"Corporation Library London, City of",NA,NA,ASL,1866,1866
William Longman,1813,1877,ASL,1863,1868
Henry Lonsdale,1816,1876,ASL,1863,1871
Edward Lord,1812,1875,ASL,1863,1871
J K Lord,NA,NA,ASL,1866,1867
Basil Lovery,NA,1897,ASL,1868,1871
Mark Anthony Lower,1814,1876,ASL,1866,1871
D Lubach,1815,1902,ASL,1870,1870
Johann Constantin August Lucae,1835,1911,ASL,1863,1871
Thomas Lucas,1843,1917,ASL,1864,1868
William Charles Lucy,1822,1898,ASL,1864,1870
William Collings Lukis,1817,1892,ASL,1864,1871
Edward Lund,1823,1898,ASL,1866,1869
John Alfred Lush,1815,1888,ASL,1869,1871
Coryndon H Luxmoore,NA,NA,ASL,1864,1871
Philip Powys Lybbe Lybbe,1818,1897,ASL,1864,1867
Charles Lyell,1797,1875,ASL,1863,1871
Henry Bowden Lyle,1843,1887,ASL,1867,1869
William Hunter Lyle,NA,NA,ASL,1866,1867
John Macartney,NA,NA,ASL,1869,1871
D G F Macdonald,1823,1884,ASL,1865,1866
William MacDonald,1798,1875,ASL,1863,1868
John Mackenzie,NA,NA,ASL,1865,1866
Kenneth Robert Henderson Mackenzie,1833,1886,ASL,1864,1869
Samuel Joseph Mackie,1823,1902,ASL,1863,1864
Draper Mackinder,NA,NA,ASL,1863,1871
Charles E Mackintosh,NA,NA,ASL,1864,1871
David Mackintosh,NA,NA,ASL,1867,1871
Charles Donald Maclean,NA,NA,ASL,1867,1869
Hector Maclean,1818,1893,ASL,1863,1871
George Macleay,1809,1891,ASL,1869,1869
Filippo Manetta,NA,NA,ASL,1865,1871
Angelo Manzoni,NA,NA,ASL,1867,1871
W T Marriott,1834,1903,ASL,1865,1867
Robert C Marsden,NA,1865,ASL,1865,1865
x Marshale,NA,NA,ASL,1863,1863
George William Marshall,1839,1905,ASL,1864,1866
Robert Marshall,NA,NA,ASL,1864,1866
Benbow Backhouse Marson,1830,1887,ASL,1865,1867
Edward W Martin,NA,NA,ASL,1869,1871
H  Victor Martin,1811,1901,ASL,1866,1869
J  Ranald Martin,1793,1874,ASL,1864,1865
John (2) Martin,1812,1874,ASL,1864,1871
x Martin-Magron,1810,1872,ASL,1863,1871
Nicholas Martindale,NA,NA,ASL,1863,1871
Joseph Mason,NA,NA,ASL,1865,1869
W Mason,NA,NA,ASL,1868,1869
James Mathieson,NA,NA,ASL,1863,1871
Henry Matthews,1826,1913,ASL,1863,1871
Henry Garland Matthews,1838,1908,ASL,1866,1867
Samuel E Maunsell,NA,NA,ASL,1869,1871
Daniel Maxwell,NA,NA,ASL,1868,1871
Nicholas M Maxwell,NA,NA,ASL,1866,1867
Edward Hooper May,1831,1914,ASL,1867,1871
John Edwin Mayall,1813,1901,ASL,1863,1867
Thomas Mayne,NA,NA,ASL,1867,1869
John S Mayson,1825,NA,ASL,1863,1864
Alexander McArthur,1814,1909,ASL,1864,1870
Andrew McCallum,NA,NA,ASL,1865,1869
Arthur Edward McCallum,NA,NA,ASL,1864,1870
James McClelland,1799,1879,ASL,1863,1870
John McCormick,NA,NA,ASL,1868,1871
William McCoskry,NA,NA,ASL,1865,1871
James McCraith,NA,NA,ASL,1867,1871
James McCrevey,NA,1870,ASL,1866,1870
John McDonnell,1839,1879,ASL,1864,1871
George McHenry,NA,NA,ASL,1863,1867
Walter McLeod,NA,NA,ASL,1863,1871
Barr Meadows,NA,NA,ASL,1867,1871
Thomas Taylor Meadows,1815,1868,ASL,1866,1868
John Medd,NA,NA,ASL,1867,1869
William H Medd,NA,NA,ASL,1863,1869
Charles William Carter Madden Medlicott,1839,NA,ASL,1867,1871
James Aitken Meigs,1829,1879,ASL,1863,1871
John Magens Mello,1836,1903,ASL,1867,1871
Robert Menzies,NA,NA,ASL,1866,1871
Evan Powell Meredith,1811,1889,ASL,1867,1871
Etienne Gustave Mery,NA,NA,ASL,1866,1869
Samuel Messenger,NA,NA,ASL,1864,1866
Alexander Michie,1833,1902,ASL,1864,1871
J Middleton,NA,NA,ASL,1864,1864
John M  (or H ) Middleton,NA,NA,ASL,1864,1864
Louis Remy Mignot,1831,1870,ASL,1866,1870
Franciscus Miklosich,1813,1891,ASL,1863,1871
John Mill,NA,NA,ASL,1864,1867
John Miller,NA,NA,ASL,1867,1871
Joseph Milligan,1807,1884,ASL,1863,1871
Henry F Mills,NA,NA,ASL,1866,1871
J M C Mills,NA,NA,ASL,1865,1871
A Milne,NA,NA,ASL,1865,1865
Thomas Milne,NA,NA,ASL,1869,1869
Henri Milne-Edwards,1800,1885,ASL,1863,1871
W R Milner,NA,1868,ASL,1863,1868
x Milton,1839,1877,ASL,1864,1871
B G Miraglia,1814,1885,ASL,1868,1871
J B Mirrlees,NA,NA,ASL,1864,1866
Arthur Mitchell,1826,1909,ASL,1865,1871
William Henry Mitchell,NA,NA,ASL,1864,1867
William Stephen Mitchell,NA,NA,ASL,1864,1867
Rajendralala Mitra,1823,1891,ASL,1868,1871
St George J Mivart,NA,NA,ASL,1864,1869
C  Poorooshottum Modeliar,NA,NA,ASL,1864,1867
Robert G Moger,NA,NA,ASL,1867,1869
Alexander Moir,NA,NA,ASL,1869,1869
J  Macrae Moir,1825,1881,ASL,1869,1869
Jakob Moleschott,1822,1893,ASL,1864,1871
Frederick William Monk,NA,NA,ASL,1864,1867
William Monk,NA,NA,ASL,1864,1871
Frederick Butler Montgomerie,1833,NA,ASL,1864,1871
x Moon,NA,NA,ASL,1864,1866
George Moore,1803,1880,ASL,1864,1871
Henry Reginald Moore,NA,NA,ASL,1865,1871
J  Daniel Moore,NA,NA,ASL,1863,1866
James H Moore,NA,NA,ASL,1865,1869
John (1) Moore,NA,1882,ASL,1864,1871
John (2) Moore,NA,NA,ASL,1866,1871
Robert Waters Moore,1819,1884,ASL,1866,1871
William Gosling Moore,NA,NA,ASL,1868,1871
Modeliar P S Mootoosaumy,NA,NA,ASL,1866,1869
Fortescue John Morgan,NA,NA,ASL,1863,1871
John Morgan,NA,NA,ASL,1870,1871
Thomas H Morgan,NA,NA,ASL,1868,1870
William Henry Morgan,NA,NA,ASL,1866,1871
Thomas B Moriarty,NA,NA,ASL,1865,1871
James Cotter Morison,1832,1888,ASL,1863,1871
Charles Adolphe Morlot,1820,1867,ASL,1863,1867
David Morris,NA,NA,ASL,1863,1871
H C  Grove Morris,NA,NA,ASL,1866,1869
J P Morris,NA,NA,ASL,1864,1869
James Holmes Morrison,1842,1917,ASL,1869,1871
Richard James ('Zadkiel') Morrison,1795,1874,ASL,1867,1871
Edward John Morshead,1839,1902,ASL,1864,1867
John Mortimer,NA,1871,ASL,1864,1871
John Robert Mortimer,1825,1911,ASL,1870,1871
Joseph Mosheimer,NA,NA,ASL,1864,1867
Svend Mosling,NA,NA,ASL,1866,1871
Thomas Moss,NA,NA,ASL,1865,1866
C B Mosse,NA,NA,ASL,1866,1870
George Mott,1831,1906,ASL,1866,1871
Joseph Mould,NA,NA,ASL,1864,1866
Walter Moxon,NA,NA,ASL,1868,1868
Henry Muirhead,1814,1890,ASL,1867,1871
August Muller,1848,1892,ASL,1864,1866
Ferdinand Muller,1825,1896,ASL,1864,1864
Friedrich Max Muller,1823,1900,ASL,1865,1871
Richard Mullins,NA,NA,ASL,1868,1869
Edward W Murphy,1802,1877,ASL,1863,1866
Edward Murray,NA,NA,ASL,1868,1868
J C Murray,NA,NA,ASL,1867,1871
John (1) Murray,NA,NA,ASL,1865,1868
John (2) Murray,NA,NA,ASL,1865,1869
John George Musgrave,NA,NA,ASL,1864,1866
Dadabhai Naoroji,1825,1917,ASL,1864,1867
Charles Ottley Groom Napier,1839,1894,ASL,1865,1871
D W Nash,1809,1876,ASL,1865,1865
Robert Lucas Nash,1818,1871,ASL,1868,1871
Samuel Nash,NA,NA,ASL,1870,1871
F B  Bernard Natusch,NA,NA,ASL,1865,1871
George Nesbitt,NA,NA,ASL,1863,1869
J R Neville,NA,NA,ASL,1865,1865
Literary and Philosophical Society of Newcastle,NA,NA,ASL,1866,1866
William Newmarch,NA,NA,ASL,1864,1867
P H Newnham,NA,NA,ASL,1864,1871
Alfred Vincent Newton,NA,NA,ASL,1865,1871
Henry William Newton,NA,NA,ASL,1863,1869
Robert S Newton,NA,NA,ASL,1868,1871
Thomas Nicholas,NA,NA,ASL,1866,1869
G  Jasper Nicholls,NA,NA,ASL,1864,1871
Charles Nicholson,1808,1903,ASL,1863,1865
John Peede Segrave Carington Nicholson,NA,NA,ASL,1864,1866
Giustiniano Nicolucci,1819,1904,ASL,1864,1871
Sven Nilsson,1787,1883,ASL,1865,1871
Roden Noel,1834,1894,ASL,1864,1870
John Spencer Noldwritt,NA,NA,ASL,1864,1868
Karl Friedrich Nordmann,1830,NA,ASL,1868,1871
Henry Norsworthy,NA,NA,ASL,1867,1871
George North,NA,NA,ASL,1863,1867
Samuel William North,NA,NA,ASL,1863,1871
Josiah Clark Nott,1804,1873,ASL,1863,1871
John Nottingham,1810,1895,ASL,1867,1871
Richard Maddock Nunn,NA,1876,ASL,1865,1871
Charles O'Callaghan,NA,1875,ASL,1866,1871
Luke Smyth O'Connor,1806,1873,ASL,1864,1871
J L O'Sullivan,1813,1895,ASL,1864,1869
G H Ogston,NA,NA,ASL,1864,1871
Samuel Pasfield Oliver,1838,1907,ASL,1868,1869
William M Ord,1834,1902,ASL,1865,1869
John Benn Ormathwaite,1798,1881,ASL,1864,1871
John William Willoughby Osborne,1833,1881,ASL,1864,1871
Thomas F Overman,NA,NA,ASL,1865,1866
H  Burnard Owen,NA,NA,ASL,1863,1867
John Fletcher Owen,1839,1924,ASL,1868,1871
Richard Owen,1804,1892,ASL,1863,1871
Robert Brisco Owen,1799,1883,ASL,1863,1871
Samuel R J Owen,NA,NA,ASL,1864,1871
J D V Packman,1813,1885,ASL,1863,1866
Henry James Paine,NA,NA,ASL,1867,1869
William Paley,1824,1899,ASL,1867,1869
Silas Palmer,1815,1875,ASL,1863,1871
Louis Philippe d'Orleans Paris,1838,1894,ASL,1865,1866
Matthew Paris,NA,NA,ASL,1865,1866
J W Parker,1792,1870,ASL,1863,1870
Walter Mantell Parker,NA,NA,ASL,1870,1871
John Parnell,NA,NA,ASL,1864,1869
J  Charlton Parr,NA,NA,ASL,1868,1871
King John Parr,NA,NA,ASL,1871,1871
Dashwood G Parry,NA,NA,ASL,1863,1867
A W Parsons,NA,NA,ASL,1865,1866
T E Partridge,NA,NA,ASL,1865,1870
Theodore D'Orville Partridge,NA,1897,ASL,1867,1871
Alexander Paspati,1814,1891,ASL,1867,1871
George K H Paterson,NA,NA,ASL,1865,1868
Robert Paterson,1814,1889,ASL,1867,1867
B H Paul,NA,NA,ASL,1865,1867
R W Payne,NA,NA,ASL,1866,1871
Edward Peacock,1831,1915,ASL,1864,1871
Thomas Bevill Peacock,1812,1882,ASL,1863,1871
George Peacocke,1829,1871,ASL,1865,1869
Charles Thomas Pearce,1815,1883,ASL,1867,1869
Frederick Edward Pearse,1833,1900,ASL,1865,1871
Alfred Henry Pechell,1827,1885,ASL,1866,1871
J M Peebles,NA,NA,ASL,1869,1869
Robert Peel,1838,1894,ASL,1866,1871
John Peiser,1801,1886,ASL,1863,1871
W S Pendon,NA,NA,ASL,1866,1866
William Peppe,NA,1937,ASL,1869,1871
William Perkins,NA,NA,ASL,1866,1871
James Perrin,1801,1888,ASL,1866,1871
John Beswick Perrin,NA,1887,ASL,1864,1865
Augustus E G Perrot,1857,1880,ASL,1867,1869
S G F Perry,NA,NA,ASL,1865,1868
Augustus Heinrich Petermann,1822,1878,ASL,1868,1871
Horace William Petherick,1839,1919,ASL,1863,1871
George Petrie,1818,1875,ASL,1865,1871
Barnet Phillips,1827,1905,ASL,1866,1869
Philip Phoebus,1804,1880,ASL,1863,1867
Edward Pick,NA,NA,ASL,1863,1864
Francois Jules Pictet,1809,1872,ASL,1863,1871
George William Septimus Piesse,1820,1882,ASL,1864,1865
Luke Owen Pike,1835,1915,ASL,1863,1869
Bedford Pim,1826,1886,ASL,1864,1871
Thomas Ryan Pinchis,1825,1869,ASL,1868,1869
W Pinkerton,1809,1871,ASL,1863,1871
James Pinnock,NA,NA,ASL,1866,1867
John Plant,NA,NA,ASL,1866,1869
John Platts,1830,1904,ASL,1869,1871
Charles Plummer,1831,NA,ASL,1864,1869
Fenwick T Poole,NA,NA,ASL,1866,1866
John Daniel Poole,NA,NA,ASL,1866,1867
Matthew Conway Poole,1841,1885,ASL,1871,1871
Reginald Stuart Poole,1832,1895,ASL,1863,1867
R Pope,NA,1870,ASL,1869,1870
R B Porter,NA,NA,ASL,1867,1869
George Pouchet,1833,1894,ASL,1863,1871
Emil Arnold Praeger,1817,NA,ASL,1866,1867
Henry Pratt,NA,NA,ASL,1866,1867
Charles Sharp Price,NA,NA,ASL,1870,1871
Frederick George Hilton Price,1842,1909,ASL,1868,1871
Thomas Prichard,NA,1878,ASL,1865,1871
Henry jun Prigg,NA,NA,ASL,1863,1871
George Pringle,NA,NA,ASL,1866,1869
Thomas junr Pritchard,1826,1874,ASL,1866,1869
William T Pritchard,1829,1907,ASL,1864,1865
James C Proctor,NA,NA,ASL,1867,1867
Hyde Pullen,NA,NA,ASL,1863,1871
H Purdon,NA,NA,ASL,1866,1867
H S Purdon,1843,1906,ASL,1866,1868
Bernard Quaritch,1819,1899,ASL,1865,1871
William Quin,1817,1871,ASL,1866,1871
John Radcliffe,NA,NA,ASL,1864,1869
James Rae,NA,1891,ASL,1864,1871
Antonio Raimondi,1826,1890,ASL,1866,1871
"A , jun Ramsay",NA,NA,ASL,1863,1871
Frank Ramsay,1821,1884,ASL,1868,1871
William Francis Ramsay,NA,NA,ASL,1867,1871
Jabez Spence Ramskill,1825,1897,ASL,1865,1871
G C Rankin,NA,NA,ASL,1864,1866
Edwin Ransom,1841,1927,ASL,1868,1871
Goday Naraen Gajapati Rao,1828,1903,ASL,1866,1871
Charles Ratcliff,1815,1885,ASL,1863,1871
James Rawson,NA,NA,ASL,1867,1869
Charles Reade,1814,1884,ASL,1865,1869
William Winwood Reade,1838,1875,ASL,1863,1870
James Reddie,NA,NA,ASL,1863,1866
Karl Bogislaus Reichert,1811,1883,ASL,1863,1871
Ernest Renan,1823,1892,ASL,1863,1871
Charles Jeremiah Renshaw,1841,1916,ASL,1863,1871
M Ricardo,1776,1866,ASL,1864,1866
Edward Jackson Riccard,NA,1872,ASL,1867,1871
x Richards,NA,NA,ASL,1864,1869
Franklin Thomas Richards,1847,1905,ASL,1864,1871
Charles Richardson,1814,1896,ASL,1864,1871
James Coxon Richardson,NA,1877,ASL,1865,1871
Francis Ignatio Rickard,1837,1906,ASL,1863,1871
George Thorne Ricketts,1826,1919,ASL,1870,1871
H B Riddell,NA,NA,ASL,1864,1866
Henry F Rivers,1830,1911,ASL,1863,1869
John Robbins,NA,NA,ASL,1866,1869
Charles Robert des Ruffieres,NA,1883,ASL,1863,1871
George E Roberts,1831,1865,ASL,1863,1865
J Roberts,NA,NA,ASL,1865,1867
Alexander Robertson,NA,1906,ASL,1864,1868
Alexander Robertson (2),NA,NA,ASL,1867,1870
Charles Nice Robertson,NA,NA,ASL,1865,1866
Daniel Brooke Robertson,1810,1881,ASL,1864,1871
John Forbes Robertson,NA,NA,ASL,1866,1866
Thomas Valentine Robins,NA,NA,ASL,1866,1867
J Robinson,NA,NA,ASL,1865,1865
William Robinson,NA,1880,ASL,1865,1871
Sampson Roch,1829,1906,ASL,1865,1871
"James, jun Rock",NA,NA,ASL,1863,1867
Alfred S Rogers,NA,NA,ASL,1863,1869
George Rogers,1809,1891,ASL,1867,1871
Charles Alfred Rolph,NA,NA,ASL,1863,1867
George Frederick Rolph,NA,NA,ASL,1864,1868
Hyacinthe Ronay,1814,1889,ASL,1865,1871
Charles Rooke,1809,1872,ASL,1866,1869
James Anderson Rose,1819,1890,ASL,1868,1871
Theodor A Rosenbusch,NA,NA,ASL,1865,1868
John George Clunies Ross,1823,1871,ASL,1863,1871
E J Routh,1831,1907,ASL,1864,1866
Ankithum Venkata Nursing Row,1827,1892,ASL,1870,1871
William Bridges Row,NA,NA,ASL,1865,1870
Henry Rudall,1793,1868,ASL,1865,1866
Thomas Rudd,NA,NA,ASL,1865,1869
Sophus Ruge,1831,1903,ASL,1868,1871
H  Hodgson Rugg,1812,1891,ASL,1867,1871
Samuel Rule,NA,1868,ASL,1867,1868
John Ruskin,1819,1900,ASL,1864,1871
A H Russell,1837,1916,ASL,1863,1871
Charles E Russell,NA,NA,ASL,1868,1871
James Russell,NA,NA,ASL,1866,1866
Logan H  D Russell,NA,NA,ASL,1870,1870
x Rutimeyer,1825,1895,ASL,1863,1871
John Ryan,NA,NA,ASL,1867,1869
Oluf Rygh,1833,1899,ASL,1866,1871
Charles S Salmon,NA,NA,ASL,1867,1869
William Salmon,NA,NA,ASL,1865,1868
William Severin Salting,1837,1905,ASL,1863,1871
James Sandale,NA,NA,ASL,1865,1869
Alfred Sanders,NA,NA,ASL,1864,1871
Alfred M Sanderson,NA,NA,ASL,1863,1866
T J Sanderson,NA,NA,ASL,1865,1865
W H Scattergood,NA,NA,ASL,1866,1871
Hermann Schaaffhausen,1816,1893,ASL,1863,1871
William Mason Scharlieb,1829,1891,ASL,1867,1871
Carl Ritter von Scherzer,1821,1903,ASL,1863,1871
E Schiemann,NA,NA,ASL,1870,1871
Hermann de Schlagintweit,1826,1882,ASL,1863,1867
A Schumann,NA,NA,ASL,1867,1869
E S Schwabe,NA,NA,ASL,1863,1868
Theodor Richard Schweitzer,NA,NA,ASL,1868,1869
Charles Scott,NA,NA,ASL,1866,1866
David Scott,NA,NA,ASL,1867,1871
John (2) Scott,1817,1890,ASL,1867,1871
Robert S Scott,NA,NA,ASL,1863,1871
Wentworth Lascelles Scott,NA,NA,ASL,1864,1867
J  Eglinton Seaman,NA,NA,ASL,1865,1869
Berthold Seemann,1825,1871,ASL,1863,1871
William Selwyn,1806,1875,ASL,1864,1869
Hugh R Semper,NA,NA,ASL,1866,1869
Lucy Ellen Sewall,1837,1890,ASL,1868,1871
Henry Sewell,NA,NA,ASL,1866,1869
George Seymour,NA,NA,ASL,1865,1867
Henry Danby Seymour,1820,NA,ASL,1865,1867
Peter Sharp,NA,NA,ASL,1864,1871
Samuel Sharp,1814,1882,ASL,1863,1866
W J Sharpe,NA,NA,ASL,1864,1869
A  Mackintosh Shaw,NA,NA,ASL,1864,1865
Frederick George Shaw,NA,1918,ASL,1866,1871
Robert Barkley Shaw,1839,1879,ASL,1865,1869
Joseph Shepherd,1812,1887,ASL,1865,1869
H  Brinsley Sheridan,1820,1906,ASL,1864,1869
William Henry Sherwood,NA,NA,ASL,1865,1871
William Shipp,1807,1873,ASL,1866,1871
John Shortt,1822,1889,ASL,1863,1871
Thomas R G Shute,1802,1881,ASL,1864,1867
Ramon de Silva-Ferro,1829,1889,ASL,1863,1871
Constantine Simonides,NA,NA,ASL,1865,1867
S F Simonson,NA,NA,ASL,1867,1871
Frank Simpson,NA,NA,ASL,1865,1871
H V Simpson,NA,NA,ASL,1867,1869
J  Marrion Sims,1813,1883,ASL,1865,1865
R S Sisson,NA,NA,ASL,1865,1866
James Henry Skene,1812,1886,ASL,1864,1867
Frederick Mackenzie Skues,1834,1911,ASL,1866,1871
William Mackenzie Skues,NA,NA,ASL,1863,1871
Abell Smith,NA,NA,ASL,1863,1867
Andrew Smith,1797,1872,ASL,1864,1871
George (1) Smith,1828,1873,ASL,1865,1871
George (2) Smith,1840,1876,ASL,1865,1867
George Hill Smith,1815,1893,ASL,1867,1869
George Whitely Smith,NA,NA,ASL,1865,1867
John Smith,NA,NA,ASL,1863,1871
Joseph J Smith,NA,NA,ASL,1866,1866
Peter Smith,NA,1866,ASL,1865,1866
Protheroe Smith,1809,1889,ASL,1863,1871
Tasker Smith,NA,NA,ASL,1865,1869
Thomas Smith,NA,NA,ASL,1863,1869
Thomas Eustace Smith,1831,1903,ASL,1867,1871
Thomas James Smith,1827,1896,ASL,1864,1871
William Smith,NA,NA,ASL,1864,1866
William Nugent Smith,NA,NA,ASL,1863,1869
Worthington George Smith,1835,1917,ASL,1865,1871
Sydney James Smithers,NA,NA,ASL,1868,1869
Brice Smyth,1838,1922,ASL,1864,1871
James Smyth,NA,NA,ASL,1866,1866
John E Smyth,NA,NA,ASL,1867,1868
John jun Smyth,NA,NA,ASL,1864,1864
Frederick Snaith,NA,1869,ASL,1867,1869
George Blagrove Snell,NA,NA,ASL,1863,1867
William Parker Snow,1817,1895,ASL,1863,1868
Samuel Solly,1805,1871,ASL,1864,1866
Philip Southby,1843,1908,ASL,1867,1871
James Bertram Sparhawk,NA,NA,ASL,1868,1869
Henry King Spark,1824,1899,ASL,1864,1871
Peter Spence,1806,1883,ASL,1864,1866
W H Spence,NA,NA,ASL,1865,1865
R J Spencer,NA,NA,ASL,1867,1869
William Henry Spencer,NA,NA,ASL,1863,1867
Edward Spooner,1821,1899,ASL,1864,1869
T B Sprague,1830,1920,ASL,1865,1871
Francis R Spry,1834,1913,ASL,1864,1867
Flaxman Spurrell,NA,NA,ASL,1867,1869
Ephraim George Squier,1821,1888,ASL,1865,1871
George St Clair,1836,1908,ASL,1863,1871
Spencer St John,1825,1910,ASL,1863,1871
Edward Stamp,1814,1872,ASL,1865,1871
William Edward Stanbridge,1821,1894,ASL,1863,1871
John Stanley,1827,1903,ASL,1865,1870
Thomas C Stanley,NA,NA,ASL,1868,1869
John Stanton,NA,NA,ASL,1865,1867
A B Stark,NA,NA,ASL,1867,1869
Japetus Steenstrup,1813,1897,ASL,1863,1871
Carl (Karl) Steinhauer,1801,1902,ASL,1863,1871
Charles Stenning,NA,NA,ASL,1863,1871
William Frederick Cowell Stepney,1821,1872,ASL,1867,1871
Joseph Stevens,NA,NA,ASL,1865,1869
John Stevenson,1836,1865,ASL,1863,1865
A A Stewart,NA,NA,ASL,1868,1869
W S Stewart,NA,NA,ASL,1866,1867
John Stirling,1828,1870,ASL,1866,1870
David Henry Stone,1812,1890,ASL,1864,1871
Robert Sidney Stone,1841,NA,ASL,1865,1869
William Storey,NA,NA,ASL,1870,1871
William Story,1816,1882,ASL,1865,1871
John Marmaduke Stourton,1847,1899,ASL,1867,1871
John Strachan,NA,NA,ASL,1863,1867
S Stratford,NA,NA,ASL,1866,1871
James Strathern,NA,NA,ASL,1868,1871
Andrew Struthers,NA,NA,ASL,1868,1871
John William Studart,NA,NA,ASL,1865,1871
Edward Sturman,NA,NA,ASL,1863,1865
Peter Cormac Sutherland,1822,1900,ASL,1867,1871
Cornelis Swaving,1814,1881,ASL,1869,1871
Horace Swete,1825,NA,ASL,1869,1871
Algernon Charles Swinburne,1837,1909,ASL,1865,1871
David Sydenham,NA,NA,ASL,1865,1867
J A Symonds,1807,1871,ASL,1865,1869
William Samuel Symonds,1818,1887,ASL,1864,1871
Francis Tagart,NA,NA,ASL,1870,1871
G M Tagore,1826,1890,ASL,1863,1864
Lawson Tait,1845,1899,ASL,1868,1870
Alexander Norman Tate,1837,1892,ASL,1864,1867
George Tate,1805,1871,ASL,1863,1871
George Ralph Tate,1835,1874,ASL,1865,1866
Ralph (1) Tate,1840,1901,ASL,1865,1867
Thomas (1) Tate,1807,NA,ASL,1863,1869
Thomas (2) Tate,1807,1888,ASL,1866,1867
Thomas R Tatham,NA,1870,ASL,1867,1870
E B Tawney,1840,1882,ASL,1865,1869
John Taylor,1833,1912,ASL,1866,1869
John George Taylor,NA,NA,ASL,1867,1871
Richard Stephens jnr Taylor,1843,1928,ASL,1869,1870
W Taylor,NA,NA,ASL,1864,1868
W E Taylor,NA,NA,ASL,1863,1864
Edward Tenison Ryan Tenison,NA,1904,ASL,1863,1871
Frederick Theed,1814,1880,ASL,1867,1867
"William, Jun Theobald",1829,1908,ASL,1866,1871
Robert Thin,1843,1867,ASL,1864,1867
Connop Thirlwall,1797,1875,ASL,1864,1871
J L Thomas,NA,NA,ASL,1867,1867
Alfred Robert Thompson,NA,NA,ASL,1866,1869
Frederick Thompson,NA,1885,ASL,1864,1871
George C Thompson,NA,NA,ASL,1866,1870
Joseph Thompson,NA,NA,ASL,1864,1866
Christian JÃ¼rgensen Thomsen,1788,1865,ASL,1863,1865
J  T Thresh,NA,NA,ASL,1869,1871
John Thurnam,1810,1873,ASL,1863,1870
Samuel Timmins,1826,1902,ASL,1865,1871
E Tinsley,NA,1866,ASL,1864,1866
John Tolhurst,NA,NA,ASL,1867,1871
Albert Tootal,1838,1893,ASL,1867,1871
John Towers,NA,NA,ASL,1866,1866
Frederick Travers,1808,1876,ASL,1863,1871
S  Smith Travers,1826,1888,ASL,1864,1865
William Travers,1838,NA,ASL,1863,1869
Arthur Trevelyan,NA,1880,ASL,1863,1871
Edward Andrew Trevor,1839,1886,ASL,1865,1868
Nicolas Trubner,1817,1884,ASL,1863,1871
Gregory Tschurowsky,1804,1884,ASL,1868,1871
Charles jun Tuckett,NA,1875,ASL,1864,1871
Arthur Chilver Tupper,1816,1876,ASL,1865,1867
James Turle,1832,1905,ASL,1864,1864
William F J Turner,1831,1894,ASL,1867,1869
Arthur Turrell,1846,1898,ASL,1868,1869
H K Twyford,NA,NA,ASL,1865,1868
Carl Wilhelm Ferdinand Uhde,1813,1885,ASL,1863,1871
John Underwood,NA,NA,ASL,1865,1871
x University Library,NA,NA,ASL,1866,1871
Herbert Taylor Ussher,1836,1880,ASL,1865,1869
Arthur Vacher,NA,NA,ASL,1865,1865
J J C Valpy,1828,NA,ASL,1863,1863
Armenius Vambery,1832,1913,ASL,1867,1871
William Sandys Wright Vaux,1818,1885,ASL,1863,1871
Gonzalez Velasco,1815,1882,ASL,1865,1871
George Venables Vernon,NA,1878,ASL,1863,1871
Paul Vibraye,1809,1878,ASL,1863,1871
Henry Vignaud,1830,1922,ASL,1865,1871
Edouard J Villin,1832,1922,ASL,1866,1869
Rudolph Virchow,1821,1902,ASL,1868,1871
Julio Vizcarrondi,NA,NA,ASL,1867,1871
Carl Vogt,1817,1895,ASL,1863,1871
Thomas Francis Wade,1818,1895,ASL,1865,1871
Rudolph Wagner,1805,1864,ASL,1863,1864
Theodore Waitz,1821,1864,ASL,1863,1864
Alfred Wake,NA,NA,ASL,1870,1870
E T Wakefield,NA,NA,ASL,1865,1868
Cornelius Walford,1827,1885,ASL,1866,1871
Alexander Walker,1824,NA,ASL,1866,1869
Alexander Macnamee Walker,NA,NA,ASL,1867,1869
Charles Pyndar Beauchamp Walker,1817,1894,ASL,1865,1871
Edmund Walker,NA,NA,ASL,1865,1867
George Walker,NA,NA,ASL,1867,1868
Robert Walker,1823,1894,ASL,1863,1869
Joshua Walmsley,1819,NA,ASL,1867,1871
H C Walton,1841,1872,ASL,1865,1867
J W Walton,1818,1867,ASL,1863,1867
Rienzi G Walton,1842,1900,ASL,1865,1867
James Alfred Wanklyn,1834,1906,ASL,1865,1869
Charles Augustus Ward,NA,NA,ASL,1863,1864
Charles Warden,NA,NA,ASL,1867,1870
J  William Warden,NA,NA,ASL,1865,1869
James J Waring,NA,NA,ASL,1867,1871
Richard Archer Warwick,NA,NA,ASL,1863,1866
Buchanan Washbourn,NA,NA,ASL,1863,1869
Ottiwell Charles Waterfield,1831,1898,ASL,1864,1871
John Waterhouse,NA,NA,ASL,1866,1866
Samuel Watson,NA,NA,ASL,1863,1871
Robert Watt,NA,NA,ASL,1869,1871
John King Watts,1808,1884,ASL,1863,1865
Stephen Webb,NA,NA,ASL,1867,1869
T W Webb,NA,NA,ASL,1867,1871
Henry Webster,NA,NA,ASL,1866,1867
Augustin Weisbach,1837,1914,ASL,1869,1871
Hermann Welcker,1822,1897,ASL,1863,1871
Francis Alex (Frank) Wenham,NA,NA,ASL,1867,1867
William Henry Wesley,1841,1922,ASL,1865,1868
Hodder Michael Westropp,1820,1885,ASL,1863,1871
Champion Wetton,NA,NA,ASL,1865,1867
J R Wevill,NA,NA,ASL,1866,1869
William Whitear,1807,1891,ASL,1863,1864
John B Whitehead,NA,NA,ASL,1863,1868
Peter O Whitehead,1835,NA,ASL,1863,1869
Thomas K Whitehead,NA,NA,ASL,1863,1868
Henry Whitfeld,NA,NA,ASL,1865,1866
Henry William Wickes,NA,NA,ASL,1863,1869
Thomas Haines Wickes,1840,1899,ASL,1864,1869
x Wienecke,NA,NA,ASL,1863,1871
Augustus S Wilkins,1843,1905,ASL,1863,1864
Thomas Wilkinson,NA,NA,ASL,1866,1869
William Martin Wilkinson,1814,1897,ASL,1865,1869
Charles R Williams,NA,NA,ASL,1866,1869
Eric Williams,NA,NA,ASL,1863,1869
Frederick Martin Williams,1830,1878,ASL,1867,1871
George Williams,NA,NA,ASL,1866,1868
Henry Williams,NA,NA,ASL,1870,1871
Henry G Williams,NA,NA,ASL,1867,1869
John (1) Williams,NA,NA,ASL,1867,1871
John Wilkins Williams,NA,NA,ASL,1867,1871
S W D Williams,NA,NA,ASL,1865,1866
Thomas Williams,1818,1865,ASL,1864,1865
Matthew Willis,1828,1871,ASL,1867,1869
J E  Eardley Wilmot,1810,1892,ASL,1866,1869
Alfred Henry Wilson,NA,NA,ASL,1866,1871
Andrew Wilson,NA,NA,ASL,1865,1869
Daniel Wilson,1816,1892,ASL,1863,1871
Frank Wilson,NA,NA,ASL,1866,1871
J  Spotswood Wilson,NA,NA,ASL,1863,1871
James Wilson,NA,NA,ASL,1865,1865
John Leigh Wilson,1837,1886,ASL,1867,1869
R Wilson,NA,NA,ASL,1865,1869
William Wilson,1785,1868,ASL,1865,1866
William Newton Wilson,NA,NA,ASL,1864,1867
Alfred Wiltshire,1839,1886,ASL,1868,1871
William Smith Windham,NA,NA,ASL,1866,1871
Alfred Tubb Windus,NA,NA,ASL,1864,1869
Benjamin Robert Winthrop,1804,1879,ASL,1868,1871
Thomas Alexander Wise,1801,1889,ASL,1866,1871
George Witt,1804,1869,ASL,1863,1866
von Wittich,1826,1897,ASL,1864,1866
James Wodderspoon,NA,NA,ASL,1869,1871
Francis George Cornelius Wolber,NA,NA,ASL,1868,1871
George Wollaston,NA,NA,ASL,1864,1865
Edward Wood,1810,1892,ASL,1866,1871
F  Henry Wood,1812,1886,ASL,1863,1867
J W Wood,NA,NA,ASL,1868,1869
John George Wood,NA,NA,ASL,1868,1871
Robert Wood,NA,1877,ASL,1865,1870
William Spicer Wood,NA,1902,ASL,1863,1871
Charles H L Woodd,NA,1893,ASL,1863,1870
Robert Carr Woods,1816,1875,ASL,1863,1871
Jens Jacob Asmussen Worsaae,1821,1885,ASL,1863,1871
William Wray,1830,1871,ASL,1870,1871
Frank Wrentmore,NA,NA,ASL,1865,1869
Robert Wright,NA,NA,ASL,1870,1870
Thomas Wright,1810,1877,ASL,1863,1871
William Cort Wright,NA,NA,ASL,1863,1865
Otto Wucherer,1820,1873,ASL,1867,1869
Andrew Wyley,NA,NA,ASL,1866,1867
Jeffries Wyman,1814,1874,ASL,1867,1871
Stephen Yeldham,1810,1896,ASL,1866,1869
James A Youl,1811,1904,ASL,1864,1865
Robert Younge,1801,1874,ASL,1865,1871
Arthur de Zeltner,NA,NA,ASL,1866,1871
x Zohrab,NA,NA,ASL,1867,1871
