"Name","birth_year","death_year"
Arthur William A Beckett,1844,1909
Andrew Mercer Adam,NA,NA
H R Adam,NA,NA
William Adam,NA,NA
Henry John Adams,NA,NA
William (1) Adams,NA,NA
William (2) Adams,1820,1900
William Adlam,NA,NA
Louis Agassiz,1807,1873
Anastasius Agathides,1805,1881
Augustine Aglio,1777,1857
Joseph Agnew,NA,NA
William Francis Harrison Ainsworth,1807,1896
William Baird Airston,NA,NA
Alexander Muirhead Aitken,NA,NA
Thomas Aitken,NA,NA
Rutherford Alcock,1809,1897
William Aldam,1813,1890
Frederick W Aley,NA,NA
J  McGrigor Allan,NA,NA
S  Stafford Allen,1840,1870
William Allen,NA,NA
George Allin,NA,NA
Charles Hamond Alpe,1837,1882
Crewe Alston,1828,1901
William Amhurst Tyssen Amhurst,1835,1909
George Amner,1873,1901
Edward C Anderson,NA,NA
John Anderson,NA,NA
Joseph Anderson,1832,1916
W  P Andrew,NA,NA
x Andrews,NA,NA
Matthew John Anketell,NA,NA
Thomas Chisholm Anstey,1816,1873
x Antrim,1851,1918
William Appleyard,NA,NA
William Arbuthnot,NA,NA
Frederick Scott Archer,1813,1857
Richard Edward Arden,1804,1894
Alexander Aria,NA,NA
William Armitage,1815,1903
T  B Armitstead,NA,NA
William Armstrong,1810,1900
Edward Arnold,NA,1872
Richard Arnold,1808,1876
William Arthur,1819,1901
Rodolph Arundell,1837,1877
Isidore Ascher,1835,1933
Charles Frederick Ash,NA,NA
James Ashbury,1834,1895
John Ashbury,NA,NA
William Henry Ashurst,1819,1879
Henry Ashworth,1794,1880
William Aspull,NA,NA
John Atcherley,NA,NA
Charles Atkins,NA,NA
Charles A Atkins,NA,NA
E Atkinson,NA,NA
George Atkinson,NA,NA
Alfred Aubert,NA,NA
Alois Auer,1813,1869
Arthur Daniel Aulton,1828,1889
Charles Cardale Babington,1808,1895
William Babington,NA,NA
Edward Backhouse,1808,1879
James (1) Backhouse,1794,1869
Carl Ernst von Baer,1792,1876
John Bagehot,NA,NA
Walter ('Badgett') Bagehot,1826,1877
Charles Henry Bagnall,NA,1869
Charles Stuart Bailey,1819,1883
John Bailey,NA,NA
John Bailey (2),NA,NA
James Bain,1818,1898
Thomas Baines,1820,1875
Benson Baker,NA,NA
J P Baker,NA,NA
John Baker,1813,1872
Samuel C Baker,1821,1893
William Bailey Baker,1828,1865
George Balfour,1809,1894
John Bannister,NA,NA
Henry Barber,NA,NA
Robert Baring,NA,NA
Henry Walter Barlow,1830,1867
Christopher J Barnard,NA,NA
Henry Thorowgood Barnes,NA,NA
John  Wheeldon Barnes,1825,1893
Robert Barnewall,NA,NA
Joseph Henry Barr,NA,NA
William Roby Barr,1832,NA
Thomas Squire Barrett,NA,NA
George William Barrington,1824,1886
C M Barter,NA,NA
William Edward Bartlett,1836,1908
Alfred Barton,1825,1905
John Stothert Bartrum,1817,1904
Adolf Bastian,1826,1905
Thomas Bateman,1821,1861
Ernest Bates,NA,NA
William Battye,NA,NA
Edwin Henry Baverstock,NA,NA
James Bainbridge Baxter,NA,NA
Thomas Henry Baylis,1817,1908
Samuel Beal,1825,1889
John S Beale,NA,NA
Lionel John Beale,1796,1871
Frank Carr Beard,NA,NA
Amos Beardsley,NA,NA
William Beattie,1793,1875
Richard Beaumont,NA,NA
Hugh J C Beavan,NA,NA
R C Beavan,NA,NA
Alfred Becquet,NA,NA
x Beechey,1796,1856
Hermann Beigel,1830,1879
C W  Bowdler Bell,1839,NA
James Bell,1818,1872
John Bell (2),1811,1895
Robert Bell,NA,NA
William Abraham Bell,1841,1921
Edward Bellamy,1837,1889
Henry Walter Bellew,1834,1892
William Painter Belliss,NA,NA
D Bellock,NA,NA
Lewis F Bellot,NA,NA
Adolph Bendir,1834,NA
Thomas Bendyshe,1827,1886
Charles Bennett,NA,NA
John Bennett,1814,1897
Thomas John Wesley Bennett,NA,NA
W F G Benson,NA,NA
William Ralph Benson,NA,NA
Richard Bentley,1794,1871
Bartholomew Bernasconi,NA,NA
George Bertram,NA,NA
Camille Bertrand,NA,1863
x Best,NA,NA
John Henry Biddles,1821,1903
Thomas Bigg,NA,NA
John Bilderbeck,NA,NA
Theodor Bilharz,1825,1862
Henry Corles Bingham,1801,1868
James Bird,NA,NA
R S Birkbeck,NA,NA
James Bischoff,NA,NA
Andrew Black,1851,1916
W H Black,NA,NA
William Blackmore,1827,1878
Alan Cornwall Blackstone,1833,1899
J H Blackwell,NA,NA
T A Blakely,1827,1868
Henry Jules Blanc,NA,NA
Sydney L Blanchard,NA,NA
Albert Taylor Bledsoe,1809,1877
David Blellock,NA,NA
John Hillier Blount,1822,1866
Frederick Edmund Blyth,1819,1868
Henry S Boase,NA,NA
Anatoly Petrovich Bogdanoff,1834,1896
Edward B Bogg,NA,NA
Henry George Bohn,1796,1884
John Peter Boileau,1794,1869
Henry James Bolding,NA,1888
Charles W Bollaert,NA,NA
William Bollaert,1807,1876
Louis Lucien Bonaparte,1813,1891
E Bonavia,NA,NA
George Bonavia,1818,1901
Charles Radcliffe Bond,NA,NA
Walter M Bond,NA,NA
George Bonham,1803,1863
W C Bonnerjee,1844,1906
T  George Bonney,1833,1923
Evert Julius Bonsdorff,1810,1898
James Bonsor,NA,1881
James Bonwick,1817,1906
Charles Booth,1840,1916
W W Boreham,1804,1887
Cunningham Borthwick,1813,1885
Joseph Bosworth,1788,1876
Beriah Botfield,1807,1863
x Boucher de Crevecoeur de Perthes,1788,1868
x Boudin,1806,1867
George Boulton,NA,NA
Brasseur de Bourbourg,1814,1874
x Bourien,NA,NA
Philip Bourjeaurd,NA,NA
Sydney Edward Bouverie Bouverie-Pusey,1839,1911
Frederick Bower,NA,NA
Robert Bowie,NA,NA
Thomas William Bowman,NA,1893
John Bowring,1792,1872
William Henry Wentworth Bowyer,1807,1872
William Boxall,1800,1879
William Binnington Boyce,1804,1889
Jacob Boys,1796,1884
Edward William Brabrook,1839,1930
Frederick Braby,1830,1911
Charles Holt Bracebridge,1799,1872
Thomas Braddell,1823,1891
Antonio Brady,1811,1881
James Brady,NA,NA
P A Brady,NA,NA
William Bragge,1823,1884
George M Braggiotti,NA,NA
Thomas Henry Brain,NA,NA
Charles Brainsford,NA,NA
Thomas Brankstone,NA,NA
Frank William Breach,NA,NA
A C Brebner,NA,1873
James Brebner,1793,1874
William Brent Brent,NA,1857
Charles Brett,NA,1878
D J Breuneis,NA,NA
J S Brickwood,NA,NA
Edmund J Bridell,NA,NA
John Briggs,1785,1875
Lindsay Brine,1834,1906
John Brinton,1827,1914
Bernard Edward Brodhurst,1822,1900
Benjamin Collins Brodie,1783,1862
David Brodie,1821,1909
P B Brodie,NA,NA
Frederick Brome,NA,1870
James Brooke,1803,1868
Henry (1) Brookes,NA,NA
Henry (2) Brookes,NA,NA
William Brookes,NA,NA
x Brougham,1778,1868
Charles Cornish Brown,1846,1875
Edward Brown,NA,NA
Edwin Brown,1818,1876
Edwin Ormond Brown,NA,NA
George W  (1) Brown,NA,NA
James Roberts Brown,NA,NA
John Brown,1801,1879
John Allen Brown,1831,1903
John Harcourt Brown,NA,NA
x Brown-Sequard,1817,1894
J  Cave Browne,NA,NA
Thomas Henry Browne,NA,NA
Robert Bruce,NA,NA
Ernst Wilhelm Ritter von Brucke,1819,1892
Henry Brunskill,NA,NA
George Bryant,NA,NA
Walter Buchannan,1797,1883
Ludwig Buchner,1824,1899
James Silk Buckingham,1786,1855
W E Buckley,NA,NA
James Buckman,1818,1884
William Bull,1828,1902
James Wentworth Buller,1798,1865
Henry Christopher Bunkell,1829,1903
x Bunsen,1791,1860
Henry Burden,1835,1893
Daniel Earl Burdett,NA,NA
August Friedrich Marschall von Burgholzhausen,1804,1887
John Smith Burke,NA,1868
Luke Burke,NA,1885
Hermann Burmeister,1807,1892
Samuel Burton,NA,NA
Johann Karl Eduard Buschmann,1805,1880
George Busk,1807,1886
William John Busteed,1836,1914
Henry Butler,1838,NA
James Butler,NA,NA
Charles Buxton,1823,1871
Isaac Byerley,1814,1897
George Byham,1826,NA
John O'Connell Byrne,NA,NA
Oliver Byrne,1810,1890
Benjamin Bond Cabbell,1782,1874
Henry Callaway,1817,1890
Thomas Callaway,1822,1869
John Calman,NA,NA
Luigi Calori,1807,1896
Frank Calvert,1828,1908
George Calvert,NA,NA
Charles Duncan Cameron,NA,1870
Archibald Campbell,1805,1874
Francis Campbell,1798,1877
George (1) Campbell,1824,1892
George (2) Campbell,NA,NA
Henry Campbell,NA,NA
James Campbell,NA,NA
Montgomery Campbell,NA,NA
Robert Campbell,1829,1884
T A Campbell,NA,NA
Walter Campbell,NA,NA
Francis Campin,NA,NA
William Camps,NA,1887
Thomas Cannon,NA,NA
Jean-Francois Caplin,1790,1872
Charles Capper,1822,1869
Charles Napoleon de Cardi,1844,1906
William D Carey,1837,1917
John Burford Carlill,1814,1874
Frederick Stanley Carpenter,1817,1890
Robert Carrington,NA,NA
George Carter,NA,NA
Samuel Cartwright,1789,1864
Facundo Carulla,NA,NA
Carl Gustav Carus,1789,1869
John Cassell,1817,1865
FranÃ§ois Louis Nompar de Caumont La Force Castelnau,1810,1880
Henry James Castle,NA,NA
Daniel de Castro,NA,NA
George Catlin,1796,1872
John Cavafy,1838,1901
Richard Cavendish,1794,1876
"Antonio de La, jun Cerda",1834,1885
Edwin Chadwick,1800,1890
Hugo Mavesyn Chadwick,1793,1854
John Henry Challis,1806,1880
William Chamberlin,NA,NA
Charles Harcourt Chambers,1826,1876
Escott Chambers,NA,NA
William Chambers,1809,1882
James Champley,NA,1888
Frank Chance,1825,1897
David Charles,1812,1878
Edward Charlesworth,1813,1893
Henry Charlton,NA,1872
William Charlton,1814,1880
Frederick Chatfield,1801,1872
Samuel Cheetham,1827,NA
F W Chesson,NA,NA
Hendrick Agnis Chignell,1833,1879
William Dinsdale Child,NA,1879
Robert Caesar Childers,1838,1876
Robert Walker Childs,NA,NA
Samuel Chinnery,1828,NA
William Nathan Chipperfield,1822,1873
P H Chittenden,NA,NA
T J Cholmondeley,1818,1883
William Dingle Chowne,1791,1870
Henry Christy,1810,1865
Thomas junior Christy,NA,NA
James Graham Churcher,NA,NA
Henry Clare,NA,NA
x Clarendon,1800,1870
x Clark,NA,NA
Henry Clark,NA,NA
James Clark,1788,1870
C Clarke,NA,NA
Henry Wilberforce Clarke,1840,1905
Hyde Clarke,1815,1895
John Clarke,1802,1879
Robert Clarke,NA,NA
William Henry Claus,NA,NA
William Aloysius Clavering,1800,1872
T H  Jun Clay,NA,NA
William Clay,1791,1869
John (1) Cleghorn,NA,NA
John (2) Cleghorn,NA,NA
John Cleland,1835,NA
William James Clement,1802,1870
John Clendinning,NA,NA
H Clerk,NA,NA
Maurice Philip Clifford,NA,NA
William Clift,1775,1849
Edward North Clifton,NA,NA
F W Coates,NA,NA
Henry Coates,NA,NA
Thomas Coates,NA,NA
Frederick Cock,NA,NA
John jun Cock,NA,NA
W  Spencer Cockings,NA,NA
James Coke,NA,NA
John Colam,1827,1910
W P Colchester,NA,NA
Henry Cole,1808,1882
Richard Beverley Cole,1829,1901
Vicat Cole,1833,1893
Thomas Edward Colebrooke,1813,1890
Edmund Walter Coleman,NA,1870
John Sherrard Coleman,1828,1905
x Collier,NA,NA
John Payne Collier,1789,1883
Thomas Collings,1798,1869
John Frederick Collingwood,1830,1923
S  Edwin Collingwood,NA,NA
W W Collins,NA,1880
John (1) Collinson,1842,1922
x Colonsay,1793,1874
John Congreve,NA,NA
John Conolly,1794,1866
Moncure Daniel Conway,1832,1907
Samuel John Cooke,NA,NA
William Fothergill Cooke,1806,1879
William Gifford Cookesley,1802,1880
Daniel Cooper,1821,1902
Frederick Cooper,NA,NA
Holmes Coote,1817,1872
George Ford Copeland,1810,1873
H Copham,NA,NA
Thomas Copings,NA,NA
William C Copperthwaite,1809,1890
Tullie Cornthwaite,1807,NA
William Cory,NA,1868
Frederick William Cosens,1819,1889
Handel Cossham,1824,1890
F L Cotton,NA,NA
W Coulson,1795,1860
Samuel Courtauld,1793,1881
F G Courthope,NA,NA
J  Jermyn Cowell,NA,NA
Joseph jun Cowen,1829,1900
Henry Augustus Cowper,NA,NA
Irwin Edward Bainbridge Cox,1838,1922
J W  Conrad Cox,NA,NA
W T Cox,NA,NA
James Coxe,1811,1878
Arthur Edmund Crafter,1838,1884
Henry Valentine Crassweller,NA,NA
Thomas William Craster,1829,1888
Tom junr Craston,NA,NA
Robert Crawford,NA,NA
Frederick A B Crawfurd,NA,NA
John Crawfurd,1783,1868
Oswald John Crawfurd,1834,1909
W J Crichton,NA,NA
George Critchett,1817,1882
J  McGregor Croft,NA,NA
Thomas Francis Dillon Croker,1831,1912
J M Crolly,NA,NA
A G Cross,NA,NA
Henry Crowley,NA,1887
Jonathan Sparrow Crowley,1826,1888
George Rayner Croxford,NA,NA
Moore A Cuffe,NA,NA
Richard Cull,NA,1892
Henry Syer Cuming,1817,1902
Richard S Cunliffe,NA,1879
Alexander Cunningham,1814,1893
Manockjee Cursetjee,1808,1887
Edward Barrett Hodges Curteis,NA,1886
John Cuthbert,NA,NA
John Richmond Cuthbert,NA,1901
George Cutler,NA,NA
William Barrington D'Almeida,1841,1897
Marie-Armand de Castera-Macaya D'Avezac,1798,1875
Jean Baptiste Julien D'Omalius d'Halloy,1783,1875
S J Da Costa,NA,NA
x Daa,1809,1877
T Dakin,NA,NA
David Dale,1829,1906
G P Dall,NA,NA
Eugene Dally,1833,1887
G  Wythes Daniell,NA,NA
William Freeman Daniell,1818,1865
Robert Dukinfield Darbishire,1826,1908
Frederick Whittock Darby,NA,NA
Camille Dareste,1822,1899
P  Francis Dart,NA,NA
George Russell Dartnell,1799,1878
Charles Darwin,1809,1882
Erasmus (Ras) Darwin,1804,1881
George Webbe Dasent,1817,1896
Arthur Dashwood,NA,NA
Samuel Davenport,1818,1906
John George Davey,NA,NA
John Davidson,NA,NA
I Davie,NA,NA
F  Drummond Davies,NA,NA
Jesse Conway Davies,1822,NA
William Davies,NA,NA
Edmund Francis Davis,1845,1889
Frederick E Davis,NA,NA
George Henry Daw,NA,NA
William Boyd Dawkins,1837,1929
George Dawson,1821,1876
Walter F Dawson,NA,NA
G T Day,NA,NA
Samuel Phillips Day,NA,NA
John junr De Horne,NA,NA
Octave Delepierre,1802,1879
Walter Cooper Dendy,1794,1871
George Denman,1819,1896
George Dennis,1814,1898
x Derby (formerly Stanley),1841,1908
M Des Barres,1800,1885
Jules Desnoyers,1800,1887
Charles William Devis,NA,NA
x Devonshire,1808,1891
Hugh Welch Diamond,1809,1886
George Dibley,NA,NA
John jun Dickinson,NA,NA
John Jun Dickinson,1782,1869
Henry Dickman,NA,NA
Charles Sheffield Dickson,NA,NA
Peter Dickson,NA,NA
Ernest Dieffenbach,1811,1855
x Diezmann,NA,NA
Charles Wentworth Dilke,1843,1911
John Dingle,1812,1885
Henry Distin,NA,NA
Thomas J Dobson,NA,NA
Jacob Ludwig Dohne,1811,1879
William Donald,NA,NA
John Donaldson,1845,1865
x Donnell,NA,NA
Cornelius Donovan,1820,1872
Bernard Dorn,1805,1881
James Dowie,NA,NA
John Langdon H Down,1828,1896
Alexander Downing,1843,1907
Arthur Edward Downing,NA,NA
Washington Downing,NA,NA
James T J Doyle,NA,NA
D I Drakeford,NA,NA
James F Draper,NA,1876
Gustavus Dressler,NA,NA
Robert A Drew,NA,1868
H Driver,NA,1868
John Drummond,1793,1875
Paul Belloni Du Chaillu,1831,1903
C A Du Val,1810,1872
Gustaf Von Duben,1822,1892
x Dublin,1787,1863
Frederick Duckworth,NA,NA
Henry Duckworth,NA,NA
Samuel Duckworth,NA,NA
William Duckworth,1795,1876
R E Dudgeon,1820,1904
Reginald R Dudley,NA,NA
J R Duggan,1903,NA
W N Duggan,NA,NA
Emile Duhousset,1823,NA
Conrad C Dumas,1832,1891
x Dumon,NA,NA
Alexander Duncan,1819,1887
David Duncan,1839,1923
Francis Duncan,1836,1888
Peter Martin Duncan,1824,1891
R  Murray Dundas,NA,NA
Alfred John Dunkin,1812,1879
Alexander Milne Dunlop,1841,1897
R H W Dunlop,NA,NA
Robert Dunn,1799,1877
x Dunraven & Mountearl,1812,1871
Patrick Frederick Durham,NA,NA
Robert Dyce,1798,1869
William Thistleton Dyer,NA,NA
Robert Eadie,NA,NA
George Windsor Earl,1813,1865
William Eassie,1832,1888
Joseph William Eastwood,1828,1916
Alexander Ecker,1816,1887
Conrad Eckhard,1822,1905
Casper W Eddy,NA,NA
Thomas Edmonston,NA,NA
J  Passmore Edwards,1823,1911
John Edwards,NA,NA
William Edwards-Schneegans,NA,NA
Charles William Eeles,NA,NA
Francis Egerton,1800,1857
George Granville Francis Egerton,1823,1862
x Egypt,1822,1863
John Elder,1824,1869
x Eliot,NA,NA
John Ellerton,1840,1923
Walter Elliot,1803,1887
J H Elliott,NA,NA
C H  Fairfax Ellis,NA,NA
James Ellis,NA,NA
Jonathan W Elmes,NA,NA
John Elphinstone,NA,1854
Mountstuart Elphinstone,1779,1859
Joel Emanuel,NA,NA
Jacob Epstein,NA,NA
John E Erichsen,1818,1896
Victor Erlanger,1840,1894
William Erle,1793,1880
Adolf Ernst,1832,1899
Kennedy Erskine,1828,1870
x Euclide,NA,NA
William Euing,1788,1874
Edward Bickerton Evans,1819,1893
John Evans,1823,1908
Richard Tonson Evanson,1800,1871
William Ewart,1798,1869
Arthur B Ewen,1838,NA
Edward John Eyre,1815,1901
William Fairbairn,1789,1874
R W Fairbank,1839,1890
Edmund Farmer,NA,NA
x Farquharson,NA,NA
Adam Storey Farrar,1826,1905
J G Faught,NA,NA
Adolphe Duchart Fauvet,NA,NA
Frederick Fearon,1826,NA
W S Featherstone,NA,NA
Alexis Fedschenko,1844,1873
George Edgeworth Fenwick,1825,1894
William Ferguson,1820,1887
John Fergusson,NA,NA
Leopold Ferny,NA,NA
Alexander Fiddes,NA,1870
Edwin Foxton Firby,NA,NA
Frederick Firebrace,NA,1917
James Firm,NA,NA
James (1) Fischer,1832,1873
Robert Fischer,NA,1911
Edward Gardiner Fishbourne,NA,NA
Anthony Lax Fisher,NA,NA
Morton Coates Fisher,NA,NA
Robert Fitzroy,1805,1865
F H Fitzwilliam,NA,NA
William S Fitzwilliam,NA,NA
George Fleming,1833,1901
James William Fleming,NA,NA
John B Fletcher,NA,NA
Joseph Fletcher,NA,1852
Alphonse de Fleuriot de Langle,1809,1881
Walter Flight,1841,1885
John Wickham Flower,1807,1873
John Folhurst,NA,NA
George Folsom,1802,1869
David Forbes,1828,1876
Duncan W Forbes,NA,NA
W Forester,NA,NA
Joseph James Forrester,NA,NA
Richard Fort,1822,1868
G A Forteath,1819,1862
Balthazar Walter Foster,1840,1913
M Foster,1836,1907
Robert Nicholas Fowler,1828,1891
William Fowler,NA,NA
Charles Henry Fox,NA,NA
William Henry Francklyne,NA,NA
Augustus Wollaston Franks,1826,1897
Alexander Adolphus Fraser,NA,NA
Alexander Colvin Fraser,NA,NA
Thomas Fraser,1808,1891
Henry Stanhope Freeman,1831,1865
x Freme,NA,NA
Sydney French,NA,NA
H  Albert Freuler,NA,NA
William Freund,1806,1894
John Friend,NA,NA
Anton Fritsch,1832,1913
Danby Palmer Fry,1818,1903
Stephen D Fuller,1839,1912
A  de Fullner,NA,NA
Michael Cudmore Furnell,1829,1888
Albert Fytche,1820,1892
Paolo Gaddi,1806,NA
Richard M Gage,NA,NA
Griffin Curtis Galt,NA,NA
Douglas Galton,1822,1899
Francis Galton,1822,1911
Antonio Garbiglietti,1807,1887
Felix Garden,NA,NA
John Gardiner,1814,1868
C T Gardner,NA,NA
Charles Henry Gardner,NA,1872
E V Gardner,NA,NA
Peter Gardner,NA,1872
William H Garrett,NA,NA
Thomas B Gascoyne,NA,NA
John Peter Gassiot,1797,1877
Charles Henry Gatty,1836,1903
J Gaus,NA,NA
x Gawler,1795,1869
David Gay,1826,NA
Alex  Nidda Genthe,NA,1870
x Georgei,NA,NA
Paul Gervais,1816,1879
George Duncan Gibb,1821,1876
Craig Gibson,1813,1874
George Stacey Gibson,1818,1883
Enrico Hillyer Giglioli,1845,1909
Joseph Gill,NA,NA
William Gillespie,NA,1875
Andrew Gilmour,NA,1910
x Giraldes,1808,1875
James William Glass,1825,1857
x Glasse,NA,NA
Spyridon Glaucopides,NA,NA
Albert Gledstanes,NA,NA
J  S  Stuart Glennie,1841,1910
John Hawley Glover,1829,1885
George Grenfell Glyn,1824,1887
Edwin Goadby,1837,NA
x Gobineau,1816,1882
William Goddard,1839,1907
Thomas Godrich,NA,NA
Augustus Goldsmid,1818,1874
Isaac Lyon Goldsmid,1778,1859
Thomas Gole,NA,NA
Thomas Gooch,NA,NA
William Gooch,NA,NA
Charles Rowland Goodman,NA,NA
Arthur Gordon Gordon,NA,NA
Richard Thomas Gore,1799,1881
A L  (pere) Gosse,1791,1873
Hippolyte-Jean Gosse,1834,1901
John Gould,1804,1881
Charles Edward Gover,1835,1872
James Gowans,1821,1890
D G Goyder,1796,1878
x Granville,1833,1900
Pierre Gratiolet,1815,1865
John Grattan,NA,NA
Ryves William Graves,NA,1882
John Grayling,NA,NA
Frederick Green,NA,NA
Frederick King Green,1842,1915
George Courthope Green,NA,1875
Sidney Faithhorn Green,1841,1916
George Bellas Greenough,1778,1855
Henry Greenway,NA,NA
William Greenwell,1820,1918
Edward Greey,1835,1888
William Rathbone Greg,1809,1881
Alexander Gregg,1819,1893
Walter Gregor,1825,1897
J R Gregory,NA,NA
Charles Edward Grey,1785,1865
George Grey,1812,1898
Henry Rowland Ellison Grey,1834,1909
x Gribble,1807,1878
H G Gridley,1820,NA
Frederick Griffin,1813,1885
Lepel Griffin,1838,1908
John Griffith,NA,NA
Richard Trygarn Griffith,1788,1866
Francis Griffiths,NA,NA
J C Griffiths,NA,NA
Richard Clewin Griffiths,NA,NA
James Oliff Griffits,1821,NA
John Grover,NA,NA
Charles Groves,1793,1866
Joseph Tatton Russell Groves,NA,NA
Augustus Guest,NA,NA
William Vernon Guise,1816,1887
John Gunn,1801,1890
Henry Francis Jeune Guppy,NA,NA
Samuel Guppy,1790,1875
John Henry Gurney,1819,1890
Alexander Guthrie,1796,1865
James Guthrie,NA,1900
Johann Franz ('Julius') Haast,1822,1887
Johann Georg Hahn,NA,NA
William Hall,NA,NA
Henry Hallam,1777,1859
Ernst Hallier,1831,1904
Alexander C Hamilton,NA,NA
Archibald Hamilton,1818,1880
Rowland Hamilton,NA,NA
C D Hammond,NA,NA
William Alexander Hammond,1828,1900
Henry Fletcher Hance,1827,1886
H J B Hancock,NA,NA
James Ronaldson Handyside,1798,1873
Richard Davis Hanson,1805,1876
Edward B Harbour,NA,1865
Clarence Harcourt,NA,1909
Charles Harding,NA,NA
William Harding,1809,1890
William Hardman,1828,1890
Charles J Harland,NA,NA
Henry Harland,NA,NA
C E Harle,NA,NA
Thomas Harlin,1832,1913
J A W Harper,NA,NA
Samuel Harraden,NA,NA
F W Harrer,NA,NA
Arthur B Harris,NA,NA
James Penn Harris,1817,1892
William Cornwallis Harris,1807,1848
Charles (1) Harrison,NA,NA
William G S Harrison,NA,NA
William Henry Harrison,1840,1897
Alfred Edmund Harriss,NA,NA
Ernest Abraham Hart,1835,1898
John Harvey,NA,NA
John E Harvey,NA,1879
Frederick Augustus Haserick,1828,1902
James Hastie,1848,1897
John Hastings,NA,NA
Richard Haughton,1782,1867
Samuel Foster Haven,1806,1881
George Hawkins,NA,NA
Walter Hawkins,NA,NA
John Hay,NA,NA
W E Hay,NA,NA
Ferdinand Vandeveer Hayden,1829,1887
Thomas Hayle,1808,1886
R W Haynes,NA,NA
William Stephens Hayward,1835,1870
Edward Charles Healey,1845,1906
Dunbar Isidore Heath,1816,1888
G J D Heath,NA,1880
John Heaton,1818,1897
Alexander Hector,1810,1875
Peter Christian Heldman,1808,1866
W G Helsby,1828,1891
Alexander Henderson,1804,NA
David Mitchell Henderson,NA,NA
P Henderson,NA,NA
Robert Henderson,1811,1871
Alfred Gutteres Henriques,1829,1908
Joseph Henry,1797,1878
M H Henry,NA,NA
James Hepburn,1811,1869
Robert Hepburn,NA,NA
John Mason Hepworth,NA,NA
Henry A Hertz,NA,NA
Maximilian Herz,1837,1890
Matthew Heslop,NA,NA
T P Heslop,NA,NA
B Hewitt,NA,NA
Jonas B Hewitt,NA,NA
Alfred Hewlett,1831,1918
James Heywood,1810,1897
James Higgin,NA,NA
Alfred Higgins,NA,NA
x Hildebrand,1838,1925
Arthur Hill,NA,NA
Dallas Hill,NA,NA
George Hill,NA,NA
L  Doake Hill,NA,NA
R  Harvey Hilliard,NA,NA
J Hillier,NA,NA
x Hincks,1794,1871
Benjamin Hinde,NA,NA
Frederick Hindmarsh,NA,1875
George T Hine,NA,NA
August Hirsch,1817,1894
Wilhelm His,1831,1904
x Hitchman,1805,1867
W Hitchman,1817,1889
W G E Hobbs,NA,NA
F H Hobler,NA,NA
von Hochstetter,1829,1884
Thomas Hodge,NA,NA
Thomas (1) Hodgkin,1798,1866
Brian Houghton Hodgson,1801,1894
Kirkman Daniel Hodgson,1814,1879
"x Hoeven, Van der",1801,1868
Carl Alphonse Hoffman,NA,NA
J W Holgate,NA,NA
Jennings Holgate,NA,NA
James Holland,NA,NA
Robert Hollond,1808,1877
x Holmberg,1818,1864
H N Holme,NA,NA
William Holmes,NA,NA
H  le Hon,1809,1872
T H Hood,NA,NA
Joseph Hooker,1817,1911
Frederick William Hope,1797,1862
James Hope,NA,NA
John Baker Hopkins,1830,1888
W J S Horton,NA,NA
John Camden Hotten,1832,1873
Henry Hotze,1833,1887
x Houghton,1809,1885
Alfred Robert Houghton,NA,NA
Edward Price Houghton,NA,NA
Frederick Hovenden,1838,1911
Alfred How,NA,NA
C F Howard,NA,NA
W T Howard,NA,NA
H W Howarth,NA,NA
Oswald Bloomfield Howell,NA,NA
Henry Hoyle Howorth,1842,1923
Charles William Hoyland,1808,1889
F Hudson,NA,NA
Henry Hudson,NA,1889
Robinson Hudson,NA,1867
Richard Hughes,1836,1902
T A Hughes,NA,NA
Thomas McKenny Hughes,1832,1917
Hamilton J Hulcee,NA,NA
Thomas Humble,NA,1878
"Alexander Humboldt, Von",1769,1859
Augustus H Hunt,1849,NA
George S  Lennon Hunt,NA,NA
James Hunt,1833,1869
John (1) Hunt,NA,NA
John (2) Hunt,NA,1879
William Wilson Hunter,1840,1900
Frank J Husband,NA,NA
H A Husband,NA,NA
G A Hutchinson,NA,NA
Jonathan Hutchinson,1828,1913
Thomas Henry Huxley,1825,1895
Josef Hyrtl,1810,1894
Walter Hyslop,NA,NA
William Imrie,1836,1906
Joseph Ince,1826,1907
Robert Ingham,1793,1875
John Inglis,1808,1891
Robert M Inman,NA,NA
A Ioannides,NA,NA
Arthur Constantine Ionides,1810,1890
J  Clayfield Ireland,NA,NA
Alexander Isbester,1822,1883
x Isenburg,NA,NA
George James Ivey,NA,NA
Frederick R Izard,NA,NA
Henry (the father) Jackson,1806,1866
Henry (the son) Jackson,1839,1921
Henry Willan Jackson,1842,1914
Henry William (1) Jackson,NA,NA
J  Hughlings Jackson,1835,1911
J W Jackson,NA,1872
Le Grand Jacob,1805,1881
x Jagor,1816,1900
George Alexander James,NA,1868
Horatio Gay James,NA,NA
F H Janson,NA,NA
William Jardine,1800,1874
John Jarratt,NA,NA
John Moore Jeffcott,1816,1892
Frederick John Jeffery,NA,NA
William S Jeffery,NA,NA
Edmund Jeffries,NA,NA
Charles Jellicoe,1804,1882
Newton Edward Jennings,1840,1901
William Jennings,1847,1927
Leonard Jenyns LATER Blomefield,1800,1893
William Jepson,NA,NA
C Jervise,NA,NA
Henry Edward Jessop,NA,NA
Augustus Jessopp,1823,1914
George Curling Joad,1837,1881
Arthur Johnson,NA,NA
Henry Johnson,NA,NA
Henry James Johnson,NA,NA
Henry Moreton Johnson,NA,NA
Richard Johnson,NA,NA
J C  Hope Johnstone,NA,NA
x Johore,1833,1895
C  Treasure Jones,NA,NA
J  Pryce Jones,NA,NA
James Jones,NA,NA
John Jones,NA,NA
Robert Jones,NA,NA
W T Jones,NA,NA
William Jones,NA,NA
William Arthur Jones,1818,1873
William Jordan,NA,NA
Algernon Joy,NA,NA
Ernst Juch,1838,1909
Francisco Delgado Jugo,NA,NA
J  Beete Jukes,1811,1869
J Kaines,NA,NA
x Kalmus,NA,NA
G Kasimates,NA,NA
x Kaup,1803,1873
J W  (1) Kaye,NA,NA
J W  (2) Kaye,1840,NA
William Keene,1798,1872
Walter K Kelly,NA,NA
William Kelly,1813,1872
William Henry Kemm,1783,1859
T M Kendall,NA,NA
James (1) Kennedy,NA,NA
Richard Hartley Kennedy,NA,NA
Claude Buchanan Ker,1867,1925
James Kernahan,1827,1875
W B Kesteven,NA,1891
Nicolai de Khanikof,1819,1878
Joshua Edward Killick,NA,NA
William Kincaid,1831,1909
David King,NA,1866
Edwin Holborow King,NA,1900
Joseph Charles King,NA,NA
Richard King,1811,1876
S W King,NA,NA
William King,1809,1886
Phillip Kingsford,NA,NA
Charles Kingsley,1819,1875
W R H Kinlay,NA,NA
David Kinloch,NA,NA
Robert Reid Kirkwood,NA,NA
Andrew Valentine Kirwan,1801,1870
Richard Kirwan,1828,1872
Samuel Kisch,NA,NA
J L Knapp,NA,NA
William Knight,NA,NA
Robert Knox,1791,1862
de Koninck,1809,1887
Isidor Kopernicki,1825,1891
x Koren,NA,NA
Samuel Harley Kough,NA,NA
Alfred von Kremer,1828,1889
William White La Barte,1824,1904
George Lade,NA,NA
Samuel Laing,1812,1897
Thomas Josiah Laing,1810,1880
Thomas Lampray,NA,NA
Jones Lamprey,1824,1900
John Lancaster,1815,1884
T A  Augustus Land,NA,NA
Edwin Lander,NA,NA
Vavasour Joseph Lane,1837,1873
Augustus Henry Lane Fox later Pitt Rivers,1827,1900
Andrew Lang,1844,1912
Samuel Lang,NA,NA
William Lang,NA,NA
J Langlands,NA,NA
R Langlands,NA,NA
J R Langley,NA,NA
Edouard Lartet,1801,1871
Robert Gordon Latham,1812,1888
William Latta,1843,1871
John Zachariah Laurence,1829,1870
Thomas Laurie,NA,NA
Joseph Law,NA,1897
Edward Lawford,1820,1899
Edward (1) Lawrence,1825,1909
Frederick Lawrence,1821,1867
John Lawrence,NA,NA
William Lawrence,1783,1867
J Lawson,NA,1870
William Lawson,NA,NA
Henry N Lay,NA,NA
Austen Henry Layard,1817,1894
x Layland,NA,NA
x Le Bret,NA,NA
Edwin Lee,NA,NA
Frederick George Lee,1832,1902
George Byrne Lee,NA,NA
John Lee (2),1783,1866
John Edward Lee,1808,1887
Richard Lee,NA,NA
Conrad Leemans,1809,NA
Samuel Lees,NA,NA
J G S Lefevre,NA,NA
x Lefroy,1817,1890
William Benjamin Leggatt,NA,NA
Louis Leguay,NA,NA
Joseph Leidy,1823,1891
Henry Leighton,NA,NA
x Lelorrain,NA,NA
Arthur Charles Wriothesley Lennox,1842,1876
Richard Lepsius,1810,1884
Samuel Allen Letts,1839,1910
Karl Georg Friedrich Rudolf Leuckart,1822,1898
W  Hanks Levy,NA,NA
Malcolm Lewin,NA,1869
Charles Francis Lewis,NA,NA
James Lewis,NA,NA
x Library of the Corporation of London,NA,NA
Charles Linder,NA,NA
Gustaf Lindstrom,1829,1901
John Lister,1802,1867
Joseph Lister,1827,1912
x Literary and Philosophical Society,NA,NA
F T Littey,NA,NA
W J Little,NA,NA
Robert Liveing,1834,1919
David Lloyd,NA,NA
Edmund Lloyd,NA,NA
Francis Lloyd,NA,NA
William Horton Lloyd,NA,NA
James L Lobley,1833,1913
William Lockhart,1811,1896
Joseph Norman Lockyer,1836,1920
Abraham Logan,1816,1873
J R Logan,1819,1869
x Londesborough,1834,1900
"Corporation Library London, City of",NA,NA
William Long,1817,1886
William Longman,1813,1877
Henry Lonsdale,1816,1876
Edward Lord,1812,1875
J K Lord,NA,NA
Horatio Love,NA,1882
Basil Lovery,NA,1897
x Lovewell,NA,NA
Mark Anthony Lower,1814,1876
D Lubach,1815,1902
John Lubbock,1834,1913
Johann Constantin August Lucae,1835,1911
Thomas Lucas,1843,1917
William Charles Lucy,1822,1898
J W Lukis,1816,1894
William Collings Lukis,1817,1892
Edward Lund,1823,1898
John Alfred Lush,1815,1888
Coryndon H Luxmoore,NA,NA
Philip Powys Lybbe Lybbe,1818,1897
Charles Lyell,1797,1875
Henry Bowden Lyle,1843,1887
William Hunter Lyle,NA,NA
John Macartney,NA,NA
D G F Macdonald,1823,1884
William MacDonald,1798,1875
John Gray Macfarlane,NA,NA
G Macgowan,NA,NA
John Mackenzie,NA,NA
K Mackenzie,NA,NA
Kenneth Robert Henderson Mackenzie,1833,1886
Samuel Joseph Mackie,1823,1902
Draper Mackinder,NA,NA
Lauchlan Mackinnon,1817,1888
Charles E Mackintosh,NA,NA
Daniel Mackintosh,1815,1891
David Mackintosh,NA,NA
J Mackrell,NA,NA
Charles Donald Maclean,NA,NA
Hector Maclean,1818,1893
Samuel Maclean,1818,1864
George Macleay,1809,1891
Andrew Maclure,1813,1886
Charles James Major,NA,NA
Charles Malcolm,1782,1851
William Elphinstone Malcolm,1817,1907
Alfred Mallalieu,NA,NA
Filippo Manetta,NA,NA
Robert James Mann,1817,1886
Angelo Manzoni,NA,NA
Clements Robert Markham,1830,1916
W T Marriott,1834,1903
Robert C Marsden,NA,1865
Matthew Henry Marsh,1810,1881
x Marshale,NA,NA
George William Marshall,1839,1905
Peter Marshall,NA,NA
Robert Marshall,NA,NA
William Marshall,1796,1872
Benbow Backhouse Marson,1830,1887
Edward Martin,NA,NA
Edward W Martin,NA,NA
H  Victor Martin,1811,1901
J  Ranald Martin,1793,1874
John (2) Martin,1812,1874
Richard Biddulph Martin,1838,1916
Thomas Martin,NA,NA
x Martin-Magron,1810,1872
Nicholas Martindale,NA,NA
James Wood Mason,1846,1893
Joseph Mason,NA,NA
W Mason,NA,NA
Hervy Masterson,NA,NA
James Mathieson,NA,NA
Henry Matthews,1826,1913
Henry Garland Matthews,1838,1908
Samuel E Maunsell,NA,NA
Edward V Maur,1804,1885
Alfred Maury,1817,1892
George Maw,1832,1912
Daniel Maxwell,NA,NA
Nicholas M Maxwell,NA,NA
Peter Benson Maxwell,1817,1893
Edward Hooper May,1831,1914
Thomas May,NA,NA
John Edwin Mayall,1813,1901
Joseph Mayer,1803,1886
William Frederick Mayers,1831,1878
Thomas Mayne,NA,NA
John S Mayson,1825,NA
Alexander McArthur,1814,1909
Andrew McCallum,NA,NA
Arthur Edward McCallum,NA,NA
James McClelland,1799,1879
John McCormick,NA,NA
William McCoskry,NA,NA
James McCraith,NA,NA
James McCrevey,NA,1870
John McDonnell,1839,1879
George McHenry,NA,NA
John Ferguson McLennan,1827,1881
Walter McLeod,NA,NA
John Frederick McNair,1828,1910
H McNicholl,NA,NA
Barr Meadows,NA,NA
Thomas Taylor Meadows,1815,1868
John Medd,NA,NA
William H Medd,NA,NA
Charles William Carter Madden Medlicott,1839,NA
James Aitken Meigs,1829,1879
John Magens Mello,1836,1903
Robert Menzies,NA,NA
Evan Powell Meredith,1811,1889
Etienne Gustave Mery,NA,NA
Edward Meryon,NA,NA
Samuel Messenger,NA,NA
Samuel Rush Meyrick,1783,1848
Alexander Michie,1833,1902
J Middleton,NA,NA
John M  (or H ) Middleton,NA,NA
Louis Remy Mignot,1831,1870
Franciscus Miklosich,1813,1891
William Augustus Miles,NA,NA
John Mill,NA,NA
John Miller,NA,NA
Joseph Milligan,1807,1884
Henry F Mills,NA,NA
J M C Mills,NA,NA
A Milne,NA,NA
Thomas Milne,NA,NA
Henri Milne-Edwards,1800,1885
W R Milner,NA,1868
x Milton,1839,1877
B G Miraglia,1814,1885
J B Mirrlees,NA,NA
Albert Mitchell,NA,NA
Alexander (1) Mitchell,1831,1873
Arthur Mitchell,1826,1909
William Henry Mitchell,NA,NA
William Stephen Mitchell,NA,NA
Rajendralala Mitra,1823,1891
St George J Mivart,NA,NA
C  Poorooshottum Modeliar,NA,NA
Robert G Moger,NA,NA
Matthew Moggridge,1803,1882
Alexander Moir,NA,NA
J  Macrae Moir,1825,1881
Jakob Moleschott,1822,1893
Frederick William Monk,NA,NA
William Monk,NA,NA
J Monro,NA,NA
Frederick Butler Montgomerie,1833,NA
Patrick Montgomery,NA,NA
Robert Mortimer Montgomery,NA,NA
John Moody,NA,NA
x Moon,NA,NA
George Moore,1803,1880
Henry Reginald Moore,NA,NA
J  Daniel Moore,NA,NA
James H Moore,NA,NA
John (1) Moore,NA,1882
John (2) Moore,NA,NA
Joseph Moore,NA,1856
Robert Waters Moore,1819,1884
William Gosling Moore,NA,NA
Modeliar P S Mootoosaumy,NA,NA
Fortescue John Morgan,NA,NA
John Morgan,NA,NA
Thomas H Morgan,NA,NA
William Henry Morgan,NA,NA
Thomas B Moriarty,NA,NA
Alexander Morison,1779,1866
James Cotter Morison,1832,1888
Charles Adolphe Morlot,1820,1867
David Morris,NA,NA
Edward Morris,NA,NA
Edward Rowley Morris,1828,1893
Eugene Morris,NA,NA
H C  Grove Morris,NA,NA
J P Morris,NA,NA
John Morris,1823,1905
Richard Morris,NA,NA
James Holmes Morrison,1842,1917
Richard James ('Zadkiel') Morrison,1795,1874
Walter Morrison,1836,1921
Edward John Morshead,1839,1902
John Mortimer,NA,1871
John Robert Mortimer,1825,1911
Joseph Mosheimer,NA,NA
Svend Mosling,NA,NA
Thomas Moss,NA,NA
C B Mosse,NA,NA
George Mott,1831,1906
Joseph Mould,NA,NA
Walter Moxon,NA,NA
J Muir,1810,1882
Henry Muirhead,1814,1890
August Muller,1848,1892
Ferdinand Muller,1825,1896
Friedrich Max Muller,1823,1900
Johan Muller,1801,1858
Richard Mullins,NA,NA
x Munro,NA,NA
Francis Kerridge Munton,NA,NA
Roderick Impey Murchison,1792,1871
Edward W Murphy,1802,1877
Edward Murray,NA,NA
J C Murray,NA,NA
John Murray,1808,1892
John (1) Murray,NA,NA
John (2) Murray,NA,NA
John George Musgrave,NA,NA
G N Mussabini,NA,NA
N G Mussabini,NA,NA
Dadabhai Naoroji,1825,1917
Charles Ottley Groom Napier,1839,1894
William Napier,1804,1879
William Donald Napier,NA,NA
D W Nash,1809,1876
Davyd William Nash,1810,1876
Robert Lucas Nash,1818,1871
Samuel Nash,NA,NA
Alexander Nasmyth,1789,1849
F B  Bernard Natusch,NA,NA
Dominico Navoni,NA,NA
J  Dormer Neale,NA,1884
Francis G P Neison,NA,NA
William Neison,NA,NA
George Nesbitt,NA,NA
J R Neville,NA,NA
Robert Stirling (1) Newall,1812,1889
Literary and Philosophical Society of Newcastle,NA,NA
F W Newman,NA,NA
William Newmarch,NA,NA
P H Newnham,NA,NA
Alfred Vincent Newton,NA,NA
Henry William Newton,NA,NA
Robert S Newton,NA,NA
Thomas Nicholas,NA,NA
G  Jasper Nicholls,NA,NA
Brinsley Nicholson,1824,1892
Charles Nicholson,1808,1903
John Peede Segrave Carington Nicholson,NA,NA
D Nicol,NA,NA
J  Dyce Nicol,NA,NA
Donald Nicoll,NA,NA
Giustiniano Nicolucci,1819,1904
Sven Nilsson,1787,1883
Roden Noel,1834,1894
John Spencer Noldwritt,NA,NA
Karl Friedrich Nordmann,1830,NA
Henry Norsworthy,NA,NA
George North,NA,NA
Samuel William North,NA,NA
Josiah Clark Nott,1804,1873
John Nottingham,1810,1895
Richard Maddock Nunn,NA,1876
Thomas William Nunn,1825,1909
Charles O'Callaghan,NA,1875
P O'Callaghan,NA,NA
Luke Smyth O'Connor,1806,1873
George O'Gorman,NA,NA
Edward O'Riley,NA,NA
J L O'Sullivan,1813,1895
William Ogilby,NA,NA
G H Ogston,NA,NA
Laurence Oliphant,1829,1888
Samuel Pasfield Oliver,1838,1907
Gustav Oppert,1836,1908
William M Ord,1834,1902
John Benn Ormathwaite,1798,1881
W  Billing Orton,NA,NA
Sherard Osborn,1822,1875
John William Willoughby Osborne,1833,1881
Charles Otto,1795,1879
Frederick Ouvry,1814,1881
Thomas F Overman,NA,NA
H  Burnard Owen,NA,NA
John Fletcher Owen,1839,1924
Richard Owen,1804,1892
Robert Brisco Owen,1799,1883
Samuel R J Owen,NA,NA
John Downes Owens,1809,1865
J D V Packman,1813,1885
Thomas Page,NA,NA
Arthur Paget,1851,1928
Henry James Paine,NA,NA
William Paley,1824,1899
William Gifford Palgrave,1826,1888
Silas Palmer,1815,1875
Louis Philippe d'Orleans Paris,1838,1894
Matthew Paris,NA,NA
J W Parker,1792,1870
Walter Mantell Parker,NA,NA
Harry Parkes,1828,1885
John Parnell,NA,NA
J  Charlton Parr,NA,NA
King John Parr,NA,NA
Dashwood G Parry,NA,NA
A W Parsons,NA,NA
T E Partridge,NA,NA
Theodore D'Orville Partridge,NA,1897
Charles Pasley,1824,1890
Alexander Paspati,1814,1891
George K H Paterson,NA,NA
Robert Paterson,1814,1889
Edmund Patterson,NA,NA
B H Paul,NA,NA
R W Payne,NA,NA
Edward Peacock,1831,1915
Thomas Bevill Peacock,1812,1882
George Peacocke,1829,1871
Charles Thomas Pearce,1815,1883
Frederick Edward Pearse,1833,1900
C H Pearson,1830,1894
Alfred Henry Pechell,1827,1885
J M Peebles,NA,NA
Robert Peel,1838,1894
John Peiser,1801,1886
W S Pendon,NA,NA
William Peppe,NA,1937
Francisco E Pereira,NA,NA
William Perkins,NA,NA
James Perrin,1801,1888
John Beswick Perrin,NA,1887
Augustus E G Perrot,1857,1880
Erskine Perry,1806,1882
George Michael Perry,NA,NA
S G F Perry,NA,NA
Josef Anton Maximilian Perty,1804,1884
Augustus Heinrich Petermann,1822,1878
Horace William Petherick,1839,1919
George Petrie,1818,1875
William Vesalius Pettigrew,NA,NA
Arthur Phayre,1812,1885
Barnet Phillips,1827,1905
Benjamin Phillips,NA,NA
Philip Phoebus,1804,1880
Edward Pick,NA,NA
Charles Pickering,1805,1878
Francois Jules Pictet,1809,1872
Jonathan S Pidgeon,NA,NA
George William Septimus Piesse,1820,1882
Luke Owen Pike,1835,1915
Bedford Pim,1826,1886
Thomas Ryan Pinchis,1825,1869
W Pinkerton,1809,1871
James Pinnock,NA,NA
John Plant,NA,NA
John Platts,1830,1904
Charles Plummer,1831,NA
Fenwick T Poole,NA,NA
John Daniel Poole,NA,NA
Matthew Conway Poole,1841,1885
Reginald Stuart Poole,1832,1895
George H Pope,NA,NA
R Pope,NA,1870
W H Pope,1825,1879
R B Porter,NA,NA
T Postans,NA,NA
Joseph Legg Postlethwaite,NA,1871
George Pouchet,1833,1894
Emil Arnold Praeger,1817,NA
Henry Pratt,NA,NA
Thomas Prendergast,1806,1886
Joseph Prestwich,1812,1896
Charles Sharp Price,NA,NA
David S Price,NA,NA
Frederick George Hilton Price,1842,1909
Lorenzo T C Price,NA,NA
James Cowles Prichard,1786,1849
Thomas Prichard,NA,1878
Henry jun Prigg,NA,NA
George Pringle,NA,NA
Thomas junr Pritchard,1826,1874
William T Pritchard,1829,1907
James C Proctor,NA,NA
Alfred Pulford,1823,1896
Hyde Pullen,NA,NA
Arthur Giles Puller,1833,1885
Robert Pulsford,1815,1888
H Purdon,NA,NA
H S Purdon,1843,1906
Bernard Quaritch,1819,1899
Lambert Adolphe Jacques Quetelet,1796,1874
William Quin,1817,1871
John Radcliffe,NA,NA
James Rae,NA,1891
Charles Rafn,1795,1864
Henry Raikes,NA,NA
Antonio Raimondi,1826,1890
"A , jun Ramsay",NA,NA
Frank Ramsay,1821,1884
George Ramsay,NA,NA
George Dalhousie Ramsay,NA,NA
John Ramsay,1814,1892
William Francis Ramsay,NA,NA
Jabez Spence Ramskill,1825,1897
G C Rankin,NA,NA
H  Fowler Ransford,NA,NA
Edwin Ransom,1841,1927
Goday Naraen Gajapati Rao,1828,1903
Charles Ratcliff,1815,1885
Henry Rawlinson,1810,1895
James Rawson,NA,NA
Richard Rayley,NA,NA
W H Read,1819,1909
Charles Reade,1814,1884
William Winwood Reade,1838,1875
James Reddie,NA,NA
Richard Thompson Reep,1807,1894
Richard Reeve,NA,NA
Karl Bogislaus Reichert,1811,1883
Lestock Robert Reid,NA,1879
Ernest Renan,1823,1892
Charles Jeremiah Renshaw,1841,1916
Anders Retzius,1796,1860
M Ricardo,1776,1866
Edward Jackson Riccard,NA,1872
x Richards,NA,NA
Franklin Thomas Richards,1847,1905
Charles Richardson,1814,1896
Francis Richardson,1815,1896
James Coxon Richardson,NA,1877
Francis Ignatio Rickard,1837,1906
Joseph Rickerby,NA,NA
F W Ricketts,NA,NA
George Thorne Ricketts,1826,1919
H B Riddell,NA,NA
William Ridley,1819,1878
Jonathan Rigg,NA,NA
"x Ripon, De Grey and",1827,1909
Carl Ritter,1779,1859
Henry F Rivers,1830,1911
John Henry Rivett-Carnac,1839,1923
John Robbins,NA,NA
Charles Robert des Ruffieres,NA,1883
A Roberts,NA,NA
George E Roberts,1831,1865
J Roberts,NA,NA
Alexander Robertson,NA,1906
Alexander Robertson (2),NA,NA
Archibald Robertson,NA,NA
Charles Nice Robertson,NA,NA
Daniel Brooke Robertson,1810,1881
John Forbes Robertson,NA,NA
Thomas Valentine Robins,NA,NA
Edward Robinson,1794,1863
G A Robinson,NA,NA
George Augustus Robinson,1791,1866
J Robinson,NA,NA
William Robinson,NA,1880
Sampson Roch,1829,1906
"James, jun Rock",NA,NA
Hamilton Roe,NA,NA
Alfred S Rogers,NA,NA
Charles Rogers,NA,NA
Frederick W Rogers,NA,NA
George Rogers,1809,1891
John Rogers,NA,NA
George Rolleston,1829,1881
Charles Alfred Rolph,NA,NA
George Frederick Rolph,NA,NA
James Rome,NA,NA
Hyacinthe Ronay,1814,1889
Charles Rooke,1809,1872
James Anderson Rose,1819,1890
x Rosehill,1843,1891
Theodor A Rosenbusch,NA,NA
John Ross,NA,NA
John George Clunies Ross,1823,1871
x Roth,NA,NA
Richard Wellesley Rothman,NA,1856
E J Routh,1831,1907
Ankithum Venkata Nursing Row,1827,1892
William Bridges Row,NA,NA
R W Rowbotham,NA,NA
H R Rowcroft,NA,NA
Harry Crommelin Rowcroft,1840,1876
Henry Rudall,1793,1868
Thomas Rudd,NA,NA
Frederick William Rudler,1840,1915
Sophus Ruge,1831,1903
H  Hodgson Rugg,1812,1891
Samuel Rule,NA,1868
John Ruskin,1819,1900
A H Russell,1837,1916
Charles E Russell,NA,NA
James Russell,NA,NA
Logan H  D Russell,NA,NA
x Rutimeyer,1825,1895
George Augustus Frederick Ruxton,1821,1848
Edward Ryan,1793,1875
John Ryan,NA,NA
Oluf Rygh,1833,1899
Alfred Sadler,NA,NA
Charles S Salmon,NA,NA
William Salmon,NA,NA
David Salomons,1797,1873
William Severin Salting,1837,1905
James Sandale,NA,NA
Alfred Sanders,NA,NA
Alfred M Sanderson,NA,NA
T J Sanderson,NA,NA
W  Walbank Sanderson,NA,NA
Humfrey Sandwith,1822,1881
William Satter,NA,NA
William Devonshire Saull,1783,1855
W H Scattergood,NA,NA
Hermann Schaaffhausen,1816,1893
William Mason Scharlieb,1829,1891
Carl Ritter von Scherzer,1821,1903
E Schiemann,NA,NA
Hermann de Schlagintweit,1826,1882
Robert  Herman Schomburgk,1804,1865
Henry R Schoolcraft,1793,1864
A Schumann,NA,NA
E S Schwabe,NA,NA
Theodor Richard Schweitzer,NA,NA
Charles Scott,NA,NA
David Scott,NA,NA
Frederick Henry Scott,NA,NA
John (1) Scott,NA,NA
John (2) Scott,1817,1890
Robert Scott,NA,NA
Robert S Scott,NA,NA
Thomas Scott,NA,NA
Wentworth Lascelles Scott,NA,NA
John Scouler,1804,1871
J  Eglinton Seaman,NA,NA
Berthold Seemann,1825,1871
E J Selwyn,1822,1893
William Selwyn,1806,1875
Carl Semper,1832,1893
Hugh R Semper,NA,NA
Lucy Ellen Sewall,1837,1890
Henry Sewell,NA,NA
George Sexton,NA,NA
George Seymour,NA,NA
Henry Danby Seymour,1820,NA
Peter Sharp,NA,NA
Samuel Sharp,1814,1882
W Sharp,1805,1896
W J Sharpe,NA,NA
A  Mackintosh Shaw,NA,NA
Frederick George Shaw,NA,1918
Norton Shaw,NA,1868
Robert Barkley Shaw,1839,1879
William Wardrop Shaw,1816,1895
x Sheffield,1832,1909
Joseph Shepherd,1812,1887
H  Brinsley Sheridan,1820,1906
William Henry Sherwood,NA,NA
Justin Shiel,1803,1871
John Joseph Shillinglaw,1831,1905
William Shipp,1807,1873
John Shortt,1822,1889
Charles Lionel Showers,1816,1895
Thomas R G Shute,1802,1881
James Kay Shuttleworth,1804,1877
Ramon de Silva-Ferro,1829,1889
P L Simmonds,NA,NA
Constantine Simonides,NA,NA
S F Simonson,NA,NA
Frank Simpson,NA,NA
H V Simpson,NA,NA
James Simpson,1817,1899
William Henry Simpson,1843,1914
J  Marrion Sims,1813,1883
R S Sisson,NA,NA
Joseph Sister,NA,NA
x Skardon,NA,NA
James Henry Skene,1812,1886
Frederick Mackenzie Skues,1834,1911
William Mackenzie Skues,NA,NA
Thomas Peyton Slapp,NA,NA
Bath Charles Smart,1838,1887
J  Valentine Smedley,NA,NA
Abell Smith,NA,NA
Andrew Smith,1797,1872
D  Pye Smith,NA,NA
Edward Osborne Smith,NA,1864
George (1) Smith,1828,1873
George (2) Smith,1840,1876
George Hill Smith,1815,1893
George Whitely Smith,NA,NA
John Smith,NA,NA
Joseph J Smith,NA,NA
Peter Smith,NA,1866
Protheroe Smith,1809,1889
Tasker Smith,NA,NA
Thomas Smith,NA,NA
Thomas Eustace Smith,1831,1903
Thomas James Smith,1827,1896
Thomas Southwood Smith,1788,1861
William Smith,NA,NA
William Nugent Smith,NA,NA
Worthington George Smith,1835,1917
Sydney James Smithers,NA,NA
Brice Smyth,1838,1922
James Smyth,NA,NA
John E Smyth,NA,NA
John jun Smyth,NA,NA
R  Brough Smyth,1830,1889
Frederick Snaith,NA,1869
George Blagrove Snell,NA,NA
William Parker Snow,1817,1895
Samuel Solly,1805,1871
Samuel Reynolds Solly,1781,1866
William Somervell,NA,NA
Philip Southby,1843,1908
Henry Southey,1783,1865
James Bertram Sparhawk,NA,NA
Henry King Spark,1824,1899
G W Spence,NA,NA
Peter Spence,1806,1883
W H Spence,NA,NA
William Spence,1783,1860
R J Spencer,NA,NA
William Henry Spencer,NA,NA
T  Trevethan Spicer,NA,NA
Edward Spooner,1821,1899
William Spottiswoode,1825,1883
T B Sprague,1830,1920
Francis R Spry,1834,1913
Flaxman Spurrell,NA,NA
Ephraim George Squier,1821,1888
George St Clair,1836,1908
Bayle St John,NA,NA
James Augustus St John,1795,1875
Percy B St John,1821,1889
Spencer St John,1825,1910
Edward St Maur,NA,NA
James Joseph Stainton,NA,NA
Edward Stamp,1814,1872
William Edward Stanbridge,1821,1894
John Stanley,1827,1903
Thomas C Stanley,NA,NA
John Stanton,NA,NA
H I Staples,NA,NA
A B Stark,NA,NA
Japetus Steenstrup,1813,1897
Carl (Karl) Steinhauer,1801,1902
Charles Stenning,NA,NA
William Frederick Cowell Stepney,1821,1872
Joseph Stevens,NA,NA
N  Henry Stevens,NA,NA
John Stevenson,1836,1865
A A Stewart,NA,NA
Alexander Patrick Stewart,1813,1883
Charles Edward Stewart,NA,NA
W S Stewart,NA,NA
John Stirling,1828,1870
David Henry Stone,1812,1890
Robert Sidney Stone,1841,NA
William Storey,NA,NA
William Story,1816,1882
John Marmaduke Stourton,1847,1899
John Strachan,NA,NA
x Strangford,1826,1869
S Stratford,NA,NA
James Strathern,NA,NA
Henry Stretton,NA,1890
Andrew Struthers,NA,NA
x Stuart,NA,NA
John William Studart,NA,NA
Edward Sturman,NA,NA
John James Sturz,1800,1877
J P Sutherland,NA,NA
Peter Cormac Sutherland,1822,1900
Edwin C Suttor,1818,1898
George Suttor,1774,1859
Cornelis Swaving,1814,1881
Horace Swete,1825,NA
Richard Levinge Swift,1821,1872
Algernon Charles Swinburne,1837,1909
Robert Swinhoe,1836,1877
David Sydenham,NA,NA
J G Sylvester,NA,NA
J J Sylvester,1814,1897
J A Symonds,1807,1871
William Samuel Symonds,1818,1887
Francis Tagart,NA,NA
G M Tagore,1826,1890
Lawson Tait,1845,1899
Robert Tait,1816,1897
James Talbot de Malahide,1805,1883
James Tanner,NA,NA
x Tasmania,1803,1879
Alexander Norman Tate,1837,1892
George Tate,1805,1871
George Ralph Tate,1835,1874
Ralph (1) Tate,1840,1901
Thomas (1) Tate,1807,NA
Thomas (2) Tate,1807,1888
Thomas R Tatham,NA,1870
E B Tawney,1840,1882
John Taylor,1833,1912
John George Taylor,NA,NA
Richard Stephens jnr Taylor,1843,1928
W Taylor,NA,NA
W E Taylor,NA,NA
Richard Temple,1826,1902
Edward Tenison Ryan Tenison,NA,1904
John Tennant,1796,1878
James Emerson Tennent,1804,1869
Frederick Theed,1814,1880
"William, Jun Theobald",1829,1908
Robert Thin,1843,1867
Connop Thirlwall,1797,1875
J L Thomas,NA,NA
Alfred Robert Thompson,NA,NA
Fred Thompson,NA,1893
Frederick Thompson,NA,1885
George C Thompson,NA,NA
Joseph Thompson,NA,NA
Richard John Thompson,NA,NA
W Thompson (2),NA,NA
Christian JÃ¼rgensen Thomsen,1788,1865
John Thomson,1837,1921
L E Threlkeld,1788,1859
J  T Thresh,NA,NA
John Thrupp,1817,1870
Edward Thurlow,NA,NA
John Thurnam,1810,1873
Richard Hill Tiddeman,1842,1917
Samuel Timmins,1826,1902
x Tinsley,NA,NA
E Tinsley,NA,1866
John Tolhurst,NA,NA
C D Tolme,NA,NA
x Tonna,1812,1857
James Tonnere,NA,NA
William Tooke,1777,1863
Albert Tootal,1838,1893
John Towers,NA,NA
Frederick Travers,1808,1876
S  Smith Travers,1826,1888
William Travers,1838,NA
Arthur Trevelyan,NA,1880
Edward Andrew Trevor,1839,1886
Nicolas Trubner,1817,1884
Gregory Tschurowsky,1804,1884
Charles jun Tuckett,NA,1875
Thomas Harrington Tuke,1826,1888
x Tumangung of Jehore,NA,NA
Arthur Chilver Tupper,1816,1876
James Turle,1832,1905
Henry John Turner,NA,NA
John Turner,NA,NA
William F J Turner,1831,1894
William Wadden Turner,1810,1859
Arthur Turrell,1846,1898
John Twiner,NA,NA
William Twining,NA,NA
H K Twyford,NA,NA
Carl Wilhelm Ferdinand Uhde,1813,1885
John Underwood,NA,NA
x University Library,NA,NA
Herbert Taylor Ussher,1836,1880
John Ussher,NA,NA
Arthur Vacher,NA,NA
J J C Valpy,1828,NA
Armenius Vambery,1832,1913
George Vaughan,NA,NA
Jonas Daniel Vaughan,1825,1891
William Sandys Wright Vaux,1818,1885
Gonzalez Velasco,1815,1882
George Venables Vernon,NA,1878
Paul Vibraye,1809,1878
Henry Vignaud,1830,1922
Edouard J Villin,1832,1922
Rudolph Virchow,1821,1902
Julio Vizcarrondi,NA,NA
Carl Vogt,1817,1895
Benjamin Vulliamy,1780,1854
Thomas Francis Wade,1818,1895
Rudolph Wagner,1805,1864
x Wagstaff,NA,NA
Theodore Waitz,1821,1864
Alfred Wake,NA,NA
E T Wakefield,NA,NA
Cornelius Walford,1827,1885
Alexander Walker,1824,NA
Alexander Macnamee Walker,NA,NA
Charles Pyndar Beauchamp Walker,1817,1894
Edmund Walker,NA,NA
George Walker,NA,NA
James Walker,1781,1862
James Sydney Walker,NA,1883
Robert Walker,1823,1894
Thomas Walker,1832,1896
Alfred Russel Wallace,1823,1913
Joshua Walmsley,1819,NA
Phillipp Alexander Walther,1812,1887
H C Walton,1841,1872
J W Walton,1818,1867
Rienzi G Walton,1842,1900
James Alfred Wanklyn,1834,1906
Charles Augustus Ward,NA,NA
Stephen Henry Ward,1818,1880
Charles Warden,NA,NA
J  William Warden,NA,NA
Samuel Hibbert Ware,1782,1848
James J Waring,NA,NA
Edward Warner,1818,1875
Thomas T P  Bruce Warren,NA,NA
W Warrington,NA,NA
Richard Archer Warwick,NA,NA
Buchanan Washbourn,NA,NA
Ottiwell Charles Waterfield,1831,1898
George Waterhouse,1810,1888
John Waterhouse,NA,NA
Samuel Watson,NA,NA
Robert Watt,NA,NA
John King Watts,1808,1884
Andrew Scott Waugh,1810,1878
Stephen Webb,NA,NA
T W Webb,NA,NA
George Webster,NA,NA
Henry Webster,NA,NA
John Webster,NA,1878
Augustin Weisbach,1837,1914
Hermann Welcker,1822,1897
Mordaunt Wells,1817,1885
Francis Alex (Frank) Wenham,NA,NA
William Henry Wesley,1841,1922
Reginald Sackville West,1817,1896
Hodder Michael Westropp,1820,1885
Champion Wetton,NA,NA
J R Wevill,NA,NA
G F Whidbourne,1805,1871
James Whishaw,1808,1879
x White,NA,NA
James T White,NA,NA
M White,NA,NA
William Whitear,1807,1891
John B Whitehead,NA,NA
Peter O Whitehead,1835,NA
Thomas K Whitehead,NA,NA
Henry Whitfeld,NA,NA
Henry William Wickes,NA,NA
Thomas Haines Wickes,1840,1899
x Wienecke,NA,NA
A L Wigan,NA,NA
Augustus S Wilkins,1843,1905
John W Wilkins,NA,NA
John Gardner Wilkinson,1797,1875
Thomas Wilkinson,NA,NA
William Martin Wilkinson,1814,1897
Charles R Williams,NA,NA
Eric Williams,NA,NA
Frederick Martin Williams,1830,1878
George Williams,NA,NA
Henry Williams,NA,NA
Henry G Williams,NA,NA
John (1) Williams,NA,NA
John (2) Williams,1792,1858
John Wilkins Williams,NA,NA
S W D Williams,NA,NA
Thomas Williams,1818,1865
G Williamson,NA,NA
Matthew Willis,1828,1871
J E  Eardley Wilmot,1810,1892
Alfred Henry Wilson,NA,NA
Andrew Wilson,NA,NA
Daniel Wilson,1816,1892
David Wilson,NA,NA
Frank Wilson,NA,NA
J  Spotswood Wilson,NA,NA
James Wilson,NA,NA
John Leigh Wilson,1837,1886
R Wilson,NA,NA
William Wilson,1785,1868
William Newton Wilson,NA,NA
Alfred Wiltshire,1839,1886
William Smith Windham,NA,NA
Alfred Tubb Windus,NA,NA
Benjamin Robert Winthrop,1804,1879
Henry Hoyte Winwood,1831,1920
Thomas Alexander Wise,1801,1889
George Witt,1804,1869
von Wittich,1826,1897
James Wodderspoon,NA,NA
Francis George Cornelius Wolber,NA,NA
Henry Drummond Wolff,1830,1908
George Wollaston,NA,NA
Edward Wood,1810,1892
F  Henry Wood,1812,1886
J W Wood,NA,NA
James Wood,NA,NA
John George Wood,NA,NA
Robert Wood,NA,1877
Samuel Wood,NA,1879
W   Martin Wood,NA,NA
William Spicer Wood,NA,1902
Charles H L Woodd,NA,1893
Robert Carr Woods,1816,1875
Joseph Hardman Worrall,1825,1889
Jens Jacob Asmussen Worsaae,1821,1885
Ferdinand Von Wrangell,1797,1870
William Wray,1830,1871
Frank Wrentmore,NA,NA
Francis Beresford Wright,1837,1911
Robert Wright,NA,NA
Thomas Wright,1810,1877
William Cort Wright,NA,NA
Otto Wucherer,1820,1873
James Wyld,1812,1887
Andrew Wyley,NA,NA
Jeffries Wyman,1814,1874
Ashton Yates,1781,1863
W  Holt Yates,1802,1874
James Yearsley,1805,1869
Stephen Yeldham,1810,1896
James A Youl,1811,1904
Robert Younge,1801,1874
Arthur de Zeltner,NA,NA
x Zohrab,NA,NA
Arthur Albright,NA,NA
Rachel Albright,NA,NA
William Albright,NA,NA
William Jun Aldam,NA,NA
Frederick Alexander,NA,NA
Samuel Allen,NA,NA
John Arch,NA,NA
R Arthington,NA,NA
R Jun Arthington,NA,NA
C Ashby,NA,NA
T Jun Ashby,NA,NA
Thomas Ashby,NA,NA
Thomas Jun Ashby,NA,NA
Catherine Backhouse,NA,NA
Jonathan Backhouse,NA,NA
S Baker,NA,NA
Robert Barclay,NA,NA
Richard Barrington,NA,NA
Edward Beck,NA,NA
Eliza Bell,NA,NA
Frederick J Bell,NA,NA
S S Bell,NA,NA
Samuel Bewley,NA,NA
x Biffin,NA,NA
J Binyon,NA,NA
E L Birkbeck,NA,NA
H Birkbeck,NA,NA
W Blaine,NA,NA
Elizabeth Bowley,NA,NA
Henry Brady,NA,NA
Charles L Braithwaite,NA,NA
L Braithwaite,NA,NA
Isaac Brown,NA,NA
Joshua Brown,NA,NA
Lydia Brown,NA,NA
Sarah Burgess,NA,NA
Thomas Burgess,NA,NA
Thomas Fowell Buxton,NA,NA
W Catchpool,NA,NA
x Charleton,NA,NA
Samuel Clark,NA,NA
W Clemes,NA,NA
C Clothier,NA,NA
Joseph Cooper,NA,NA
George Crosfield,NA,NA
Joseph Crosland,NA,NA
A Crowley,NA,NA
A Dale,NA,NA
Elizabeth S Dawes,NA,NA
John Dodshon,NA,NA
Daniel Doncaster,NA,NA
Elizabeth Dyer,NA,NA
R Dymond,NA,NA
William Dyson,NA,NA
William Dyster,NA,NA
A Ellis,NA,NA
Thomas Evans,NA,NA
Ann Everett,NA,NA
Joseph Farden,NA,NA
John Fell,NA,NA
Mary Fell,NA,NA
S H Fisher,NA,NA
Caleb Fletcher,NA,NA
Martha Fletcher,NA,NA
John Ford,NA,NA
George Fox,NA,NA
Henry Fox,NA,NA
Robert Were Fox,NA,NA
x Fox,NA,NA
W Gayner,NA,NA
Joseph Gibbens,NA,NA
Ann Gibson,NA,NA
Francis Gibson,NA,NA
F  E Gibson,NA,NA
W G Gibson,NA,NA
T Gill,NA,NA
J Gillett,NA,NA
John Gillett,NA,NA
J Gilpin,NA,NA
James Gingell,NA,NA
John Good,NA,NA
Josiah Grace,NA,NA
Thomas Graham,NA,NA
John Green,NA,NA
T Gregory,NA,NA
G Grimshaw,NA,NA
x Hadfield,NA,NA
Isaac Hadwen,NA,NA
Robert Harding,NA,NA
Henry Harris,NA,NA
Lydia Harris,NA,NA
Thomas Harvey,NA,NA
George Head,NA,NA
Sarah Head,NA,NA
H Headley,NA,NA
W Hewitson,NA,NA
Charles Hicks,NA,NA
Elizabeth Hills,NA,NA
James Hills,NA,NA
John Hills,NA,NA
Gurney Hoare,NA,NA
Maria Hooper,NA,NA
J Hopkins,NA,NA
Rebecca Hopkins,NA,NA
Mary Horsnail,NA,NA
Elizabeth Howard (2),NA,NA
Elizabeth Howard,NA,NA
Thomas Hughes,NA,NA
Henry Hunt,NA,NA
T Hunt,NA,NA
J Hurnard,NA,NA
John C Isaac,NA,NA
John James,NA,NA
Charles Janson,NA,NA
Samuel Jesper,NA,NA
Benjamin Jowett (2),NA,NA
John Jun Jowett,NA,NA
Robert Jowett (2),NA,NA
John King,NA,NA
Samuel King,NA,NA
Thomas King,NA,NA
Alfred Kitching,NA,NA
C Knight,NA,NA
John Lee,NA,NA
x Leitch,NA,NA
Thomas Letchmore,NA,NA
Thomas x Jun Letchmore,NA,NA
Thomas Letchworth,NA,NA
Thomas Jun Letchworth,NA,NA
Thomas x Jun Letchworth,NA,NA
S Lloyd,NA,NA
Edward Lucas,NA,NA
Rebecca Lucas,NA,NA
Thomas Marriage,NA,NA
John Marsh,NA,NA
R Marsh,NA,NA
William Matthews,NA,NA
William Mattravers,NA,NA
D Miller,NA,NA
John Morrison,NA,NA
E Neave,NA,NA
Mary Overend,NA,NA
W J Palmer,NA,NA
J Pears,NA,NA
x Poeppig,NA,NA
Edward Priestman (2),NA,NA
John Priestman,NA,NA
James Ransome,NA,NA
Robert Ransome,NA,NA
William Rathbone,NA,NA
J Jun Read,NA,NA
Edward Richardson,NA,NA
Henry Richardson,NA,NA
W Richardson,NA,NA
R M Rickman,NA,NA
S Rickman,NA,NA
Leitch Ritchie,NA,NA
J Rooke,NA,NA
Alfred Rosling,NA,NA
John S Rowntree,NA,NA
Joseph Rowntree,NA,NA
Samuel Rundall,NA,NA
Henry Russell,NA,NA
Joseph Sams,NA,NA
J A Sanders,NA,NA
Mary Sansom,NA,NA
Micheal Scatterthwaite,NA,NA
S Scatterthwaite,NA,NA
Leonard Sedgwick,NA,NA
Benjamin Seebohm,NA,NA
William Seebohm,NA,NA
Charles Sessions,NA,NA
Robert Simpson,NA,NA
Alfred Smith,NA,NA
Edward Smith,NA,NA
Richard Smith,NA,NA
Ann Snowden,NA,NA
C Southall,NA,NA
William Southall,NA,NA
William Sparkes,NA,NA
Joseph F Spence,NA,NA
L Squire,NA,NA
Mary Steevens,NA,NA
Henry Sterry,NA,NA
Richard Sterry,NA,NA
John Stevens,NA,NA
Joseph Sturge (Mrs),NA,NA
Sarah Styles,NA,NA
George N Tatham,NA,NA
Mary Ann Tatham,NA,NA
Edward Taylor,NA,NA
F Taylor,NA,NA
H Taylor,NA,NA
A Thistlethwaite,NA,NA
F J Thompson,NA,NA
Josiah Thompson,NA,NA
Thomas Thompson,NA,NA
W Thompson,NA,NA
x Thompson,NA,NA
George Treffry,NA,NA
Frederick Tuckett,NA,NA
W Tuke,NA,NA
Thomas Turner,NA,NA
James E Veale,NA,NA
Jonathan Walker,NA,NA
Ann Wallis,NA,NA
John Warner,NA,NA
Alfred Waterhouse,NA,NA
Mary Waterhouse,NA,NA
R Waterhouse,NA,NA
Thomas Wedmore,NA,NA
James Wells,NA,NA
Daniel Wheeler,NA,NA
W Whiting,NA,NA
John Jun Williams,NA,NA
W R Williams,NA,NA
Charles Wilson,NA,NA
George Wilson,NA,NA
Isaac Wilson,NA,NA
Joseph Wilson,NA,NA
Rebecca Wilson,NA,NA
H Wise,NA,NA
William Woods,NA,NA
Louisa Wright,NA,NA
James Bowden,NA,NA
William Nash,NA,NA
Joseph Sturge,NA,NA
William Jun Grimshaw,NA,NA
Henry Knight,NA,NA
Edward Paull,NA,NA
Robert Jun Alsop,NA,NA
Abram Rawlinson Barclay,NA,NA
John Barclay,NA,NA
Richard Barrett,NA,NA
John Thomas Barry,NA,NA
Peter Bedford,NA,NA
John Bell,NA,NA
Thomas Christy,NA,NA
Samuel Darton,NA,NA
Josiah Forster,NA,NA
Robert Forster,NA,NA
William Forster,NA,NA
Joseph Talwin Foster,NA,NA
John Hamilton,NA,NA
Edwd Harris,NA,NA
Geo Holmes,NA,NA
Robert Howard,NA,NA
John Kitching,NA,NA
Joseph Neatby,NA,NA
John Sanderson,NA,NA
Joseph Shewell,NA,NA
George Stacey,NA,NA
 Joseph Storrs,NA,NA
John M Albright,NA,NA
G W Alexander,NA,NA
Henry Alexander,NA,NA
R D Alexander,NA,NA
Thomas Allis,NA,NA
John D Appleton,NA,NA
Caroline Armistead,NA,NA
Joseph Armistead,NA,NA
Edward Ash,NA,NA
Alfred Backhouse,NA,NA
Edmund Backhouse,NA,NA
Edward Jun Backhouse,NA,NA
James Jun Backhouse,NA,NA
John Church Backhouse,NA,NA
J E Baker,NA,NA
James Baker,NA,NA
A P Balkwill,NA,NA
William Ball,NA,NA
Eliza Barclay,NA,NA
J Gurney Barclay,NA,NA
Jonathan Barrett,NA,NA
R Barrett,NA,NA
R C Barrow,NA,NA
S Barter,NA,NA
John D Bassett,NA,NA
John Baynes,NA,NA
John Beaumont,NA,NA
Rebecca Beaumont,NA,NA
William Beaumont,NA,NA
Samuel Beck,NA,NA
Deborah Beesley,NA,NA
Paul Bevan,NA,NA
Robert Bevan,NA,NA
Martha A Binyon,NA,NA
Thomas Binyon,NA,NA
S Birchall,NA,NA
Thomas Blain,NA,NA
J Blunsom,NA,NA
W Bott,NA,NA
Christopher Bowley,NA,NA
W C Bowley,NA,NA
Edwin Bracher,NA,NA
James Bracher,NA,NA
Lucy Bradshaw,NA,NA
G S Brady,NA,NA
Joseph B Braithwaite,NA,NA
S Braithwaite,NA,NA
Charles Brewin,NA,NA
Robert Brewin,NA,NA
Thomas Brewin,NA,NA
William Brewin,NA,NA
Francis Brown,NA,NA
Gopsill Brown,NA,NA
W W Brown,NA,NA
J F Burgess,NA,NA
Wilson Burgess,NA,NA
Henry Burlingham,NA,NA
Jonathan Burtt,NA,NA
P Burtt,NA,NA
Edward North Buxton,NA,NA
James Cadbury,NA,NA
John M Candler,NA,NA
Edward Carroll,NA,NA
Joseph Cash,NA,NA
Newman Cash,NA,NA
William Cash,NA,NA
R D Catchpool,NA,NA
Thomas Catchpool,NA,NA
Thomas Chalk,NA,NA
Elizabeth Charelton,NA,NA
James Charleton,NA,NA
Robert Charleton,NA,NA
Richard Christy,NA,NA
Cyrus Clark,NA,NA
James Clark (2),NA,NA
Joseph Clark,NA,NA
W S Clark,NA,NA
George Cook,NA,NA
J H Cotterell,NA,NA
Elliott Cresson,NA,NA
W D Crewdson,NA,NA
Ann Cropper,NA,NA
James Cropper,NA,NA
John Cropper,NA,NA
Joseph Crosfield,NA,NA
William Crosfield,NA,NA
Jeremiah Cross,NA,NA
Martha Cross,NA,NA
Edward A Crouch,NA,NA
Abraham Crowley,NA,NA
Frederick Crowley,NA,NA
J Cudworth,NA,NA
Mary Cudworth,NA,NA
William Cudworth,NA,NA
Lucy Darby,NA,NA
Richard Day,NA,NA
William Dent,NA,NA
Barnard Dickinson,NA,NA
Elizabeth G Dimsdale,NA,NA
J Doubleday,NA,NA
R Doubleday,NA,NA
Joseph Eaton,NA,NA
Thomas Emmott,NA,NA
Mary Exton,NA,NA
William Exton,NA,NA
Abraham Fisher,NA,NA
Rachel Fowler,NA,NA
Thomas Fowler,NA,NA
Alfred L Fox,NA,NA
Francis E Fox,NA,NA
Frederick H Fox,NA,NA
J G Fox,NA,NA
R Barclay Fox,NA,NA
Philip Frith,NA,NA
Frederick Fryer,NA,NA
John Gayner,NA,NA
Deborah Gibson,NA,NA
E Gilkes,NA,NA
Charles Gillett,NA,NA
Jonathan Gillett,NA,NA
Burwood Godlee,NA,NA
Alexander Grace,NA,NA
Anna Gurney,NA,NA
Edmund Gurney,NA,NA
Henry E Gurney,NA,NA
John Gurney,NA,NA
Samuel Gurney,NA,NA
Daniel P Hack,NA,NA
John Barton Hack,NA,NA
Cornelius Hanbury,NA,NA
Cornelius x Jun Hanbury,NA,NA
Daniel Bell Hanbury,NA,NA
Samuel Hare,NA,NA
Charles L Harford,NA,NA
John Harford,NA,NA
Summers Harford,NA,NA
William Hargreaves,NA,NA
John Harlock,NA,NA
Theodore Harris,NA,NA
John Herschell,NA,NA
Gray Hester,NA,NA
M A Hewitson,NA,NA
Henry Hipsley,NA,NA
John Hodgkin,NA,NA
J Holdsworth,NA,NA
Richard Holdsworth,NA,NA
G B Holmes,NA,NA
S Horman-Fisher,NA,NA
Robert Horne,NA,NA
John Horniman,NA,NA
Charles Horsnaill,NA,NA
W C Horsnaill,NA,NA
Sarah Hotham,NA,NA
Luke Howard,NA,NA
William Howitt,NA,NA
Rachel Hubbert,NA,NA
Joseph Hudson,NA,NA
John Huntley,NA,NA
Joseph Huntley,NA,NA
Martha Hutchinson,NA,NA
R Impey,NA,NA
Edward James,NA,NA
A Janson,NA,NA
William Janson,NA,NA
Andrew Johnston,NA,NA
Andrew & Jun Johnston,NA,NA
John Jowett,NA,NA
W D King,NA,NA
J H Knight,NA,NA
T Knott,NA,NA
Edward A Leatham,NA,NA
Isabella Lister,NA,NA
Wilson Lloyd,NA,NA
Haggar Lowe,NA,NA
Edmund Lucas,NA,NA
Frederick Lucas,NA,NA
Jeffrey Lucas,NA,NA
Martha Lucas,NA,NA
Samuel Lucas,NA,NA
William Jun Lucas,NA,NA
Harford Lury,NA,NA
J E Lury,NA,NA
W Mann,NA,NA
Caroline Marriage,NA,NA
Edward Marsh,NA,NA
Thomas William Marsh,NA,NA
Thomas Maw,NA,NA
Edward C May,NA,NA
Francis May,NA,NA
John Mayfield,NA,NA
Josiah Merrick,NA,NA
John Morland,NA,NA
George L Neighbour,NA,NA
Josiah Newman,NA,NA
William Norris,NA,NA
Thomas Norton,NA,NA
William Norton,NA,NA
William Nutter,NA,NA
J J Packer,NA,NA
George Palmer,NA,NA
Reuben C Payne,NA,NA
Arthur Pease,NA,NA
Edward Pease,NA,NA
Gurney Pease,NA,NA
Henry Fell Pease,NA,NA
John Pease,NA,NA
John B Pease,NA,NA
Joseph Pease,NA,NA
Joseph Whitwell Pease,NA,NA
Susan Pease,NA,NA
Thomas Pease,NA,NA
Algernon Peckover,NA,NA
William Peckover,NA,NA
Robert H Penney,NA,NA
Isaac Pitt,NA,NA
Jacob Post,NA,NA
Joseph T Price,NA,NA
Lydia Prideaux,NA,NA
Samuel Priestman,NA,NA
John Pryor,NA,NA
G R Pumphrey,NA,NA
W P Read,NA,NA
Isaac Reckitt,NA,NA
Jonathan Rees,NA,NA
Jane Reynolds,NA,NA
G E Richardson,NA,NA
John Rickman,NA,NA
Josephina Rickman,NA,NA
Matilda Rickman,NA,NA
Priscilla Rickman,NA,NA
R Rickman,NA,NA
R P Rickman,NA,NA
Isaac Robson,NA,NA
J S Robson,NA,NA
Joseph Rosling,NA,NA
Samuel Rosling,NA,NA
John Rowntree,NA,NA
W Rowntree,NA,NA
Sarah Rundell,NA,NA
John F Rutter,NA,NA
Samuel Rutter,NA,NA
E Sayce,NA,NA
Hannah Scarr,NA,NA
F Seebohm,NA,NA
John R Seekings,NA,NA
James Sessions,NA,NA
Lydia Sessions,NA,NA
Robert Sessions,NA,NA
Abraham Sewell,NA,NA
E F Sewell,NA,NA
Joseph Sewell,NA,NA
Phillip Sewell,NA,NA
Joseph Sharples,NA,NA
John T Shewell,NA,NA
Thomas Short,NA,NA
W Dillwyn Sims,NA,NA
W Skinner,NA,NA
Bartholomew Smith,NA,NA
George Smithson,NA,NA
E P Southall,NA,NA
Sarah Southall,NA,NA
J M Sparkes,NA,NA
H Squire,NA,NA
John Stansfield,NA,NA
Joseph Sterry,NA,NA
Sarah Sterry,NA,NA
J L Stevens,NA,NA
Charles Sturge,NA,NA
Edmund Sturge,NA,NA
George Sturge,NA,NA
H J Sturge,NA,NA
Samuel Sturge,NA,NA
Thomas M Sturge,NA,NA
Walter Sturge,NA,NA
Jemima Swan,NA,NA
William Tanner,NA,NA
W Tatum,NA,NA
Edward Thomas,NA,NA
George Thomas,NA,NA
Samuel Thompson,NA,NA
Fielden Thorpe,NA,NA
E O Tindale,NA,NA
Robert Tindall,NA,NA
Joshua Treffry,NA,NA
Nathaniel Tregellis,NA,NA
Elizabeth Tuckett,NA,NA
Francis Tuckett,NA,NA
P Debell Tuckett,NA,NA
D Tuke,NA,NA
J H Tuke,NA,NA
Samuel Tuke,NA,NA
Ann Tweedy,NA,NA
R Tweedy,NA,NA
William Tweedy,NA,NA
Richard Veale,NA,NA
William Veale,NA,NA
John Wadge,NA,NA
F J Walker,NA,NA
Marriage Wallis,NA,NA
Charles B Warner,NA,NA
Septimus Warner,NA,NA
Lucy Westcombe,NA,NA
Thomas Westcombe,NA,NA
Benjamin Wheeler,NA,NA
Frederick Wheeler,NA,NA
Samuel Wheeler,NA,NA
John Whiting,NA,NA
John Wiblin,NA,NA
Caleb Williams,NA,NA
John E Wilson,NA,NA
Joshua Wilson,NA,NA
F Woodhead,NA,NA
W Woolston,NA,NA
Francis Wright,NA,NA
S W Wright,NA,NA
George Abbott,NA,NA
E Abdy,NA,NA
William Abdy,NA,NA
S J Abington,NA,NA
x Adams,NA,NA
Charles Adlard,NA,NA
James Adlard,NA,NA
x Agar,NA,NA
C A Albright,NA,NA
E A Albright,NA,NA
John Alcard,NA,NA
J Alexander,NA,NA
Elizabeth Allen,NA,NA
F Allen,NA,NA
J Allen,NA,NA
John Allen,NA,NA
Richard Allen,NA,NA
S Allen,NA,NA
S Allen (2),NA,NA
T Allen,NA,NA
Denison H Allport,NA,NA
A Ambrose,NA,NA
G F Angas,NA,NA
N D By G F Angas,NA,NA
Henry Angus,NA,NA
x Ap Forstell,NA,NA
x Apelez,NA,NA
Richard Ash,NA,NA
Frederick Ashby,NA,NA
F J Atkins,NA,NA
E Backhouse,NA,NA
Fanny Backhouse,NA,NA
J Backhouse,NA,NA
J E Backhouse,NA,NA
S Backhouse,NA,NA
E Baines,NA,NA
Frederick Baines,NA,NA
M T Baines,NA,NA
Hannah Baker,NA,NA
J G Baker,NA,NA
Adrian Balbi,NA,NA
J S Banbury,NA,NA
Sa Bandeira,NA,NA
John Banim,NA,NA
Sax Bannister,NA,NA
x Barclay,NA,NA
C Baxter,NA,NA
S Beale,NA,NA
x Beaumont,NA,NA
Esther Beecham,NA,NA
A Bell,NA,NA
Maldon Bell,NA,NA
Mary Bell,NA,NA
S E E Bell,NA,NA
John Bellerby,NA,NA
F J Bett,NA,NA
x Bevan,NA,NA
Samuel Blackburn,NA,NA
W T Blair,NA,NA
W Blott,NA,NA
x Blumenbach,NA,NA
x Boehmer,NA,NA
D Bolton,NA,NA
J Booth,NA,NA
James Booth,NA,NA
x Booth,NA,NA
x Bott,NA,NA
x Bousfield,NA,NA
Benjamin Boyd,NA,NA
J Bradley,NA,NA
x Brady,NA,NA
L Bridgland,NA,NA
x Brightwell,NA,NA
John Ivatt Briscoe,NA,NA
x Brouwer,NA,NA
D Brown,NA,NA
Jeremiah Bryant,NA,NA
J Buckland,NA,NA
John Budge,NA,NA
W F Budgett,NA,NA
x Burder,NA,NA
John Burgess,NA,NA
x Burgess,NA,NA
John Burnett,NA,NA
Edmund Buxton,NA,NA
x Buxton,NA,NA
M Cabet,NA,NA
John Candlish,NA,NA
R Carthington,NA,NA
James Cash,NA,NA
M Cassin,NA,NA
L A Chamerovzov,NA,NA
M Chamisso,NA,NA
x Channing,NA,NA
R Chapman,NA,NA
Eardley Childers,NA,NA
George Christie,NA,NA
Ann W Christy,NA,NA
Alfred Spencer Churchill,NA,NA
Charles Clark,NA,NA
Thomas Clark,NA,NA
W J Clark,NA,NA
x Clark (2),NA,NA
Ebenezer Clarke,NA,NA
Joseph Clarke,NA,NA
Thomas Clarkson,NA,NA
John Clayton,NA,NA
J W C Clothier,NA,NA
R C Cobbold,NA,NA
Robert K Cobbold,NA,NA
Jane Cocks,NA,NA
x Collett,NA,NA
J B Cook,NA,NA
P Cook,NA,NA
George Cooke,NA,NA
J B Cooke,NA,NA
J Cooper,NA,NA
x Corbett,NA,NA
x Corder,NA,NA
James Coxen,NA,NA
Agnes Craig,NA,NA
William Crawford,NA,NA
Handel Crosham,NA,NA
Ann Crowley,NA,NA
E Crowley,NA,NA
P Cudworth,NA,NA
x Cuff,NA,NA
x David,NA,NA
x Davies,NA,NA
James Davis,NA,NA
M De Beaumont,NA,NA
x De Gerando,NA,NA
J Dennis,NA,NA
Thomas Denton,NA,NA
Augustus D'Este,NA,NA
W R Deverell,NA,NA
John Dinham,NA,NA
Thomas Dinham,NA,NA
Anthony Dinsdale,NA,NA
D Dodshon,NA,NA
J M Dorking,NA,NA
x Doubleday,NA,NA
James Douglas,NA,NA
F C Dowley,NA,NA
x Downing,NA,NA
J E Drake,NA,NA
P Du Ponceau,NA,NA
Philip Durant,NA,NA
x Edmonds,NA,NA
x Edwards,NA,NA
E & M Elliott,NA,NA
Ebenezer Elliott,NA,NA
Mary Elliott,NA,NA
John Ellis,NA,NA
W Enfield,NA,NA
John Epps,NA,NA
Don Flores Estrada,NA,NA
William Evans,NA,NA
x Evans,NA,NA
Edward Everett,NA,NA
John Fairbarn,NA,NA
William Falconer,NA,NA
Joshua Fardon,NA,NA
J Farnworth,NA,NA
M Felix,NA,NA
Pinheiro Fereira,NA,NA
Conrad Finzel,NA,NA
Horman S Fisher,NA,NA
A Fitzjames,NA,NA
x Flashman,NA,NA
Estrade Flores,NA,NA
E Ford,NA,NA
Thomas Ford,NA,NA
A F Forsell,NA,NA
James T Foster,NA,NA
John Lister Foster,NA,NA
John Foulger,NA,NA
x Foville,NA,NA
Mary Fox,NA,NA
x Foxville,NA,NA
J J Freeman,NA,NA
A Friend,NA,NA
R Fry,NA,NA
Benson Fryer,NA,NA
Forster Fryer,NA,NA
x Fryer,NA,NA
Charles Garrett,NA,NA
John Garrett,NA,NA
H E Garvey,NA,NA
M de Gasparin,NA,NA
Elizabeth F Gibson,NA,NA
G J Gibson,NA,NA
Joseph Gillett,NA,NA
F Good,NA,NA
Hannah Good,NA,NA
John T Grace,NA,NA
M Grand Pierre,NA,NA
M Grangeret de la Grange,NA,NA
Laggan Grant,NA,NA
Fr Groth,NA,NA
Aldin Grout,NA,NA
R R Gurley,NA,NA
Edward Gurney,NA,NA
Charles Gutzlaff,NA,NA
R K Habgood,NA,NA
C Haddison,NA,NA
x Haddison,NA,NA
x Hagger,NA,NA
John Halcro,NA,NA
John Hall,NA,NA
x Halliday,NA,NA
William Alers Hankey,NA,NA
Josiah Hannam,NA,NA
x Hannington,NA,NA
x Hannom,NA,NA
John Harford (2),NA,NA
x Harmer,NA,NA
James Harnard,NA,NA
E Harris,NA,NA
Isabella Harris,NA,NA
Jane Harris,NA,NA
John Harris,NA,NA
Sarah Harris,NA,NA
x Harrison,NA,NA
W B Harvey,NA,NA
Montague Hawtrey,NA,NA
x Hayden,NA,NA
A Heaviside,NA,NA
S Hedley,NA,NA
Bev D Hewett,NA,NA
W M Higgins,NA,NA
R Hill,NA,NA
C Hinchcliffe,NA,NA
Charles Hindley,NA,NA
D P Hock,NA,NA
A Hodgson,NA,NA
x Hogendorp,NA,NA
J Holen,NA,NA
D Holmes,NA,NA
x Hood,NA,NA
Ann M Hopkins,NA,NA
Sylvester Hovey,NA,NA
x Humboldt,NA,NA
x Humphrey,NA,NA
Matthew Jun Hutchinson,NA,NA
T Hutchinson,NA,NA
Robert Ingam,NA,NA
F Maitland Innes,NA,NA
M Isambert,NA,NA
Clement Jackson,NA,NA
S J James,NA,NA
John Jarold,NA,NA
George Jarvis,NA,NA
Joseph Jarvis,NA,NA
R Jarvis,NA,NA
x Jaubert,NA,NA
S A Jeffries,NA,NA
Samuel Jeffrys,NA,NA
J Jefry,NA,NA
N Jocelyn,NA,NA
Joseph Johnson,NA,NA
x Johnson,NA,NA
Peter Jones,NA,NA
Samuel Juke,NA,NA
M A Julien,NA,NA
x Julius,NA,NA
Charles Jupe,NA,NA
George T Kemp,NA,NA
William Kennedy,NA,NA
x Kerr,NA,NA
x Kidd,NA,NA
Henry Rochdale King,NA,NA
J Knowles,NA,NA
A J Larking,NA,NA
H B Larking,NA,NA
James Lawrence,NA,NA
Buxton Lawrie,NA,NA
Emma Letchworth,NA,NA
x Letchworth,NA,NA
Leone Levi,NA,NA
Malcolm Lewin (2),NA,NA
x Lichtenstein,NA,NA
C Lilgevolch,NA,NA
H L Lobeck,NA,NA
A J Lorking,NA,NA
x Lucas,NA,NA
x Luden,NA,NA
William Luner,NA,NA
Robert Lush,NA,NA
C Lushington,NA,NA
S Lushington,NA,NA
P Lyne,NA,NA
G van der Maalen,NA,NA
R A MacFie,NA,NA
D P Mack,NA,NA
Thomas MacNay,NA,NA
x Maconochie,NA,NA
G van der Maerlen,NA,NA
P Maerlen,NA,NA
Patrick Mair,NA,NA
x Mallet,NA,NA
Jules Malpet,NA,NA
Jules Mampet,NA,NA
W E Manser,NA,NA
S Marsden,NA,NA
x Marsden,NA,NA
Martha E Marshall,NA,NA
H Martin,NA,NA
Peter Martin,NA,NA
R Montgomery Martin,NA,NA
W Martin,NA,NA
x Martin,NA,NA
M H Martindale,NA,NA
Mary Martindale,NA,NA
R A McFie,NA,NA
x McLachlan,NA,NA
x McNay,NA,NA
W H Medhurst,NA,NA
James Meek,NA,NA
x Metcalf,NA,NA
x Meyer,NA,NA
Henry Miegoe,NA,NA
E Mills,NA,NA
D Mitchell,NA,NA
x Mittermaier,NA,NA
J Moffatt,NA,NA
R Moffatt,NA,NA
P Moire,NA,NA
S G Montrou,NA,NA
O Moore,NA,NA
x Moorsom,NA,NA
M Moraes Sarmento,NA,NA
Henry Moreing,NA,NA
x Morgan,NA,NA
E Morris,NA,NA
S G Morton,NA,NA
Joseph Mosley,NA,NA
Standish Motte,NA,NA
C Mottley,NA,NA
Joseph Mottley,NA,NA
J Mounsey,NA,NA
Edgar Musgrove,NA,NA
W W Royston Nash,NA,NA
J Natterier,NA,NA
T Nicholls,NA,NA
Daniel O'Connell,NA,NA
John Olliver,NA,NA
x Orchard,NA,NA
x Orioli,NA,NA
Oliver Ormerod,NA,NA
J Horne Payne,NA,NA
Z C Pearson,NA,NA
Rachel Pease,NA,NA
Richard Peck,NA,NA
Brothers Peek,NA,NA
Richard Peek,NA,NA
J Pell,NA,NA
x Philip,NA,NA
x Phillips,NA,NA
W Philpott,NA,NA
Fererra Pinheiro,NA,NA
T E Plint,NA,NA
J F Polk,NA,NA
T Pollard,NA,NA
W Pollard,NA,NA
x Pollard,NA,NA
Margaret Pope,NA,NA
Eliza Post,NA,NA
x Post,NA,NA
x Poulter,NA,NA
Edward Priestman,NA,NA
Elizabeth Priestman,NA,NA
F R Priestman,NA,NA
x Priestman,NA,NA
Cornelieus Prior,NA,NA
G Pritchard,NA,NA
J E Pritchett,NA,NA
Joseph R Procter,NA,NA
J R Pumphrey,NA,NA
Herman Quinius,NA,NA
G Ralston,NA,NA
W Ramsden,NA,NA
John Rand,NA,NA
Alfred Ransome,NA,NA
Joshua Ransome,NA,NA
W Ransome,NA,NA
C Rathbone,NA,NA
George Rawson,NA,NA
James Read,NA,NA
A Reid,NA,NA
Mohammed Rheire,NA,NA
x Riach,NA,NA
Heinrich Richter,NA,NA
x Rickman,NA,NA
R Rickmer,NA,NA
E Ridley,NA,NA
x Ritchie,NA,NA
Henry Robarts,NA,NA
C B Robinson,NA,NA
W Robson,NA,NA
x Robson,NA,NA
x Roger,NA,NA
H Rolls,NA,NA
T Roscoe,NA,NA
R P Ruckman,NA,NA
M Ruppel,NA,NA
H C Rutherford,NA,NA
J E Rutter,NA,NA
Egerton Ryerson,NA,NA
John Saunders,NA,NA
S Saunders,NA,NA
x Saunders,NA,NA
x Schlosser,NA,NA
Thomas Schofield,NA,NA
x Scoon,NA,NA
Samuel S Scriven,NA,NA
Hannah Scurr,NA,NA
E T Sewell,NA,NA
x Sharples,NA,NA
John S Shewell,NA,NA
M Sismondi,NA,NA
B Slack,NA,NA
Ann Hopkins Smith,NA,NA
Charles E Smith,NA,NA
Culling Eardley Smith,NA,NA
Ebenezer Smith,NA,NA
Homerton Smith,NA,NA
J P Smith,NA,NA
P A Smith,NA,NA
Pye Smith,NA,NA
R Jun Smith,NA,NA
x Smith,NA,NA
W Somerville,NA,NA
W Sommerville,NA,NA
Sarah Southwell,NA,NA
Julius Sperling,NA,NA
N G Sperling,NA,NA
x Sperling,NA,NA
Osbourne Spurfield,NA,NA
F Squire,NA,NA
x Stafford,NA,NA
George Stancliff,NA,NA
Thomas Stark,NA,NA
Trevor Steinglass,NA,NA
x Steininger,NA,NA
E Stephens,NA,NA
J M Stephens,NA,NA
x Stephens,NA,NA
Deborah Sterry,NA,NA
M Stevens,NA,NA
x Stevens,NA,NA
Mary Stevenson,NA,NA
Andrew Stewart,NA,NA
J J Stitt,NA,NA
William Stokes,NA,NA
John Stone,NA,NA
x Stone,NA,NA
x Stow,NA,NA
Thomas Stronge,NA,NA
x Stroud,NA,NA
John James Stulz,NA,NA
Charles Sturgeon,NA,NA
x Sturges,NA,NA
John James Sturtz,NA,NA
J W Sully,NA,NA
William Summerville,NA,NA
Charles Sumner,NA,NA
J H Sunman,NA,NA
Arthur Tappan,NA,NA
Thomas Taylor,NA,NA
J B Teesdale,NA,NA
Hull Terrell,NA,NA
x Thatcher,NA,NA
James Sanderson Thomas,NA,NA
M Thomas,NA,NA
Perronet Thompson,NA,NA
x Thompson Mrs,NA,NA
H B Thorpe,NA,NA
Jonathan Thorpe,NA,NA
x Tiedeman,NA,NA
M de Tocqueville,NA,NA
Thomas Todd,NA,NA
William McCullagh Torrens,NA,NA
C S Tosswill,NA,NA
J H Tredgold,NA,NA
Henry Tuckett,NA,NA
P E Tuckett,NA,NA
J W Tuke,NA,NA
x Tyler,NA,NA
Jan Tzatzoe,NA,NA
x Upcher,NA,NA
x Vanderkamp,NA,NA
M Villerme,NA,NA
x Wainwright,NA,NA
Joseph Waite,NA,NA
Josiah Waites,NA,NA
E Walker,NA,NA
R Walker,NA,NA
x Walker,NA,NA
x Waring,NA,NA
Harriett Warner,NA,NA
Henrietta Warner,NA,NA
M Warner,NA,NA
C Washbourne,NA,NA
John Washington,NA,NA
x Weaver,NA,NA
A Wells,NA,NA
Frederick Wells,NA,NA
Mary Wheeler,NA,NA
J Whitby,NA,NA
Anthony White,NA,NA
x Whiting,NA,NA
S Wilkin,NA,NA
M Wilks,NA,NA
John Williams,NA,NA
H H Willis,NA,NA
Frederick Wills,NA,NA
H O Wills,NA,NA
x Wills,NA,NA
Joseph R Wilton,NA,NA
R W Wingfield,NA,NA
x Wiseman,NA,NA
William Wolston,NA,NA
Joseph Wontner,NA,NA
Thomas Wontner,NA,NA
Levi Wood,NA,NA
Levi Wood (2),NA,NA
S F Woolmer,NA,NA
A B Wright,NA,NA
Frances Wright,NA,NA
P Wright,NA,NA
W D D Wright,NA,NA
x Wright (2),NA,NA
x Wright,NA,NA
W Wrigley,NA,NA
James Yates,NA,NA
John Young,NA,NA
Thomas Zachary,NA,NA
