"Name","birth_year","death_year","religion_1_quaker"
Arthur William A Beckett,1844,1909,NA
Andrew Mercer Adam,NA,NA,NA
H R Adam,NA,NA,NA
William Adam,NA,NA,NA
Henry John Adams,NA,NA,NA
William (1) Adams,NA,NA,NA
William (2) Adams,1820,1900,NA
William Adlam,NA,NA,NA
Louis Agassiz,1807,1873,NA
Anastasius Agathides,1805,1881,NA
Augustine Aglio,1777,1857,NA
Joseph Agnew,NA,NA,NA
William Francis Harrison Ainsworth,1807,1896,NA
William Baird Airston,NA,NA,NA
Alexander Muirhead Aitken,NA,NA,NA
Thomas Aitken,NA,NA,NA
Rutherford Alcock,1809,1897,NA
William Aldam,1813,1890,1
Frederick W Aley,NA,NA,NA
J  McGrigor Allan,NA,NA,NA
S  Stafford Allen,1840,1870,1
William Allen,NA,NA,NA
George Allin,NA,NA,NA
Charles Hamond Alpe,1837,1882,NA
Crewe Alston,1828,1901,NA
William Amhurst Tyssen Amhurst,1835,1909,NA
George Amner,1873,1901,NA
Edward C Anderson,NA,NA,NA
John Anderson,NA,NA,NA
Joseph Anderson,1832,1916,NA
W  P Andrew,NA,NA,NA
x Andrews,NA,NA,NA
Matthew John Anketell,NA,NA,NA
Thomas Chisholm Anstey,1816,1873,NA
x Antrim,1851,1918,NA
William Appleyard,NA,NA,NA
William Arbuthnot,NA,NA,NA
Frederick Scott Archer,1813,1857,NA
Richard Edward Arden,1804,1894,NA
Alexander Aria,NA,NA,NA
William Armitage,1815,1903,NA
T  B Armitstead,NA,NA,NA
William Armstrong,1810,1900,NA
Edward Arnold,NA,1872,NA
Richard Arnold,1808,1876,NA
William Arthur,1819,1901,NA
Rodolph Arundell,1837,1877,NA
Isidore Ascher,1835,1933,NA
Charles Frederick Ash,NA,NA,NA
James Ashbury,1834,1895,NA
John Ashbury,NA,NA,NA
William Henry Ashurst,1819,1879,NA
Henry Ashworth,1794,1880,NA
William Aspull,NA,NA,NA
John Atcherley,NA,NA,NA
Charles Atkins,NA,NA,NA
Charles A Atkins,NA,NA,NA
E Atkinson,NA,NA,NA
George Atkinson,NA,NA,NA
Alfred Aubert,NA,NA,NA
Alois Auer,1813,1869,NA
Arthur Daniel Aulton,1828,1889,NA
Charles Cardale Babington,1808,1895,NA
William Babington,NA,NA,NA
Edward Backhouse,1808,1879,1
James (1) Backhouse,1794,1869,1
Carl Ernst von Baer,1792,1876,NA
John Bagehot,NA,NA,NA
Walter ('Badgett') Bagehot,1826,1877,NA
Charles Henry Bagnall,NA,1869,NA
Charles Stuart Bailey,1819,1883,NA
John Bailey,NA,NA,NA
John Bailey (2),NA,NA,NA
James Bain,1818,1898,NA
Thomas Baines,1820,1875,NA
Benson Baker,NA,NA,NA
J P Baker,NA,NA,NA
John Baker,1813,1872,NA
Samuel C Baker,1821,1893,NA
William Bailey Baker,1828,1865,NA
George Balfour,1809,1894,NA
John Bannister,NA,NA,NA
Henry Barber,NA,NA,NA
Robert Baring,NA,NA,NA
Henry Walter Barlow,1830,1867,NA
Christopher J Barnard,NA,NA,NA
Henry Thorowgood Barnes,NA,NA,NA
John  Wheeldon Barnes,1825,1893,NA
Robert Barnewall,NA,NA,NA
Joseph Henry Barr,NA,NA,NA
William Roby Barr,1832,NA,NA
Thomas Squire Barrett,NA,NA,NA
George William Barrington,1824,1886,NA
C M Barter,NA,NA,NA
William Edward Bartlett,1836,1908,NA
Alfred Barton,1825,1905,NA
John Stothert Bartrum,1817,1904,NA
Adolf Bastian,1826,1905,NA
Thomas Bateman,1821,1861,NA
Ernest Bates,NA,NA,NA
William Battye,NA,NA,NA
Edwin Henry Baverstock,NA,NA,NA
James Bainbridge Baxter,NA,NA,NA
Thomas Henry Baylis,1817,1908,NA
Samuel Beal,1825,1889,NA
John S Beale,NA,NA,NA
Lionel John Beale,1796,1871,NA
Frank Carr Beard,NA,NA,NA
Amos Beardsley,NA,NA,NA
William Beattie,1793,1875,NA
Richard Beaumont,NA,NA,NA
Hugh J C Beavan,NA,NA,NA
R C Beavan,NA,NA,NA
Alfred Becquet,NA,NA,NA
x Beechey,1796,1856,NA
Hermann Beigel,1830,1879,NA
C W  Bowdler Bell,1839,NA,NA
James Bell,1818,1872,1
John Bell (2),1811,1895,NA
Robert Bell,NA,NA,NA
William Abraham Bell,1841,1921,NA
Edward Bellamy,1837,1889,NA
Henry Walter Bellew,1834,1892,NA
William Painter Belliss,NA,NA,NA
D Bellock,NA,NA,NA
Lewis F Bellot,NA,NA,NA
Adolph Bendir,1834,NA,NA
Thomas Bendyshe,1827,1886,NA
Charles Bennett,NA,NA,NA
John Bennett,1814,1897,NA
Thomas John Wesley Bennett,NA,NA,NA
W F G Benson,NA,NA,NA
William Ralph Benson,NA,NA,NA
Richard Bentley,1794,1871,NA
Bartholomew Bernasconi,NA,NA,NA
George Bertram,NA,NA,NA
Camille Bertrand,NA,1863,NA
x Best,NA,NA,NA
John Henry Biddles,1821,1903,NA
Thomas Bigg,NA,NA,NA
John Bilderbeck,NA,NA,NA
Theodor Bilharz,1825,1862,NA
Henry Corles Bingham,1801,1868,NA
James Bird,NA,NA,NA
R S Birkbeck,NA,NA,NA
James Bischoff,NA,NA,NA
Andrew Black,1851,1916,NA
W H Black,NA,NA,NA
William Blackmore,1827,1878,NA
Alan Cornwall Blackstone,1833,1899,NA
J H Blackwell,NA,NA,NA
T A Blakely,1827,1868,NA
Henry Jules Blanc,NA,NA,NA
Sydney L Blanchard,NA,NA,NA
Albert Taylor Bledsoe,1809,1877,NA
David Blellock,NA,NA,NA
John Hillier Blount,1822,1866,NA
Frederick Edmund Blyth,1819,1868,NA
Henry S Boase,NA,NA,NA
Anatoly Petrovich Bogdanoff,1834,1896,NA
Edward B Bogg,NA,NA,NA
Henry George Bohn,1796,1884,NA
John Peter Boileau,1794,1869,NA
Henry James Bolding,NA,1888,NA
Charles W Bollaert,NA,NA,NA
William Bollaert,1807,1876,NA
Louis Lucien Bonaparte,1813,1891,NA
E Bonavia,NA,NA,NA
George Bonavia,1818,1901,NA
Charles Radcliffe Bond,NA,NA,NA
Walter M Bond,NA,NA,NA
George Bonham,1803,1863,NA
W C Bonnerjee,1844,1906,NA
T  George Bonney,1833,1923,NA
Evert Julius Bonsdorff,1810,1898,NA
James Bonsor,NA,1881,NA
James Bonwick,1817,1906,NA
Charles Booth,1840,1916,NA
W W Boreham,1804,1887,NA
Cunningham Borthwick,1813,1885,NA
Joseph Bosworth,1788,1876,NA
Beriah Botfield,1807,1863,NA
x Boucher de Crevecoeur de Perthes,1788,1868,NA
x Boudin,1806,1867,NA
George Boulton,NA,NA,NA
Brasseur de Bourbourg,1814,1874,NA
x Bourien,NA,NA,NA
Philip Bourjeaurd,NA,NA,NA
Sydney Edward Bouverie Bouverie-Pusey,1839,1911,NA
Frederick Bower,NA,NA,NA
Robert Bowie,NA,NA,NA
Thomas William Bowman,NA,1893,NA
John Bowring,1792,1872,NA
William Henry Wentworth Bowyer,1807,1872,NA
William Boxall,1800,1879,NA
William Binnington Boyce,1804,1889,NA
Jacob Boys,1796,1884,NA
Edward William Brabrook,1839,1930,NA
Frederick Braby,1830,1911,NA
Charles Holt Bracebridge,1799,1872,NA
Thomas Braddell,1823,1891,NA
Antonio Brady,1811,1881,1
James Brady,NA,NA,NA
P A Brady,NA,NA,NA
William Bragge,1823,1884,NA
George M Braggiotti,NA,NA,NA
Thomas Henry Brain,NA,NA,NA
Charles Brainsford,NA,NA,NA
Thomas Brankstone,NA,NA,NA
Frank William Breach,NA,NA,NA
A C Brebner,NA,1873,NA
James Brebner,1793,1874,NA
William Brent Brent,NA,1857,NA
Charles Brett,NA,1878,NA
D J Breuneis,NA,NA,NA
J S Brickwood,NA,NA,NA
Edmund J Bridell,NA,NA,NA
John Briggs,1785,1875,NA
Lindsay Brine,1834,1906,NA
John Brinton,1827,1914,NA
Bernard Edward Brodhurst,1822,1900,NA
Benjamin Collins Brodie,1783,1862,NA
David Brodie,1821,1909,NA
P B Brodie,NA,NA,NA
Frederick Brome,NA,1870,NA
James Brooke,1803,1868,NA
Henry (1) Brookes,NA,NA,NA
Henry (2) Brookes,NA,NA,NA
William Brookes,NA,NA,NA
x Brougham,1778,1868,NA
Charles Cornish Brown,1846,1875,NA
Edward Brown,NA,NA,NA
Edwin Brown,1818,1876,NA
Edwin Ormond Brown,NA,NA,NA
George W  (1) Brown,NA,NA,NA
James Roberts Brown,NA,NA,NA
John Brown,1801,1879,NA
John Allen Brown,1831,1903,NA
John Harcourt Brown,NA,NA,NA
x Brown-Sequard,1817,1894,NA
J  Cave Browne,NA,NA,NA
Thomas Henry Browne,NA,NA,NA
Robert Bruce,NA,NA,NA
Ernst Wilhelm Ritter von Brucke,1819,1892,NA
Henry Brunskill,NA,NA,NA
George Bryant,NA,NA,NA
Walter Buchannan,1797,1883,NA
Ludwig Buchner,1824,1899,NA
James Silk Buckingham,1786,1855,NA
W E Buckley,NA,NA,NA
James Buckman,1818,1884,NA
William Bull,1828,1902,1
James Wentworth Buller,1798,1865,NA
Henry Christopher Bunkell,1829,1903,NA
x Bunsen,1791,1860,NA
Henry Burden,1835,1893,NA
Daniel Earl Burdett,NA,NA,NA
August Friedrich Marschall von Burgholzhausen,1804,1887,NA
John Smith Burke,NA,1868,NA
Luke Burke,NA,1885,NA
Hermann Burmeister,1807,1892,NA
Samuel Burton,NA,NA,NA
Johann Karl Eduard Buschmann,1805,1880,NA
George Busk,1807,1886,NA
William John Busteed,1836,1914,NA
Henry Butler,1838,NA,NA
James Butler,NA,NA,NA
Charles Buxton,1823,1871,1
Isaac Byerley,1814,1897,NA
George Byham,1826,NA,NA
John O'Connell Byrne,NA,NA,NA
Oliver Byrne,1810,1890,NA
Benjamin Bond Cabbell,1782,1874,NA
Henry Callaway,1817,1890,NA
Thomas Callaway,1822,1869,NA
John Calman,NA,NA,NA
Luigi Calori,1807,1896,NA
Frank Calvert,1828,1908,NA
George Calvert,NA,NA,NA
Charles Duncan Cameron,NA,1870,NA
Archibald Campbell,1805,1874,NA
Francis Campbell,1798,1877,NA
George (1) Campbell,1824,1892,NA
George (2) Campbell,NA,NA,NA
Henry Campbell,NA,NA,NA
James Campbell,NA,NA,NA
Montgomery Campbell,NA,NA,NA
Robert Campbell,1829,1884,NA
T A Campbell,NA,NA,NA
Walter Campbell,NA,NA,NA
Francis Campin,NA,NA,NA
William Camps,NA,1887,NA
Thomas Cannon,NA,NA,NA
Jean-Francois Caplin,1790,1872,NA
Charles Capper,1822,1869,NA
Charles Napoleon de Cardi,1844,1906,NA
William D Carey,1837,1917,NA
John Burford Carlill,1814,1874,NA
Frederick Stanley Carpenter,1817,1890,NA
Robert Carrington,NA,NA,NA
George Carter,NA,NA,NA
Samuel Cartwright,1789,1864,NA
Facundo Carulla,NA,NA,NA
Carl Gustav Carus,1789,1869,NA
John Cassell,1817,1865,NA
FranÃ§ois Louis Nompar de Caumont La Force Castelnau,1810,1880,NA
Henry James Castle,NA,NA,NA
Daniel de Castro,NA,NA,NA
George Catlin,1796,1872,NA
John Cavafy,1838,1901,NA
Richard Cavendish,1794,1876,NA
"Antonio de La, jun Cerda",1834,1885,NA
Edwin Chadwick,1800,1890,NA
Hugo Mavesyn Chadwick,1793,1854,NA
John Henry Challis,1806,1880,NA
William Chamberlin,NA,NA,NA
Charles Harcourt Chambers,1826,1876,NA
Escott Chambers,NA,NA,NA
William Chambers,1809,1882,NA
James Champley,NA,1888,NA
Frank Chance,1825,1897,NA
David Charles,1812,1878,NA
Edward Charlesworth,1813,1893,NA
Henry Charlton,NA,1872,NA
William Charlton,1814,1880,NA
Frederick Chatfield,1801,1872,NA
Samuel Cheetham,1827,NA,NA
F W Chesson,NA,NA,NA
Hendrick Agnis Chignell,1833,1879,NA
William Dinsdale Child,NA,1879,NA
Robert Caesar Childers,1838,1876,NA
Robert Walker Childs,NA,NA,NA
Samuel Chinnery,1828,NA,NA
William Nathan Chipperfield,1822,1873,NA
P H Chittenden,NA,NA,NA
T J Cholmondeley,1818,1883,NA
William Dingle Chowne,1791,1870,NA
Henry Christy,1810,1865,1
Thomas junior Christy,NA,NA,NA
James Graham Churcher,NA,NA,NA
Henry Clare,NA,NA,NA
x Clarendon,1800,1870,NA
x Clark,NA,NA,NA
Henry Clark,NA,NA,NA
James Clark,1788,1870,NA
C Clarke,NA,NA,NA
Henry Wilberforce Clarke,1840,1905,NA
Hyde Clarke,1815,1895,NA
John Clarke,1802,1879,NA
Robert Clarke,NA,NA,NA
William Henry Claus,NA,NA,NA
William Aloysius Clavering,1800,1872,NA
T H  Jun Clay,NA,NA,NA
William Clay,1791,1869,1
John (1) Cleghorn,NA,NA,NA
John (2) Cleghorn,NA,NA,NA
John Cleland,1835,NA,NA
William James Clement,1802,1870,NA
John Clendinning,NA,NA,NA
H Clerk,NA,NA,NA
Maurice Philip Clifford,NA,NA,NA
William Clift,1775,1849,NA
Edward North Clifton,NA,NA,NA
F W Coates,NA,NA,NA
Henry Coates,NA,NA,NA
Thomas Coates,NA,NA,NA
Frederick Cock,NA,NA,NA
John jun Cock,NA,NA,NA
W  Spencer Cockings,NA,NA,NA
James Coke,NA,NA,NA
John Colam,1827,1910,NA
W P Colchester,NA,NA,NA
Henry Cole,1808,1882,NA
Richard Beverley Cole,1829,1901,NA
Vicat Cole,1833,1893,NA
Thomas Edward Colebrooke,1813,1890,NA
Edmund Walter Coleman,NA,1870,NA
John Sherrard Coleman,1828,1905,NA
x Collier,NA,NA,1
John Payne Collier,1789,1883,NA
Thomas Collings,1798,1869,NA
John Frederick Collingwood,1830,1923,NA
S  Edwin Collingwood,NA,NA,NA
W W Collins,NA,1880,NA
John (1) Collinson,1842,1922,NA
x Colonsay,1793,1874,NA
John Congreve,NA,NA,NA
John Conolly,1794,1866,NA
Moncure Daniel Conway,1832,1907,NA
Samuel John Cooke,NA,NA,NA
William Fothergill Cooke,1806,1879,NA
William Gifford Cookesley,1802,1880,NA
Daniel Cooper,1821,1902,NA
Frederick Cooper,NA,NA,NA
Holmes Coote,1817,1872,NA
George Ford Copeland,1810,1873,NA
H Copham,NA,NA,NA
Thomas Copings,NA,NA,NA
William C Copperthwaite,1809,1890,NA
Tullie Cornthwaite,1807,NA,NA
William Cory,NA,1868,NA
Frederick William Cosens,1819,1889,NA
Handel Cossham,1824,1890,NA
F L Cotton,NA,NA,NA
W Coulson,1795,1860,NA
Samuel Courtauld,1793,1881,NA
F G Courthope,NA,NA,NA
J  Jermyn Cowell,NA,NA,NA
Joseph jun Cowen,1829,1900,NA
Henry Augustus Cowper,NA,NA,NA
Irwin Edward Bainbridge Cox,1838,1922,NA
J W  Conrad Cox,NA,NA,NA
W T Cox,NA,NA,NA
James Coxe,1811,1878,NA
Arthur Edmund Crafter,1838,1884,NA
Henry Valentine Crassweller,NA,NA,NA
Thomas William Craster,1829,1888,NA
Tom junr Craston,NA,NA,NA
Robert Crawford,NA,NA,NA
Frederick A B Crawfurd,NA,NA,NA
John Crawfurd,1783,1868,NA
Oswald John Crawfurd,1834,1909,NA
W J Crichton,NA,NA,NA
George Critchett,1817,1882,NA
J  McGregor Croft,NA,NA,NA
Thomas Francis Dillon Croker,1831,1912,NA
J M Crolly,NA,NA,NA
A G Cross,NA,NA,NA
Henry Crowley,NA,1887,1
Jonathan Sparrow Crowley,1826,1888,NA
George Rayner Croxford,NA,NA,NA
Moore A Cuffe,NA,NA,NA
Richard Cull,NA,1892,NA
Henry Syer Cuming,1817,1902,NA
Richard S Cunliffe,NA,1879,NA
Alexander Cunningham,1814,1893,NA
Manockjee Cursetjee,1808,1887,NA
Edward Barrett Hodges Curteis,NA,1886,NA
John Cuthbert,NA,NA,NA
John Richmond Cuthbert,NA,1901,NA
George Cutler,NA,NA,NA
William Barrington D'Almeida,1841,1897,NA
Marie-Armand de Castera-Macaya D'Avezac,1798,1875,NA
Jean Baptiste Julien D'Omalius d'Halloy,1783,1875,NA
S J Da Costa,NA,NA,NA
x Daa,1809,1877,NA
T Dakin,NA,NA,NA
David Dale,1829,1906,1
G P Dall,NA,NA,NA
Eugene Dally,1833,1887,NA
G  Wythes Daniell,NA,NA,NA
William Freeman Daniell,1818,1865,NA
Robert Dukinfield Darbishire,1826,1908,NA
Frederick Whittock Darby,NA,NA,NA
Camille Dareste,1822,1899,NA
P  Francis Dart,NA,NA,NA
George Russell Dartnell,1799,1878,NA
Charles Darwin,1809,1882,NA
Erasmus (Ras) Darwin,1804,1881,NA
George Webbe Dasent,1817,1896,NA
Arthur Dashwood,NA,NA,NA
Samuel Davenport,1818,1906,NA
John George Davey,NA,NA,NA
John Davidson,NA,NA,NA
I Davie,NA,NA,NA
F  Drummond Davies,NA,NA,NA
Jesse Conway Davies,1822,NA,NA
William Davies,NA,NA,NA
Edmund Francis Davis,1845,1889,NA
Frederick E Davis,NA,NA,NA
George Henry Daw,NA,NA,NA
William Boyd Dawkins,1837,1929,NA
George Dawson,1821,1876,NA
Walter F Dawson,NA,NA,NA
G T Day,NA,NA,NA
Samuel Phillips Day,NA,NA,NA
John junr De Horne,NA,NA,NA
Octave Delepierre,1802,1879,NA
Walter Cooper Dendy,1794,1871,NA
George Denman,1819,1896,NA
George Dennis,1814,1898,NA
x Derby (formerly Stanley),1841,1908,NA
M Des Barres,1800,1885,NA
Jules Desnoyers,1800,1887,NA
Charles William Devis,NA,NA,NA
x Devonshire,1808,1891,NA
Hugh Welch Diamond,1809,1886,NA
George Dibley,NA,NA,NA
John jun Dickinson,NA,NA,NA
John Jun Dickinson,1782,1869,NA
Henry Dickman,NA,NA,NA
Charles Sheffield Dickson,NA,NA,NA
Peter Dickson,NA,NA,NA
Ernest Dieffenbach,1811,1855,NA
x Diezmann,NA,NA,NA
Charles Wentworth Dilke,1843,1911,NA
John Dingle,1812,1885,NA
Henry Distin,NA,NA,NA
Thomas J Dobson,NA,NA,NA
Jacob Ludwig Dohne,1811,1879,NA
William Donald,NA,NA,NA
John Donaldson,1845,1865,NA
x Donnell,NA,NA,NA
Cornelius Donovan,1820,1872,NA
Bernard Dorn,1805,1881,NA
James Dowie,NA,NA,NA
John Langdon H Down,1828,1896,NA
Alexander Downing,1843,1907,NA
Arthur Edward Downing,NA,NA,NA
Washington Downing,NA,NA,NA
James T J Doyle,NA,NA,1
D I Drakeford,NA,NA,NA
James F Draper,NA,1876,NA
Gustavus Dressler,NA,NA,NA
Robert A Drew,NA,1868,NA
H Driver,NA,1868,NA
John Drummond,1793,1875,NA
Paul Belloni Du Chaillu,1831,1903,NA
C A Du Val,1810,1872,NA
Gustaf Von Duben,1822,1892,NA
x Dublin,1787,1863,NA
Frederick Duckworth,NA,NA,NA
Henry Duckworth,NA,NA,NA
Samuel Duckworth,NA,NA,NA
William Duckworth,1795,1876,NA
R E Dudgeon,1820,1904,NA
Reginald R Dudley,NA,NA,NA
J R Duggan,1903,NA,NA
W N Duggan,NA,NA,NA
Emile Duhousset,1823,NA,NA
Conrad C Dumas,1832,1891,NA
x Dumon,NA,NA,NA
Alexander Duncan,1819,1887,NA
David Duncan,1839,1923,NA
Francis Duncan,1836,1888,NA
Peter Martin Duncan,1824,1891,NA
R  Murray Dundas,NA,NA,NA
Alfred John Dunkin,1812,1879,NA
Alexander Milne Dunlop,1841,1897,NA
R H W Dunlop,NA,NA,NA
Robert Dunn,1799,1877,NA
x Dunraven & Mountearl,1812,1871,NA
Patrick Frederick Durham,NA,NA,NA
Robert Dyce,1798,1869,NA
William Thistleton Dyer,NA,NA,NA
Robert Eadie,NA,NA,NA
George Windsor Earl,1813,1865,NA
William Eassie,1832,1888,NA
Joseph William Eastwood,1828,1916,NA
Alexander Ecker,1816,1887,NA
Conrad Eckhard,1822,1905,NA
Casper W Eddy,NA,NA,NA
Thomas Edmonston,NA,NA,NA
J  Passmore Edwards,1823,1911,NA
John Edwards,NA,NA,NA
William Edwards-Schneegans,NA,NA,NA
Charles William Eeles,NA,NA,NA
Francis Egerton,1800,1857,NA
George Granville Francis Egerton,1823,1862,NA
x Egypt,1822,1863,NA
John Elder,1824,1869,NA
x Eliot,NA,NA,NA
John Ellerton,1840,1923,NA
Walter Elliot,1803,1887,NA
J H Elliott,NA,NA,NA
C H  Fairfax Ellis,NA,NA,NA
James Ellis,NA,NA,NA
Jonathan W Elmes,NA,NA,NA
John Elphinstone,NA,1854,NA
Mountstuart Elphinstone,1779,1859,NA
Joel Emanuel,NA,NA,NA
Jacob Epstein,NA,NA,NA
John E Erichsen,1818,1896,NA
Victor Erlanger,1840,1894,NA
William Erle,1793,1880,NA
Adolf Ernst,1832,1899,NA
Kennedy Erskine,1828,1870,NA
x Euclide,NA,NA,NA
William Euing,1788,1874,NA
Edward Bickerton Evans,1819,1893,NA
John Evans,1823,1908,NA
Richard Tonson Evanson,1800,1871,NA
William Ewart,1798,1869,NA
Arthur B Ewen,1838,NA,NA
Edward John Eyre,1815,1901,NA
William Fairbairn,1789,1874,NA
R W Fairbank,1839,1890,NA
Edmund Farmer,NA,NA,NA
x Farquharson,NA,NA,NA
Adam Storey Farrar,1826,1905,NA
J G Faught,NA,NA,NA
Adolphe Duchart Fauvet,NA,NA,NA
Frederick Fearon,1826,NA,NA
W S Featherstone,NA,NA,NA
Alexis Fedschenko,1844,1873,NA
George Edgeworth Fenwick,1825,1894,NA
William Ferguson,1820,1887,NA
John Fergusson,NA,NA,NA
Leopold Ferny,NA,NA,NA
Alexander Fiddes,NA,1870,NA
Edwin Foxton Firby,NA,NA,NA
Frederick Firebrace,NA,1917,NA
James Firm,NA,NA,NA
James (1) Fischer,1832,1873,NA
Robert Fischer,NA,1911,NA
Edward Gardiner Fishbourne,NA,NA,NA
Anthony Lax Fisher,NA,NA,NA
Morton Coates Fisher,NA,NA,NA
Robert Fitzroy,1805,1865,NA
F H Fitzwilliam,NA,NA,NA
William S Fitzwilliam,NA,NA,NA
George Fleming,1833,1901,NA
James William Fleming,NA,NA,NA
John B Fletcher,NA,NA,NA
Joseph Fletcher,NA,1852,NA
Alphonse de Fleuriot de Langle,1809,1881,NA
Walter Flight,1841,1885,NA
John Wickham Flower,1807,1873,NA
John Folhurst,NA,NA,NA
George Folsom,1802,1869,NA
David Forbes,1828,1876,NA
Duncan W Forbes,NA,NA,NA
W Forester,NA,NA,NA
Joseph James Forrester,NA,NA,NA
Richard Fort,1822,1868,NA
G A Forteath,1819,1862,NA
Balthazar Walter Foster,1840,1913,NA
M Foster,1836,1907,NA
Robert Nicholas Fowler,1828,1891,1
William Fowler,NA,NA,1
Charles Henry Fox,NA,NA,1
William Henry Francklyne,NA,NA,NA
Augustus Wollaston Franks,1826,1897,NA
Alexander Adolphus Fraser,NA,NA,NA
Alexander Colvin Fraser,NA,NA,NA
Thomas Fraser,1808,1891,NA
Henry Stanhope Freeman,1831,1865,NA
x Freme,NA,NA,NA
Sydney French,NA,NA,NA
H  Albert Freuler,NA,NA,NA
William Freund,1806,1894,NA
John Friend,NA,NA,NA
Anton Fritsch,1832,1913,NA
Danby Palmer Fry,1818,1903,NA
Stephen D Fuller,1839,1912,NA
A  de Fullner,NA,NA,NA
Michael Cudmore Furnell,1829,1888,NA
Albert Fytche,1820,1892,NA
Paolo Gaddi,1806,NA,NA
Richard M Gage,NA,NA,NA
Griffin Curtis Galt,NA,NA,NA
Douglas Galton,1822,1899,NA
Francis Galton,1822,1911,NA
Antonio Garbiglietti,1807,1887,NA
Felix Garden,NA,NA,NA
John Gardiner,1814,1868,NA
C T Gardner,NA,NA,NA
Charles Henry Gardner,NA,1872,NA
E V Gardner,NA,NA,NA
Peter Gardner,NA,1872,NA
William H Garrett,NA,NA,NA
Thomas B Gascoyne,NA,NA,NA
John Peter Gassiot,1797,1877,NA
Charles Henry Gatty,1836,1903,NA
J Gaus,NA,NA,NA
x Gawler,1795,1869,NA
David Gay,1826,NA,NA
Alex  Nidda Genthe,NA,1870,NA
x Georgei,NA,NA,NA
Paul Gervais,1816,1879,NA
George Duncan Gibb,1821,1876,NA
Craig Gibson,1813,1874,NA
George Stacey Gibson,1818,1883,1
Enrico Hillyer Giglioli,1845,1909,NA
Joseph Gill,NA,NA,NA
William Gillespie,NA,1875,NA
Andrew Gilmour,NA,1910,NA
x Giraldes,1808,1875,NA
James William Glass,1825,1857,NA
x Glasse,NA,NA,NA
Spyridon Glaucopides,NA,NA,NA
Albert Gledstanes,NA,NA,NA
J  S  Stuart Glennie,1841,1910,NA
John Hawley Glover,1829,1885,NA
George Grenfell Glyn,1824,1887,NA
Edwin Goadby,1837,NA,NA
x Gobineau,1816,1882,NA
William Goddard,1839,1907,NA
Thomas Godrich,NA,NA,NA
Augustus Goldsmid,1818,1874,NA
Isaac Lyon Goldsmid,1778,1859,NA
Thomas Gole,NA,NA,NA
Thomas Gooch,NA,NA,NA
William Gooch,NA,NA,NA
Charles Rowland Goodman,NA,NA,NA
Arthur Gordon Gordon,NA,NA,NA
Richard Thomas Gore,1799,1881,NA
A L  (pere) Gosse,1791,1873,NA
Hippolyte-Jean Gosse,1834,1901,NA
John Gould,1804,1881,NA
Charles Edward Gover,1835,1872,NA
James Gowans,1821,1890,NA
D G Goyder,1796,1878,NA
x Granville,1833,1900,NA
Pierre Gratiolet,1815,1865,NA
John Grattan,NA,NA,NA
Ryves William Graves,NA,1882,NA
John Grayling,NA,NA,NA
Frederick Green,NA,NA,NA
Frederick King Green,1842,1915,NA
George Courthope Green,NA,1875,NA
Sidney Faithhorn Green,1841,1916,NA
George Bellas Greenough,1778,1855,NA
Henry Greenway,NA,NA,NA
William Greenwell,1820,1918,NA
Edward Greey,1835,1888,NA
William Rathbone Greg,1809,1881,NA
Alexander Gregg,1819,1893,NA
Walter Gregor,1825,1897,NA
J R Gregory,NA,NA,NA
Charles Edward Grey,1785,1865,NA
George Grey,1812,1898,NA
Henry Rowland Ellison Grey,1834,1909,NA
x Gribble,1807,1878,NA
H G Gridley,1820,NA,NA
Frederick Griffin,1813,1885,NA
Lepel Griffin,1838,1908,NA
John Griffith,NA,NA,NA
Richard Trygarn Griffith,1788,1866,NA
Francis Griffiths,NA,NA,NA
J C Griffiths,NA,NA,NA
Richard Clewin Griffiths,NA,NA,NA
James Oliff Griffits,1821,NA,NA
John Grover,NA,NA,NA
Charles Groves,1793,1866,NA
Joseph Tatton Russell Groves,NA,NA,NA
Augustus Guest,NA,NA,NA
William Vernon Guise,1816,1887,NA
John Gunn,1801,1890,NA
Henry Francis Jeune Guppy,NA,NA,NA
Samuel Guppy,1790,1875,NA
John Henry Gurney,1819,1890,1
Alexander Guthrie,1796,1865,NA
James Guthrie,NA,1900,NA
Johann Franz ('Julius') Haast,1822,1887,NA
Johann Georg Hahn,NA,NA,NA
William Hall,NA,NA,NA
Henry Hallam,1777,1859,NA
Ernst Hallier,1831,1904,NA
Alexander C Hamilton,NA,NA,NA
Archibald Hamilton,1818,1880,NA
Rowland Hamilton,NA,NA,NA
C D Hammond,NA,NA,NA
William Alexander Hammond,1828,1900,NA
Henry Fletcher Hance,1827,1886,NA
H J B Hancock,NA,NA,NA
James Ronaldson Handyside,1798,1873,NA
Richard Davis Hanson,1805,1876,NA
Edward B Harbour,NA,1865,NA
Clarence Harcourt,NA,1909,NA
Charles Harding,NA,NA,NA
William Harding,1809,1890,NA
William Hardman,1828,1890,NA
Charles J Harland,NA,NA,NA
Henry Harland,NA,NA,NA
C E Harle,NA,NA,NA
Thomas Harlin,1832,1913,NA
J A W Harper,NA,NA,NA
Samuel Harraden,NA,NA,NA
F W Harrer,NA,NA,NA
Arthur B Harris,NA,NA,NA
James Penn Harris,1817,1892,NA
William Cornwallis Harris,1807,1848,NA
Charles (1) Harrison,NA,NA,NA
William G S Harrison,NA,NA,NA
William Henry Harrison,1840,1897,NA
Alfred Edmund Harriss,NA,NA,NA
Ernest Abraham Hart,1835,1898,NA
John Harvey,NA,NA,NA
John E Harvey,NA,1879,NA
Frederick Augustus Haserick,1828,1902,NA
James Hastie,1848,1897,NA
John Hastings,NA,NA,NA
Richard Haughton,1782,1867,NA
Samuel Foster Haven,1806,1881,NA
George Hawkins,NA,NA,NA
Walter Hawkins,NA,NA,NA
John Hay,NA,NA,NA
W E Hay,NA,NA,NA
Ferdinand Vandeveer Hayden,1829,1887,NA
Thomas Hayle,1808,1886,NA
R W Haynes,NA,NA,NA
William Stephens Hayward,1835,1870,NA
Edward Charles Healey,1845,1906,NA
Dunbar Isidore Heath,1816,1888,NA
G J D Heath,NA,1880,NA
John Heaton,1818,1897,NA
Alexander Hector,1810,1875,NA
Peter Christian Heldman,1808,1866,NA
W G Helsby,1828,1891,NA
Alexander Henderson,1804,NA,NA
David Mitchell Henderson,NA,NA,NA
P Henderson,NA,NA,NA
Robert Henderson,1811,1871,NA
Alfred Gutteres Henriques,1829,1908,NA
Joseph Henry,1797,1878,NA
M H Henry,NA,NA,NA
James Hepburn,1811,1869,NA
Robert Hepburn,NA,NA,NA
John Mason Hepworth,NA,NA,NA
Henry A Hertz,NA,NA,NA
Maximilian Herz,1837,1890,NA
Matthew Heslop,NA,NA,NA
T P Heslop,NA,NA,NA
B Hewitt,NA,NA,NA
Jonas B Hewitt,NA,NA,NA
Alfred Hewlett,1831,1918,NA
James Heywood,1810,1897,NA
James Higgin,NA,NA,NA
Alfred Higgins,NA,NA,NA
x Hildebrand,1838,1925,NA
Arthur Hill,NA,NA,NA
Dallas Hill,NA,NA,NA
George Hill,NA,NA,NA
L  Doake Hill,NA,NA,NA
R  Harvey Hilliard,NA,NA,NA
J Hillier,NA,NA,NA
x Hincks,1794,1871,NA
Benjamin Hinde,NA,NA,NA
Frederick Hindmarsh,NA,1875,NA
George T Hine,NA,NA,NA
August Hirsch,1817,1894,NA
Wilhelm His,1831,1904,NA
x Hitchman,1805,1867,NA
W Hitchman,1817,1889,NA
W G E Hobbs,NA,NA,NA
F H Hobler,NA,NA,NA
von Hochstetter,1829,1884,NA
Thomas Hodge,NA,NA,NA
Thomas (1) Hodgkin,1798,1866,1
Brian Houghton Hodgson,1801,1894,NA
Kirkman Daniel Hodgson,1814,1879,NA
"x Hoeven, Van der",1801,1868,NA
Carl Alphonse Hoffman,NA,NA,NA
J W Holgate,NA,NA,NA
Jennings Holgate,NA,NA,NA
James Holland,NA,NA,NA
Robert Hollond,1808,1877,NA
x Holmberg,1818,1864,NA
H N Holme,NA,NA,NA
William Holmes,NA,NA,1
H  le Hon,1809,1872,NA
T H Hood,NA,NA,NA
Joseph Hooker,1817,1911,NA
Frederick William Hope,1797,1862,NA
James Hope,NA,NA,NA
John Baker Hopkins,1830,1888,NA
W J S Horton,NA,NA,NA
John Camden Hotten,1832,1873,NA
Henry Hotze,1833,1887,NA
x Houghton,1809,1885,NA
Alfred Robert Houghton,NA,NA,NA
Edward Price Houghton,NA,NA,NA
Frederick Hovenden,1838,1911,NA
Alfred How,NA,NA,NA
C F Howard,NA,NA,NA
W T Howard,NA,NA,NA
H W Howarth,NA,NA,NA
Oswald Bloomfield Howell,NA,NA,NA
Henry Hoyle Howorth,1842,1923,NA
Charles William Hoyland,1808,1889,NA
F Hudson,NA,NA,NA
Henry Hudson,NA,1889,NA
Robinson Hudson,NA,1867,NA
Richard Hughes,1836,1902,NA
T A Hughes,NA,NA,NA
Thomas McKenny Hughes,1832,1917,NA
Hamilton J Hulcee,NA,NA,NA
Thomas Humble,NA,1878,NA
"Alexander Humboldt, Von",1769,1859,NA
Augustus H Hunt,1849,NA,NA
George S  Lennon Hunt,NA,NA,NA
James Hunt,1833,1869,NA
John (1) Hunt,NA,NA,NA
John (2) Hunt,NA,1879,NA
William Wilson Hunter,1840,1900,NA
Frank J Husband,NA,NA,NA
H A Husband,NA,NA,NA
G A Hutchinson,NA,NA,NA
Jonathan Hutchinson,1828,1913,1
Thomas Henry Huxley,1825,1895,NA
Josef Hyrtl,1810,1894,NA
Walter Hyslop,NA,NA,NA
William Imrie,1836,1906,NA
Joseph Ince,1826,1907,NA
Robert Ingham,1793,1875,NA
John Inglis,1808,1891,NA
Robert M Inman,NA,NA,NA
A Ioannides,NA,NA,NA
Arthur Constantine Ionides,1810,1890,NA
J  Clayfield Ireland,NA,NA,NA
Alexander Isbester,1822,1883,NA
x Isenburg,NA,NA,NA
George James Ivey,NA,NA,NA
Frederick R Izard,NA,NA,NA
Henry (the father) Jackson,1806,1866,NA
Henry (the son) Jackson,1839,1921,NA
Henry Willan Jackson,1842,1914,NA
Henry William (1) Jackson,NA,NA,NA
J  Hughlings Jackson,1835,1911,NA
J W Jackson,NA,1872,NA
Le Grand Jacob,1805,1881,NA
x Jagor,1816,1900,NA
George Alexander James,NA,1868,NA
Horatio Gay James,NA,NA,NA
F H Janson,NA,NA,NA
William Jardine,1800,1874,NA
John Jarratt,NA,NA,NA
John Moore Jeffcott,1816,1892,NA
Frederick John Jeffery,NA,NA,NA
William S Jeffery,NA,NA,NA
Edmund Jeffries,NA,NA,NA
Charles Jellicoe,1804,1882,NA
Newton Edward Jennings,1840,1901,NA
William Jennings,1847,1927,NA
Leonard Jenyns LATER Blomefield,1800,1893,NA
William Jepson,NA,NA,NA
C Jervise,NA,NA,NA
Henry Edward Jessop,NA,NA,NA
Augustus Jessopp,1823,1914,NA
George Curling Joad,1837,1881,NA
Arthur Johnson,NA,NA,NA
Henry Johnson,NA,NA,NA
Henry James Johnson,NA,NA,NA
Henry Moreton Johnson,NA,NA,NA
Richard Johnson,NA,NA,NA
J C  Hope Johnstone,NA,NA,NA
x Johore,1833,1895,NA
C  Treasure Jones,NA,NA,NA
J  Pryce Jones,NA,NA,NA
James Jones,NA,NA,NA
John Jones,NA,NA,NA
Robert Jones,NA,NA,NA
W T Jones,NA,NA,NA
William Jones,NA,NA,NA
William Arthur Jones,1818,1873,NA
William Jordan,NA,NA,NA
Algernon Joy,NA,NA,NA
Ernst Juch,1838,1909,NA
Francisco Delgado Jugo,NA,NA,NA
J  Beete Jukes,1811,1869,NA
J Kaines,NA,NA,NA
x Kalmus,NA,NA,NA
G Kasimates,NA,NA,NA
x Kaup,1803,1873,NA
J W  (1) Kaye,NA,NA,NA
J W  (2) Kaye,1840,NA,NA
William Keene,1798,1872,NA
Walter K Kelly,NA,NA,NA
William Kelly,1813,1872,NA
William Henry Kemm,1783,1859,NA
T M Kendall,NA,NA,NA
James (1) Kennedy,NA,NA,NA
Richard Hartley Kennedy,NA,NA,NA
Claude Buchanan Ker,1867,1925,NA
James Kernahan,1827,1875,NA
W B Kesteven,NA,1891,NA
Nicolai de Khanikof,1819,1878,NA
Joshua Edward Killick,NA,NA,NA
William Kincaid,1831,1909,NA
David King,NA,1866,NA
Edwin Holborow King,NA,1900,NA
Joseph Charles King,NA,NA,NA
Richard King,1811,1876,NA
S W King,NA,NA,NA
William King,1809,1886,NA
Phillip Kingsford,NA,NA,NA
Charles Kingsley,1819,1875,NA
W R H Kinlay,NA,NA,NA
David Kinloch,NA,NA,NA
Robert Reid Kirkwood,NA,NA,NA
Andrew Valentine Kirwan,1801,1870,NA
Richard Kirwan,1828,1872,NA
Samuel Kisch,NA,NA,NA
J L Knapp,NA,NA,NA
William Knight,NA,NA,NA
Robert Knox,1791,1862,NA
de Koninck,1809,1887,NA
Isidor Kopernicki,1825,1891,NA
x Koren,NA,NA,NA
Samuel Harley Kough,NA,NA,NA
Alfred von Kremer,1828,1889,NA
William White La Barte,1824,1904,NA
George Lade,NA,NA,NA
Samuel Laing,1812,1897,NA
Thomas Josiah Laing,1810,1880,NA
Thomas Lampray,NA,NA,NA
Jones Lamprey,1824,1900,NA
John Lancaster,1815,1884,NA
T A  Augustus Land,NA,NA,NA
Edwin Lander,NA,NA,NA
Vavasour Joseph Lane,1837,1873,NA
Augustus Henry Lane Fox later Pitt Rivers,1827,1900,NA
Andrew Lang,1844,1912,NA
Samuel Lang,NA,NA,NA
William Lang,NA,NA,NA
J Langlands,NA,NA,NA
R Langlands,NA,NA,NA
J R Langley,NA,NA,NA
Edouard Lartet,1801,1871,NA
Robert Gordon Latham,1812,1888,NA
William Latta,1843,1871,NA
John Zachariah Laurence,1829,1870,NA
Thomas Laurie,NA,NA,NA
Joseph Law,NA,1897,NA
Edward Lawford,1820,1899,NA
Edward (1) Lawrence,1825,1909,NA
Frederick Lawrence,1821,1867,NA
John Lawrence,NA,NA,NA
William Lawrence,1783,1867,NA
J Lawson,NA,1870,NA
William Lawson,NA,NA,NA
Henry N Lay,NA,NA,NA
Austen Henry Layard,1817,1894,NA
x Layland,NA,NA,NA
x Le Bret,NA,NA,NA
Edwin Lee,NA,NA,NA
Frederick George Lee,1832,1902,NA
George Byrne Lee,NA,NA,NA
John Lee (2),1783,1866,NA
John Edward Lee,1808,1887,NA
Richard Lee,NA,NA,NA
Conrad Leemans,1809,NA,NA
Samuel Lees,NA,NA,NA
J G S Lefevre,NA,NA,NA
x Lefroy,1817,1890,NA
William Benjamin Leggatt,NA,NA,NA
Louis Leguay,NA,NA,NA
Joseph Leidy,1823,1891,NA
Henry Leighton,NA,NA,NA
x Lelorrain,NA,NA,NA
Arthur Charles Wriothesley Lennox,1842,1876,NA
Richard Lepsius,1810,1884,NA
Samuel Allen Letts,1839,1910,NA
Karl Georg Friedrich Rudolf Leuckart,1822,1898,NA
W  Hanks Levy,NA,NA,NA
Malcolm Lewin,NA,1869,NA
Charles Francis Lewis,NA,NA,NA
James Lewis,NA,NA,NA
x Library of the Corporation of London,NA,NA,NA
Charles Linder,NA,NA,NA
Gustaf Lindstrom,1829,1901,NA
John Lister,1802,1867,NA
Joseph Lister,1827,1912,1
x Literary and Philosophical Society,NA,NA,NA
F T Littey,NA,NA,NA
W J Little,NA,NA,NA
Robert Liveing,1834,1919,NA
David Lloyd,NA,NA,NA
Edmund Lloyd,NA,NA,NA
Francis Lloyd,NA,NA,NA
William Horton Lloyd,NA,NA,1
James L Lobley,1833,1913,NA
William Lockhart,1811,1896,NA
Joseph Norman Lockyer,1836,1920,NA
Abraham Logan,1816,1873,NA
J R Logan,1819,1869,NA
x Londesborough,1834,1900,NA
"Corporation Library London, City of",NA,NA,NA
William Long,1817,1886,NA
William Longman,1813,1877,NA
Henry Lonsdale,1816,1876,NA
Edward Lord,1812,1875,NA
J K Lord,NA,NA,NA
Horatio Love,NA,1882,NA
Basil Lovery,NA,1897,NA
x Lovewell,NA,NA,NA
Mark Anthony Lower,1814,1876,NA
D Lubach,1815,1902,NA
John Lubbock,1834,1913,NA
Johann Constantin August Lucae,1835,1911,NA
Thomas Lucas,1843,1917,NA
William Charles Lucy,1822,1898,NA
J W Lukis,1816,1894,NA
William Collings Lukis,1817,1892,NA
Edward Lund,1823,1898,NA
John Alfred Lush,1815,1888,NA
Coryndon H Luxmoore,NA,NA,NA
Philip Powys Lybbe Lybbe,1818,1897,NA
Charles Lyell,1797,1875,NA
Henry Bowden Lyle,1843,1887,NA
William Hunter Lyle,NA,NA,NA
John Macartney,NA,NA,NA
D G F Macdonald,1823,1884,NA
William MacDonald,1798,1875,NA
John Gray Macfarlane,NA,NA,NA
G Macgowan,NA,NA,NA
John Mackenzie,NA,NA,NA
K Mackenzie,NA,NA,NA
Kenneth Robert Henderson Mackenzie,1833,1886,NA
Samuel Joseph Mackie,1823,1902,NA
Draper Mackinder,NA,NA,NA
Lauchlan Mackinnon,1817,1888,NA
Charles E Mackintosh,NA,NA,NA
Daniel Mackintosh,1815,1891,NA
David Mackintosh,NA,NA,NA
J Mackrell,NA,NA,NA
Charles Donald Maclean,NA,NA,NA
Hector Maclean,1818,1893,NA
Samuel Maclean,1818,1864,NA
George Macleay,1809,1891,NA
Andrew Maclure,1813,1886,NA
Charles James Major,NA,NA,NA
Charles Malcolm,1782,1851,NA
William Elphinstone Malcolm,1817,1907,NA
Alfred Mallalieu,NA,NA,NA
Filippo Manetta,NA,NA,NA
Robert James Mann,1817,1886,NA
Angelo Manzoni,NA,NA,NA
Clements Robert Markham,1830,1916,NA
W T Marriott,1834,1903,NA
Robert C Marsden,NA,1865,NA
Matthew Henry Marsh,1810,1881,NA
x Marshale,NA,NA,NA
George William Marshall,1839,1905,NA
Peter Marshall,NA,NA,NA
Robert Marshall,NA,NA,NA
William Marshall,1796,1872,NA
Benbow Backhouse Marson,1830,1887,NA
Edward Martin,NA,NA,NA
Edward W Martin,NA,NA,NA
H  Victor Martin,1811,1901,NA
J  Ranald Martin,1793,1874,NA
John (2) Martin,1812,1874,NA
Richard Biddulph Martin,1838,1916,NA
Thomas Martin,NA,NA,NA
x Martin-Magron,1810,1872,NA
Nicholas Martindale,NA,NA,NA
James Wood Mason,1846,1893,NA
Joseph Mason,NA,NA,NA
W Mason,NA,NA,NA
Hervy Masterson,NA,NA,NA
James Mathieson,NA,NA,NA
Henry Matthews,1826,1913,NA
Henry Garland Matthews,1838,1908,NA
Samuel E Maunsell,NA,NA,NA
Edward V Maur,1804,1885,NA
Alfred Maury,1817,1892,NA
George Maw,1832,1912,NA
Daniel Maxwell,NA,NA,NA
Nicholas M Maxwell,NA,NA,NA
Peter Benson Maxwell,1817,1893,NA
Edward Hooper May,1831,1914,NA
Thomas May,NA,NA,NA
John Edwin Mayall,1813,1901,NA
Joseph Mayer,1803,1886,NA
William Frederick Mayers,1831,1878,NA
Thomas Mayne,NA,NA,NA
John S Mayson,1825,NA,NA
Alexander McArthur,1814,1909,NA
Andrew McCallum,NA,NA,NA
Arthur Edward McCallum,NA,NA,NA
James McClelland,1799,1879,NA
John McCormick,NA,NA,NA
William McCoskry,NA,NA,NA
James McCraith,NA,NA,NA
James McCrevey,NA,1870,NA
John McDonnell,1839,1879,NA
George McHenry,NA,NA,NA
John Ferguson McLennan,1827,1881,NA
Walter McLeod,NA,NA,NA
John Frederick McNair,1828,1910,NA
H McNicholl,NA,NA,NA
Barr Meadows,NA,NA,NA
Thomas Taylor Meadows,1815,1868,NA
John Medd,NA,NA,NA
William H Medd,NA,NA,NA
Charles William Carter Madden Medlicott,1839,NA,NA
James Aitken Meigs,1829,1879,NA
John Magens Mello,1836,1903,NA
Robert Menzies,NA,NA,NA
Evan Powell Meredith,1811,1889,NA
Etienne Gustave Mery,NA,NA,NA
Edward Meryon,NA,NA,NA
Samuel Messenger,NA,NA,NA
Samuel Rush Meyrick,1783,1848,NA
Alexander Michie,1833,1902,NA
J Middleton,NA,NA,NA
John M  (or H ) Middleton,NA,NA,NA
Louis Remy Mignot,1831,1870,NA
Franciscus Miklosich,1813,1891,NA
William Augustus Miles,NA,NA,NA
John Mill,NA,NA,NA
John Miller,NA,NA,NA
Joseph Milligan,1807,1884,NA
Henry F Mills,NA,NA,NA
J M C Mills,NA,NA,NA
A Milne,NA,NA,NA
Thomas Milne,NA,NA,NA
Henri Milne-Edwards,1800,1885,NA
W R Milner,NA,1868,NA
x Milton,1839,1877,NA
B G Miraglia,1814,1885,NA
J B Mirrlees,NA,NA,NA
Albert Mitchell,NA,NA,NA
Alexander (1) Mitchell,1831,1873,NA
Arthur Mitchell,1826,1909,NA
William Henry Mitchell,NA,NA,NA
William Stephen Mitchell,NA,NA,NA
Rajendralala Mitra,1823,1891,NA
St George J Mivart,NA,NA,NA
C  Poorooshottum Modeliar,NA,NA,NA
Robert G Moger,NA,NA,NA
Matthew Moggridge,1803,1882,NA
Alexander Moir,NA,NA,NA
J  Macrae Moir,1825,1881,NA
Jakob Moleschott,1822,1893,NA
Frederick William Monk,NA,NA,NA
William Monk,NA,NA,NA
J Monro,NA,NA,NA
Frederick Butler Montgomerie,1833,NA,NA
Patrick Montgomery,NA,NA,NA
Robert Mortimer Montgomery,NA,NA,NA
John Moody,NA,NA,NA
x Moon,NA,NA,NA
George Moore,1803,1880,NA
Henry Reginald Moore,NA,NA,NA
J  Daniel Moore,NA,NA,NA
James H Moore,NA,NA,NA
John (1) Moore,NA,1882,NA
John (2) Moore,NA,NA,NA
Joseph Moore,NA,1856,NA
Robert Waters Moore,1819,1884,NA
William Gosling Moore,NA,NA,NA
Modeliar P S Mootoosaumy,NA,NA,NA
Fortescue John Morgan,NA,NA,NA
John Morgan,NA,NA,NA
Thomas H Morgan,NA,NA,NA
William Henry Morgan,NA,NA,NA
Thomas B Moriarty,NA,NA,NA
Alexander Morison,1779,1866,NA
James Cotter Morison,1832,1888,NA
Charles Adolphe Morlot,1820,1867,NA
David Morris,NA,NA,NA
Edward Morris,NA,NA,NA
Edward Rowley Morris,1828,1893,NA
Eugene Morris,NA,NA,NA
H C  Grove Morris,NA,NA,NA
J P Morris,NA,NA,NA
John Morris,1823,1905,NA
Richard Morris,NA,NA,NA
James Holmes Morrison,1842,1917,NA
Richard James ('Zadkiel') Morrison,1795,1874,NA
Walter Morrison,1836,1921,NA
Edward John Morshead,1839,1902,NA
John Mortimer,NA,1871,NA
John Robert Mortimer,1825,1911,NA
Joseph Mosheimer,NA,NA,NA
Svend Mosling,NA,NA,NA
Thomas Moss,NA,NA,NA
C B Mosse,NA,NA,NA
George Mott,1831,1906,NA
Joseph Mould,NA,NA,NA
Walter Moxon,NA,NA,NA
J Muir,1810,1882,NA
Henry Muirhead,1814,1890,NA
August Muller,1848,1892,NA
Ferdinand Muller,1825,1896,NA
Friedrich Max Muller,1823,1900,NA
Johan Muller,1801,1858,NA
Richard Mullins,NA,NA,NA
x Munro,NA,NA,NA
Francis Kerridge Munton,NA,NA,NA
Roderick Impey Murchison,1792,1871,NA
Edward W Murphy,1802,1877,NA
Edward Murray,NA,NA,NA
J C Murray,NA,NA,NA
John Murray,1808,1892,NA
John (1) Murray,NA,NA,NA
John (2) Murray,NA,NA,NA
John George Musgrave,NA,NA,NA
G N Mussabini,NA,NA,NA
N G Mussabini,NA,NA,NA
Dadabhai Naoroji,1825,1917,NA
Charles Ottley Groom Napier,1839,1894,NA
William Napier,1804,1879,NA
William Donald Napier,NA,NA,NA
D W Nash,1809,1876,NA
Davyd William Nash,1810,1876,NA
Robert Lucas Nash,1818,1871,NA
Samuel Nash,NA,NA,NA
Alexander Nasmyth,1789,1849,NA
F B  Bernard Natusch,NA,NA,NA
Dominico Navoni,NA,NA,NA
J  Dormer Neale,NA,1884,NA
Francis G P Neison,NA,NA,NA
William Neison,NA,NA,NA
George Nesbitt,NA,NA,NA
J R Neville,NA,NA,NA
Robert Stirling (1) Newall,1812,1889,NA
Literary and Philosophical Society of Newcastle,NA,NA,NA
F W Newman,NA,NA,NA
William Newmarch,NA,NA,NA
P H Newnham,NA,NA,NA
Alfred Vincent Newton,NA,NA,NA
Henry William Newton,NA,NA,NA
Robert S Newton,NA,NA,NA
Thomas Nicholas,NA,NA,NA
G  Jasper Nicholls,NA,NA,NA
Brinsley Nicholson,1824,1892,NA
Charles Nicholson,1808,1903,NA
John Peede Segrave Carington Nicholson,NA,NA,NA
D Nicol,NA,NA,NA
J  Dyce Nicol,NA,NA,NA
Donald Nicoll,NA,NA,NA
Giustiniano Nicolucci,1819,1904,NA
Sven Nilsson,1787,1883,NA
Roden Noel,1834,1894,NA
John Spencer Noldwritt,NA,NA,NA
Karl Friedrich Nordmann,1830,NA,NA
Henry Norsworthy,NA,NA,NA
George North,NA,NA,NA
Samuel William North,NA,NA,NA
Josiah Clark Nott,1804,1873,NA
John Nottingham,1810,1895,NA
Richard Maddock Nunn,NA,1876,NA
Thomas William Nunn,1825,1909,NA
Charles O'Callaghan,NA,1875,NA
P O'Callaghan,NA,NA,NA
Luke Smyth O'Connor,1806,1873,NA
George O'Gorman,NA,NA,NA
Edward O'Riley,NA,NA,NA
J L O'Sullivan,1813,1895,NA
William Ogilby,NA,NA,NA
G H Ogston,NA,NA,NA
Laurence Oliphant,1829,1888,NA
Samuel Pasfield Oliver,1838,1907,NA
Gustav Oppert,1836,1908,NA
William M Ord,1834,1902,NA
John Benn Ormathwaite,1798,1881,NA
W  Billing Orton,NA,NA,NA
Sherard Osborn,1822,1875,NA
John William Willoughby Osborne,1833,1881,NA
Charles Otto,1795,1879,NA
Frederick Ouvry,1814,1881,NA
Thomas F Overman,NA,NA,NA
H  Burnard Owen,NA,NA,NA
John Fletcher Owen,1839,1924,NA
Richard Owen,1804,1892,NA
Robert Brisco Owen,1799,1883,NA
Samuel R J Owen,NA,NA,NA
John Downes Owens,1809,1865,NA
J D V Packman,1813,1885,NA
Thomas Page,NA,NA,NA
Arthur Paget,1851,1928,NA
Henry James Paine,NA,NA,NA
William Paley,1824,1899,NA
William Gifford Palgrave,1826,1888,NA
Silas Palmer,1815,1875,NA
Louis Philippe d'Orleans Paris,1838,1894,NA
Matthew Paris,NA,NA,NA
J W Parker,1792,1870,NA
Walter Mantell Parker,NA,NA,NA
Harry Parkes,1828,1885,NA
John Parnell,NA,NA,NA
J  Charlton Parr,NA,NA,NA
King John Parr,NA,NA,NA
Dashwood G Parry,NA,NA,NA
A W Parsons,NA,NA,NA
T E Partridge,NA,NA,NA
Theodore D'Orville Partridge,NA,1897,NA
Charles Pasley,1824,1890,NA
Alexander Paspati,1814,1891,NA
George K H Paterson,NA,NA,NA
Robert Paterson,1814,1889,NA
Edmund Patterson,NA,NA,NA
B H Paul,NA,NA,NA
R W Payne,NA,NA,NA
Edward Peacock,1831,1915,NA
Thomas Bevill Peacock,1812,1882,NA
George Peacocke,1829,1871,NA
Charles Thomas Pearce,1815,1883,NA
Frederick Edward Pearse,1833,1900,NA
C H Pearson,1830,1894,NA
Alfred Henry Pechell,1827,1885,NA
J M Peebles,NA,NA,NA
Robert Peel,1838,1894,NA
John Peiser,1801,1886,NA
W S Pendon,NA,NA,NA
William Peppe,NA,1937,NA
Francisco E Pereira,NA,NA,NA
William Perkins,NA,NA,NA
James Perrin,1801,1888,NA
John Beswick Perrin,NA,1887,NA
Augustus E G Perrot,1857,1880,NA
Erskine Perry,1806,1882,NA
George Michael Perry,NA,NA,NA
S G F Perry,NA,NA,NA
Josef Anton Maximilian Perty,1804,1884,NA
Augustus Heinrich Petermann,1822,1878,NA
Horace William Petherick,1839,1919,NA
George Petrie,1818,1875,NA
William Vesalius Pettigrew,NA,NA,NA
Arthur Phayre,1812,1885,NA
Barnet Phillips,1827,1905,NA
Benjamin Phillips,NA,NA,NA
Philip Phoebus,1804,1880,NA
Edward Pick,NA,NA,NA
Charles Pickering,1805,1878,NA
Francois Jules Pictet,1809,1872,NA
Jonathan S Pidgeon,NA,NA,NA
George William Septimus Piesse,1820,1882,NA
Luke Owen Pike,1835,1915,NA
Bedford Pim,1826,1886,NA
Thomas Ryan Pinchis,1825,1869,NA
W Pinkerton,1809,1871,NA
James Pinnock,NA,NA,NA
John Plant,NA,NA,NA
John Platts,1830,1904,NA
Charles Plummer,1831,NA,NA
Fenwick T Poole,NA,NA,NA
John Daniel Poole,NA,NA,NA
Matthew Conway Poole,1841,1885,NA
Reginald Stuart Poole,1832,1895,NA
George H Pope,NA,NA,NA
R Pope,NA,1870,NA
W H Pope,1825,1879,NA
R B Porter,NA,NA,NA
T Postans,NA,NA,NA
Joseph Legg Postlethwaite,NA,1871,NA
George Pouchet,1833,1894,NA
Emil Arnold Praeger,1817,NA,NA
Henry Pratt,NA,NA,NA
Thomas Prendergast,1806,1886,NA
Joseph Prestwich,1812,1896,NA
Charles Sharp Price,NA,NA,NA
David S Price,NA,NA,NA
Frederick George Hilton Price,1842,1909,NA
Lorenzo T C Price,NA,NA,NA
James Cowles Prichard,1786,1849,NA
Thomas Prichard,NA,1878,NA
Henry jun Prigg,NA,NA,NA
George Pringle,NA,NA,NA
Thomas junr Pritchard,1826,1874,NA
William T Pritchard,1829,1907,NA
James C Proctor,NA,NA,NA
Alfred Pulford,1823,1896,NA
Hyde Pullen,NA,NA,NA
Arthur Giles Puller,1833,1885,NA
Robert Pulsford,1815,1888,NA
H Purdon,NA,NA,NA
H S Purdon,1843,1906,NA
Bernard Quaritch,1819,1899,NA
Lambert Adolphe Jacques Quetelet,1796,1874,NA
William Quin,1817,1871,NA
John Radcliffe,NA,NA,NA
James Rae,NA,1891,NA
Charles Rafn,1795,1864,NA
Henry Raikes,NA,NA,NA
Antonio Raimondi,1826,1890,NA
"A , jun Ramsay",NA,NA,NA
Frank Ramsay,1821,1884,NA
George Ramsay,NA,NA,NA
George Dalhousie Ramsay,NA,NA,NA
John Ramsay,1814,1892,NA
William Francis Ramsay,NA,NA,NA
Jabez Spence Ramskill,1825,1897,NA
G C Rankin,NA,NA,NA
H  Fowler Ransford,NA,NA,NA
Edwin Ransom,1841,1927,NA
Goday Naraen Gajapati Rao,1828,1903,NA
Charles Ratcliff,1815,1885,NA
Henry Rawlinson,1810,1895,NA
James Rawson,NA,NA,NA
Richard Rayley,NA,NA,NA
W H Read,1819,1909,NA
Charles Reade,1814,1884,NA
William Winwood Reade,1838,1875,NA
James Reddie,NA,NA,NA
Richard Thompson Reep,1807,1894,NA
Richard Reeve,NA,NA,NA
Karl Bogislaus Reichert,1811,1883,NA
Lestock Robert Reid,NA,1879,NA
Ernest Renan,1823,1892,NA
Charles Jeremiah Renshaw,1841,1916,NA
Anders Retzius,1796,1860,NA
M Ricardo,1776,1866,NA
Edward Jackson Riccard,NA,1872,NA
x Richards,NA,NA,NA
Franklin Thomas Richards,1847,1905,NA
Charles Richardson,1814,1896,NA
Francis Richardson,1815,1896,NA
James Coxon Richardson,NA,1877,NA
Francis Ignatio Rickard,1837,1906,NA
Joseph Rickerby,NA,NA,NA
F W Ricketts,NA,NA,NA
George Thorne Ricketts,1826,1919,NA
H B Riddell,NA,NA,NA
William Ridley,1819,1878,NA
Jonathan Rigg,NA,NA,NA
"x Ripon, De Grey and",1827,1909,NA
Carl Ritter,1779,1859,NA
Henry F Rivers,1830,1911,NA
John Henry Rivett-Carnac,1839,1923,NA
John Robbins,NA,NA,NA
Charles Robert des Ruffieres,NA,1883,NA
A Roberts,NA,NA,NA
George E Roberts,1831,1865,NA
J Roberts,NA,NA,NA
Alexander Robertson,NA,1906,NA
Alexander Robertson (2),NA,NA,NA
Archibald Robertson,NA,NA,NA
Charles Nice Robertson,NA,NA,NA
Daniel Brooke Robertson,1810,1881,NA
John Forbes Robertson,NA,NA,NA
Thomas Valentine Robins,NA,NA,NA
Edward Robinson,1794,1863,NA
G A Robinson,NA,NA,NA
George Augustus Robinson,1791,1866,NA
J Robinson,NA,NA,1
William Robinson,NA,1880,NA
Sampson Roch,1829,1906,NA
"James, jun Rock",NA,NA,NA
Hamilton Roe,NA,NA,NA
Alfred S Rogers,NA,NA,NA
Charles Rogers,NA,NA,NA
Frederick W Rogers,NA,NA,NA
George Rogers,1809,1891,NA
John Rogers,NA,NA,NA
George Rolleston,1829,1881,NA
Charles Alfred Rolph,NA,NA,NA
George Frederick Rolph,NA,NA,NA
James Rome,NA,NA,NA
Hyacinthe Ronay,1814,1889,NA
Charles Rooke,1809,1872,NA
James Anderson Rose,1819,1890,NA
x Rosehill,1843,1891,NA
Theodor A Rosenbusch,NA,NA,NA
John Ross,NA,NA,1
John George Clunies Ross,1823,1871,NA
x Roth,NA,NA,NA
Richard Wellesley Rothman,NA,1856,NA
E J Routh,1831,1907,NA
Ankithum Venkata Nursing Row,1827,1892,NA
William Bridges Row,NA,NA,NA
R W Rowbotham,NA,NA,NA
H R Rowcroft,NA,NA,NA
Harry Crommelin Rowcroft,1840,1876,NA
Henry Rudall,1793,1868,NA
Thomas Rudd,NA,NA,NA
Frederick William Rudler,1840,1915,NA
Sophus Ruge,1831,1903,NA
H  Hodgson Rugg,1812,1891,NA
Samuel Rule,NA,1868,NA
John Ruskin,1819,1900,NA
A H Russell,1837,1916,NA
Charles E Russell,NA,NA,NA
James Russell,NA,NA,NA
Logan H  D Russell,NA,NA,NA
x Rutimeyer,1825,1895,NA
George Augustus Frederick Ruxton,1821,1848,NA
Edward Ryan,1793,1875,NA
John Ryan,NA,NA,NA
Oluf Rygh,1833,1899,NA
Alfred Sadler,NA,NA,NA
Charles S Salmon,NA,NA,NA
William Salmon,NA,NA,NA
David Salomons,1797,1873,NA
William Severin Salting,1837,1905,NA
James Sandale,NA,NA,NA
Alfred Sanders,NA,NA,NA
Alfred M Sanderson,NA,NA,NA
T J Sanderson,NA,NA,NA
W  Walbank Sanderson,NA,NA,NA
Humfrey Sandwith,1822,1881,NA
William Satter,NA,NA,NA
William Devonshire Saull,1783,1855,NA
W H Scattergood,NA,NA,NA
Hermann Schaaffhausen,1816,1893,NA
William Mason Scharlieb,1829,1891,NA
Carl Ritter von Scherzer,1821,1903,NA
E Schiemann,NA,NA,NA
Hermann de Schlagintweit,1826,1882,NA
Robert  Herman Schomburgk,1804,1865,NA
Henry R Schoolcraft,1793,1864,NA
A Schumann,NA,NA,NA
E S Schwabe,NA,NA,NA
Theodor Richard Schweitzer,NA,NA,NA
Charles Scott,NA,NA,NA
David Scott,NA,NA,NA
Frederick Henry Scott,NA,NA,NA
John (1) Scott,NA,NA,NA
John (2) Scott,1817,1890,NA
Robert Scott,NA,NA,NA
Robert S Scott,NA,NA,NA
Thomas Scott,NA,NA,NA
Wentworth Lascelles Scott,NA,NA,NA
John Scouler,1804,1871,NA
J  Eglinton Seaman,NA,NA,NA
Berthold Seemann,1825,1871,NA
E J Selwyn,1822,1893,NA
William Selwyn,1806,1875,NA
Carl Semper,1832,1893,NA
Hugh R Semper,NA,NA,NA
Lucy Ellen Sewall,1837,1890,NA
Henry Sewell,NA,NA,NA
George Sexton,NA,NA,NA
George Seymour,NA,NA,NA
Henry Danby Seymour,1820,NA,NA
Peter Sharp,NA,NA,NA
Samuel Sharp,1814,1882,NA
W Sharp,1805,1896,NA
W J Sharpe,NA,NA,NA
A  Mackintosh Shaw,NA,NA,NA
Frederick George Shaw,NA,1918,NA
Norton Shaw,NA,1868,NA
Robert Barkley Shaw,1839,1879,NA
William Wardrop Shaw,1816,1895,NA
x Sheffield,1832,1909,NA
Joseph Shepherd,1812,1887,NA
H  Brinsley Sheridan,1820,1906,NA
William Henry Sherwood,NA,NA,NA
Justin Shiel,1803,1871,NA
John Joseph Shillinglaw,1831,1905,NA
William Shipp,1807,1873,NA
John Shortt,1822,1889,NA
Charles Lionel Showers,1816,1895,NA
Thomas R G Shute,1802,1881,NA
James Kay Shuttleworth,1804,1877,NA
Ramon de Silva-Ferro,1829,1889,NA
P L Simmonds,NA,NA,NA
Constantine Simonides,NA,NA,NA
S F Simonson,NA,NA,NA
Frank Simpson,NA,NA,NA
H V Simpson,NA,NA,NA
James Simpson,1817,1899,NA
William Henry Simpson,1843,1914,NA
J  Marrion Sims,1813,1883,NA
R S Sisson,NA,NA,NA
Joseph Sister,NA,NA,NA
x Skardon,NA,NA,NA
James Henry Skene,1812,1886,NA
Frederick Mackenzie Skues,1834,1911,NA
William Mackenzie Skues,NA,NA,NA
Thomas Peyton Slapp,NA,NA,NA
Bath Charles Smart,1838,1887,NA
J  Valentine Smedley,NA,NA,NA
Abell Smith,NA,NA,NA
Andrew Smith,1797,1872,NA
D  Pye Smith,NA,NA,NA
Edward Osborne Smith,NA,1864,NA
George (1) Smith,1828,1873,NA
George (2) Smith,1840,1876,NA
George Hill Smith,1815,1893,NA
George Whitely Smith,NA,NA,NA
John Smith,NA,NA,NA
Joseph J Smith,NA,NA,NA
Peter Smith,NA,1866,NA
Protheroe Smith,1809,1889,NA
Tasker Smith,NA,NA,NA
Thomas Smith,NA,NA,NA
Thomas Eustace Smith,1831,1903,NA
Thomas James Smith,1827,1896,NA
Thomas Southwood Smith,1788,1861,NA
William Smith,NA,NA,NA
William Nugent Smith,NA,NA,NA
Worthington George Smith,1835,1917,NA
Sydney James Smithers,NA,NA,NA
Brice Smyth,1838,1922,NA
James Smyth,NA,NA,NA
John E Smyth,NA,NA,NA
John jun Smyth,NA,NA,NA
R  Brough Smyth,1830,1889,NA
Frederick Snaith,NA,1869,NA
George Blagrove Snell,NA,NA,NA
William Parker Snow,1817,1895,NA
Samuel Solly,1805,1871,NA
Samuel Reynolds Solly,1781,1866,NA
William Somervell,NA,NA,NA
Philip Southby,1843,1908,NA
Henry Southey,1783,1865,NA
James Bertram Sparhawk,NA,NA,NA
Henry King Spark,1824,1899,NA
G W Spence,NA,NA,NA
Peter Spence,1806,1883,NA
W H Spence,NA,NA,NA
William Spence,1783,1860,NA
R J Spencer,NA,NA,NA
William Henry Spencer,NA,NA,NA
T  Trevethan Spicer,NA,NA,NA
Edward Spooner,1821,1899,NA
William Spottiswoode,1825,1883,NA
T B Sprague,1830,1920,NA
Francis R Spry,1834,1913,NA
Flaxman Spurrell,NA,NA,NA
Ephraim George Squier,1821,1888,NA
George St Clair,1836,1908,NA
Bayle St John,NA,NA,NA
James Augustus St John,1795,1875,NA
Percy B St John,1821,1889,NA
Spencer St John,1825,1910,NA
Edward St Maur,NA,NA,NA
James Joseph Stainton,NA,NA,NA
Edward Stamp,1814,1872,NA
William Edward Stanbridge,1821,1894,NA
John Stanley,1827,1903,NA
Thomas C Stanley,NA,NA,NA
John Stanton,NA,NA,NA
H I Staples,NA,NA,NA
A B Stark,NA,NA,NA
Japetus Steenstrup,1813,1897,NA
Carl (Karl) Steinhauer,1801,1902,NA
Charles Stenning,NA,NA,NA
William Frederick Cowell Stepney,1821,1872,NA
Joseph Stevens,NA,NA,NA
N  Henry Stevens,NA,NA,NA
John Stevenson,1836,1865,NA
A A Stewart,NA,NA,NA
Alexander Patrick Stewart,1813,1883,NA
Charles Edward Stewart,NA,NA,NA
W S Stewart,NA,NA,NA
John Stirling,1828,1870,NA
David Henry Stone,1812,1890,NA
Robert Sidney Stone,1841,NA,NA
William Storey,NA,NA,NA
William Story,1816,1882,NA
John Marmaduke Stourton,1847,1899,NA
John Strachan,NA,NA,NA
x Strangford,1826,1869,NA
S Stratford,NA,NA,NA
James Strathern,NA,NA,NA
Henry Stretton,NA,1890,NA
Andrew Struthers,NA,NA,NA
x Stuart,NA,NA,NA
John William Studart,NA,NA,NA
Edward Sturman,NA,NA,NA
John James Sturz,1800,1877,NA
J P Sutherland,NA,NA,NA
Peter Cormac Sutherland,1822,1900,NA
Edwin C Suttor,1818,1898,NA
George Suttor,1774,1859,NA
Cornelis Swaving,1814,1881,NA
Horace Swete,1825,NA,NA
Richard Levinge Swift,1821,1872,NA
Algernon Charles Swinburne,1837,1909,NA
Robert Swinhoe,1836,1877,NA
David Sydenham,NA,NA,NA
J G Sylvester,NA,NA,NA
J J Sylvester,1814,1897,NA
J A Symonds,1807,1871,NA
William Samuel Symonds,1818,1887,NA
Francis Tagart,NA,NA,NA
G M Tagore,1826,1890,NA
Lawson Tait,1845,1899,NA
Robert Tait,1816,1897,NA
James Talbot de Malahide,1805,1883,NA
James Tanner,NA,NA,NA
x Tasmania,1803,1879,NA
Alexander Norman Tate,1837,1892,NA
George Tate,1805,1871,NA
George Ralph Tate,1835,1874,NA
Ralph (1) Tate,1840,1901,NA
Thomas (1) Tate,1807,NA,NA
Thomas (2) Tate,1807,1888,NA
Thomas R Tatham,NA,1870,NA
E B Tawney,1840,1882,NA
John Taylor,1833,1912,NA
John George Taylor,NA,NA,NA
Richard Stephens jnr Taylor,1843,1928,NA
W Taylor,NA,NA,NA
W E Taylor,NA,NA,NA
Richard Temple,1826,1902,NA
Edward Tenison Ryan Tenison,NA,1904,NA
John Tennant,1796,1878,NA
James Emerson Tennent,1804,1869,NA
Frederick Theed,1814,1880,NA
"William, Jun Theobald",1829,1908,NA
Robert Thin,1843,1867,NA
Connop Thirlwall,1797,1875,NA
J L Thomas,NA,NA,NA
Alfred Robert Thompson,NA,NA,NA
Fred Thompson,NA,1893,NA
Frederick Thompson,NA,1885,NA
George C Thompson,NA,NA,NA
Joseph Thompson,NA,NA,NA
Richard John Thompson,NA,NA,NA
W Thompson (2),NA,NA,NA
Christian JÃ¼rgensen Thomsen,1788,1865,NA
John Thomson,1837,1921,NA
L E Threlkeld,1788,1859,NA
J  T Thresh,NA,NA,NA
John Thrupp,1817,1870,NA
Edward Thurlow,NA,NA,NA
John Thurnam,1810,1873,NA
Richard Hill Tiddeman,1842,1917,NA
Samuel Timmins,1826,1902,NA
x Tinsley,NA,NA,NA
E Tinsley,NA,1866,NA
John Tolhurst,NA,NA,NA
C D Tolme,NA,NA,NA
x Tonna,1812,1857,NA
James Tonnere,NA,NA,NA
William Tooke,1777,1863,NA
Albert Tootal,1838,1893,NA
John Towers,NA,NA,NA
Frederick Travers,1808,1876,NA
S  Smith Travers,1826,1888,NA
William Travers,1838,NA,NA
Arthur Trevelyan,NA,1880,NA
Edward Andrew Trevor,1839,1886,NA
Nicolas Trubner,1817,1884,NA
Gregory Tschurowsky,1804,1884,NA
Charles jun Tuckett,NA,1875,NA
Thomas Harrington Tuke,1826,1888,NA
x Tumangung of Jehore,NA,NA,NA
Arthur Chilver Tupper,1816,1876,NA
James Turle,1832,1905,NA
Henry John Turner,NA,NA,NA
John Turner,NA,NA,NA
William F J Turner,1831,1894,NA
William Wadden Turner,1810,1859,NA
Arthur Turrell,1846,1898,NA
John Twiner,NA,NA,NA
William Twining,NA,NA,NA
H K Twyford,NA,NA,NA
Carl Wilhelm Ferdinand Uhde,1813,1885,NA
John Underwood,NA,NA,NA
x University Library,NA,NA,NA
Herbert Taylor Ussher,1836,1880,NA
John Ussher,NA,NA,NA
Arthur Vacher,NA,NA,NA
J J C Valpy,1828,NA,NA
Armenius Vambery,1832,1913,NA
George Vaughan,NA,NA,NA
Jonas Daniel Vaughan,1825,1891,NA
William Sandys Wright Vaux,1818,1885,NA
Gonzalez Velasco,1815,1882,NA
George Venables Vernon,NA,1878,NA
Paul Vibraye,1809,1878,NA
Henry Vignaud,1830,1922,NA
Edouard J Villin,1832,1922,NA
Rudolph Virchow,1821,1902,NA
Julio Vizcarrondi,NA,NA,NA
Carl Vogt,1817,1895,NA
Benjamin Vulliamy,1780,1854,NA
Thomas Francis Wade,1818,1895,NA
Rudolph Wagner,1805,1864,NA
x Wagstaff,NA,NA,NA
Theodore Waitz,1821,1864,NA
Alfred Wake,NA,NA,NA
E T Wakefield,NA,NA,1
Cornelius Walford,1827,1885,NA
Alexander Walker,1824,NA,NA
Alexander Macnamee Walker,NA,NA,NA
Charles Pyndar Beauchamp Walker,1817,1894,NA
Edmund Walker,NA,NA,NA
George Walker,NA,NA,NA
James Walker,1781,1862,NA
James Sydney Walker,NA,1883,NA
Robert Walker,1823,1894,NA
Thomas Walker,1832,1896,NA
Alfred Russel Wallace,1823,1913,NA
Joshua Walmsley,1819,NA,NA
Phillipp Alexander Walther,1812,1887,NA
H C Walton,1841,1872,NA
J W Walton,1818,1867,NA
Rienzi G Walton,1842,1900,NA
James Alfred Wanklyn,1834,1906,NA
Charles Augustus Ward,NA,NA,NA
Stephen Henry Ward,1818,1880,NA
Charles Warden,NA,NA,NA
J  William Warden,NA,NA,NA
Samuel Hibbert Ware,1782,1848,NA
James J Waring,NA,NA,NA
Edward Warner,1818,1875,NA
Thomas T P  Bruce Warren,NA,NA,NA
W Warrington,NA,NA,NA
Richard Archer Warwick,NA,NA,NA
Buchanan Washbourn,NA,NA,NA
Ottiwell Charles Waterfield,1831,1898,NA
George Waterhouse,1810,1888,NA
John Waterhouse,NA,NA,NA
Samuel Watson,NA,NA,NA
Robert Watt,NA,NA,NA
John King Watts,1808,1884,NA
Andrew Scott Waugh,1810,1878,NA
Stephen Webb,NA,NA,NA
T W Webb,NA,NA,NA
George Webster,NA,NA,NA
Henry Webster,NA,NA,NA
John Webster,NA,1878,NA
Augustin Weisbach,1837,1914,NA
Hermann Welcker,1822,1897,NA
Mordaunt Wells,1817,1885,NA
Francis Alex (Frank) Wenham,NA,NA,NA
William Henry Wesley,1841,1922,NA
Reginald Sackville West,1817,1896,NA
Hodder Michael Westropp,1820,1885,NA
Champion Wetton,NA,NA,NA
J R Wevill,NA,NA,NA
G F Whidbourne,1805,1871,NA
James Whishaw,1808,1879,NA
x White,NA,NA,NA
James T White,NA,NA,NA
M White,NA,NA,NA
William Whitear,1807,1891,NA
John B Whitehead,NA,NA,NA
Peter O Whitehead,1835,NA,NA
Thomas K Whitehead,NA,NA,NA
Henry Whitfeld,NA,NA,NA
Henry William Wickes,NA,NA,NA
Thomas Haines Wickes,1840,1899,NA
x Wienecke,NA,NA,NA
A L Wigan,NA,NA,NA
Augustus S Wilkins,1843,1905,NA
John W Wilkins,NA,NA,NA
John Gardner Wilkinson,1797,1875,NA
Thomas Wilkinson,NA,NA,NA
William Martin Wilkinson,1814,1897,NA
Charles R Williams,NA,NA,NA
Eric Williams,NA,NA,NA
Frederick Martin Williams,1830,1878,NA
George Williams,NA,NA,NA
Henry Williams,NA,NA,NA
Henry G Williams,NA,NA,NA
John (1) Williams,NA,NA,NA
John (2) Williams,1792,1858,NA
John Wilkins Williams,NA,NA,NA
S W D Williams,NA,NA,NA
Thomas Williams,1818,1865,NA
G Williamson,NA,NA,NA
Matthew Willis,1828,1871,NA
J E  Eardley Wilmot,1810,1892,NA
Alfred Henry Wilson,NA,NA,NA
Andrew Wilson,NA,NA,NA
Daniel Wilson,1816,1892,NA
David Wilson,NA,NA,NA
Frank Wilson,NA,NA,NA
J  Spotswood Wilson,NA,NA,NA
James Wilson,NA,NA,1
John Leigh Wilson,1837,1886,NA
R Wilson,NA,NA,NA
William Wilson,1785,1868,1
William Newton Wilson,NA,NA,NA
Alfred Wiltshire,1839,1886,NA
William Smith Windham,NA,NA,NA
Alfred Tubb Windus,NA,NA,NA
Benjamin Robert Winthrop,1804,1879,NA
Henry Hoyte Winwood,1831,1920,NA
Thomas Alexander Wise,1801,1889,NA
George Witt,1804,1869,NA
von Wittich,1826,1897,NA
James Wodderspoon,NA,NA,NA
Francis George Cornelius Wolber,NA,NA,NA
Henry Drummond Wolff,1830,1908,NA
George Wollaston,NA,NA,NA
Edward Wood,1810,1892,NA
F  Henry Wood,1812,1886,NA
J W Wood,NA,NA,NA
James Wood,NA,NA,NA
John George Wood,NA,NA,NA
Robert Wood,NA,1877,NA
Samuel Wood,NA,1879,NA
W   Martin Wood,NA,NA,NA
William Spicer Wood,NA,1902,1
Charles H L Woodd,NA,1893,NA
Robert Carr Woods,1816,1875,NA
Joseph Hardman Worrall,1825,1889,NA
Jens Jacob Asmussen Worsaae,1821,1885,NA
Ferdinand Von Wrangell,1797,1870,NA
William Wray,1830,1871,NA
Frank Wrentmore,NA,NA,NA
Francis Beresford Wright,1837,1911,NA
Robert Wright,NA,NA,NA
Thomas Wright,1810,1877,NA
William Cort Wright,NA,NA,NA
Otto Wucherer,1820,1873,NA
James Wyld,1812,1887,NA
Andrew Wyley,NA,NA,NA
Jeffries Wyman,1814,1874,NA
Ashton Yates,1781,1863,NA
W  Holt Yates,1802,1874,NA
James Yearsley,1805,1869,NA
Stephen Yeldham,1810,1896,NA
James A Youl,1811,1904,NA
Robert Younge,1801,1874,NA
Arthur de Zeltner,NA,NA,NA
x Zohrab,NA,NA,NA
Arthur Albright,NA,NA,1
Rachel Albright,NA,NA,1
William Albright,NA,NA,1
William Jun Aldam,NA,NA,1
Frederick Alexander,NA,NA,1
Samuel Allen,NA,NA,1
John Arch,NA,NA,1
R Arthington,NA,NA,1
R Jun Arthington,NA,NA,1
C Ashby,NA,NA,1
T Jun Ashby,NA,NA,1
Thomas Ashby,NA,NA,1
Thomas Jun Ashby,NA,NA,1
Catherine Backhouse,NA,NA,1
Jonathan Backhouse,NA,NA,1
S Baker,NA,NA,1
Robert Barclay,NA,NA,1
Richard Barrington,NA,NA,1
Edward Beck,NA,NA,1
Eliza Bell,NA,NA,1
Frederick J Bell,NA,NA,1
S S Bell,NA,NA,1
Samuel Bewley,NA,NA,1
x Biffin,NA,NA,1
J Binyon,NA,NA,1
E L Birkbeck,NA,NA,1
H Birkbeck,NA,NA,1
W Blaine,NA,NA,1
Elizabeth Bowley,NA,NA,1
Henry Brady,NA,NA,1
Charles L Braithwaite,NA,NA,1
L Braithwaite,NA,NA,1
Isaac Brown,NA,NA,1
Joshua Brown,NA,NA,1
Lydia Brown,NA,NA,1
Sarah Burgess,NA,NA,1
Thomas Burgess,NA,NA,1
Thomas Fowell Buxton,NA,NA,1
W Catchpool,NA,NA,1
x Charleton,NA,NA,1
Samuel Clark,NA,NA,1
W Clemes,NA,NA,1
C Clothier,NA,NA,1
Joseph Cooper,NA,NA,1
George Crosfield,NA,NA,1
Joseph Crosland,NA,NA,1
A Crowley,NA,NA,1
A Dale,NA,NA,1
Elizabeth S Dawes,NA,NA,1
John Dodshon,NA,NA,1
Daniel Doncaster,NA,NA,1
Elizabeth Dyer,NA,NA,1
R Dymond,NA,NA,1
William Dyson,NA,NA,1
William Dyster,NA,NA,NA
A Ellis,NA,NA,1
Thomas Evans,NA,NA,1
Ann Everett,NA,NA,1
Joseph Farden,NA,NA,1
John Fell,NA,NA,1
Mary Fell,NA,NA,1
S H Fisher,NA,NA,1
Caleb Fletcher,NA,NA,1
Martha Fletcher,NA,NA,1
John Ford,NA,NA,1
George Fox,NA,NA,1
Henry Fox,NA,NA,1
Robert Were Fox,NA,NA,1
x Fox,NA,NA,1
W Gayner,NA,NA,1
Joseph Gibbens,NA,NA,1
Ann Gibson,NA,NA,1
Francis Gibson,NA,NA,1
F  E Gibson,NA,NA,1
W G Gibson,NA,NA,1
T Gill,NA,NA,1
J Gillett,NA,NA,1
John Gillett,NA,NA,1
J Gilpin,NA,NA,1
James Gingell,NA,NA,1
John Good,NA,NA,1
Josiah Grace,NA,NA,1
Thomas Graham,NA,NA,1
John Green,NA,NA,1
T Gregory,NA,NA,1
G Grimshaw,NA,NA,1
x Hadfield,NA,NA,1
Isaac Hadwen,NA,NA,1
Robert Harding,NA,NA,1
Henry Harris,NA,NA,1
Lydia Harris,NA,NA,1
Thomas Harvey,NA,NA,1
George Head,NA,NA,1
Sarah Head,NA,NA,1
H Headley,NA,NA,1
W Hewitson,NA,NA,1
Charles Hicks,NA,NA,1
Elizabeth Hills,NA,NA,1
James Hills,NA,NA,1
John Hills,NA,NA,1
Gurney Hoare,NA,NA,1
Maria Hooper,NA,NA,1
J Hopkins,NA,NA,1
Rebecca Hopkins,NA,NA,1
Mary Horsnail,NA,NA,1
Elizabeth Howard (2),NA,NA,1
Elizabeth Howard,NA,NA,1
Thomas Hughes,NA,NA,1
Henry Hunt,NA,NA,1
T Hunt,NA,NA,1
J Hurnard,NA,NA,1
John C Isaac,NA,NA,1
John James,NA,NA,1
Charles Janson,NA,NA,1
Samuel Jesper,NA,NA,1
Benjamin Jowett (2),NA,NA,1
John Jun Jowett,NA,NA,1
Robert Jowett (2),NA,NA,1
John King,NA,NA,1
Samuel King,NA,NA,1
Thomas King,NA,NA,1
Alfred Kitching,NA,NA,1
C Knight,NA,NA,1
John Lee,NA,NA,1
x Leitch,NA,NA,1
Thomas Letchmore,NA,NA,1
Thomas x Jun Letchmore,NA,NA,1
Thomas Letchworth,NA,NA,1
Thomas Jun Letchworth,NA,NA,1
Thomas x Jun Letchworth,NA,NA,1
S Lloyd,NA,NA,1
Edward Lucas,NA,NA,1
Rebecca Lucas,NA,NA,1
Thomas Marriage,NA,NA,1
John Marsh,NA,NA,1
R Marsh,NA,NA,1
William Matthews,NA,NA,1
William Mattravers,NA,NA,1
D Miller,NA,NA,1
John Morrison,NA,NA,1
E Neave,NA,NA,1
Mary Overend,NA,NA,1
W J Palmer,NA,NA,1
J Pears,NA,NA,1
x Poeppig,NA,NA,NA
Edward Priestman (2),NA,NA,1
John Priestman,NA,NA,1
James Ransome,NA,NA,1
Robert Ransome,NA,NA,1
William Rathbone,NA,NA,1
J Jun Read,NA,NA,1
Edward Richardson,NA,NA,1
Henry Richardson,NA,NA,1
W Richardson,NA,NA,1
R M Rickman,NA,NA,1
S Rickman,NA,NA,1
Leitch Ritchie,NA,NA,NA
J Rooke,NA,NA,1
Alfred Rosling,NA,NA,1
John S Rowntree,NA,NA,1
Joseph Rowntree,NA,NA,1
Samuel Rundall,NA,NA,1
Henry Russell,NA,NA,1
Joseph Sams,NA,NA,1
J A Sanders,NA,NA,1
Mary Sansom,NA,NA,1
Micheal Scatterthwaite,NA,NA,1
S Scatterthwaite,NA,NA,1
Leonard Sedgwick,NA,NA,NA
Benjamin Seebohm,NA,NA,1
William Seebohm,NA,NA,1
Charles Sessions,NA,NA,1
Robert Simpson,NA,NA,1
Alfred Smith,NA,NA,1
Edward Smith,NA,NA,1
Richard Smith,NA,NA,1
Ann Snowden,NA,NA,1
C Southall,NA,NA,1
William Southall,NA,NA,1
William Sparkes,NA,NA,1
Joseph F Spence,NA,NA,1
L Squire,NA,NA,1
Mary Steevens,NA,NA,1
Henry Sterry,NA,NA,1
Richard Sterry,NA,NA,1
John Stevens,NA,NA,1
Joseph Sturge (Mrs),NA,NA,1
Sarah Styles,NA,NA,1
George N Tatham,NA,NA,1
Mary Ann Tatham,NA,NA,1
Edward Taylor,NA,NA,1
F Taylor,NA,NA,1
H Taylor,NA,NA,1
A Thistlethwaite,NA,NA,1
F J Thompson,NA,NA,1
Josiah Thompson,NA,NA,1
Thomas Thompson,NA,NA,1
W Thompson,NA,NA,1
x Thompson,NA,NA,NA
George Treffry,NA,NA,1
Frederick Tuckett,NA,NA,1
W Tuke,NA,NA,1
Thomas Turner,NA,NA,1
James E Veale,NA,NA,1
Jonathan Walker,NA,NA,1
Ann Wallis,NA,NA,1
John Warner,NA,NA,1
Alfred Waterhouse,NA,NA,1
Mary Waterhouse,NA,NA,1
R Waterhouse,NA,NA,1
Thomas Wedmore,NA,NA,1
James Wells,NA,NA,1
Daniel Wheeler,NA,NA,1
W Whiting,NA,NA,1
John Jun Williams,NA,NA,1
W R Williams,NA,NA,1
Charles Wilson,NA,NA,1
George Wilson,NA,NA,1
Isaac Wilson,NA,NA,1
Joseph Wilson,NA,NA,1
Rebecca Wilson,NA,NA,1
H Wise,NA,NA,1
William Woods,NA,NA,1
Louisa Wright,NA,NA,1
James Bowden,NA,NA,1
William Nash,NA,NA,1
Joseph Sturge,NA,NA,1
William Jun Grimshaw,NA,NA,1
Henry Knight,NA,NA,1
Edward Paull,NA,NA,1
Robert Jun Alsop,NA,NA,1
Abram Rawlinson Barclay,NA,NA,1
John Barclay,NA,NA,1
Richard Barrett,NA,NA,1
John Thomas Barry,NA,NA,1
Peter Bedford,NA,NA,1
John Bell,NA,NA,1
Thomas Christy,NA,NA,1
Samuel Darton,NA,NA,1
Josiah Forster,NA,NA,1
Robert Forster,NA,NA,1
William Forster,NA,NA,1
Joseph Talwin Foster,NA,NA,1
John Hamilton,NA,NA,1
Edwd Harris,NA,NA,1
Geo Holmes,NA,NA,1
Robert Howard,NA,NA,1
John Kitching,NA,NA,1
Joseph Neatby,NA,NA,1
John Sanderson,NA,NA,1
Joseph Shewell,NA,NA,1
George Stacey,NA,NA,1
 Joseph Storrs,NA,NA,1
John M Albright,NA,NA,1
G W Alexander,NA,NA,1
Henry Alexander,NA,NA,1
R D Alexander,NA,NA,1
Thomas Allis,NA,NA,1
John D Appleton,NA,NA,1
Caroline Armistead,NA,NA,1
Joseph Armistead,NA,NA,1
Edward Ash,NA,NA,1
Alfred Backhouse,NA,NA,1
Edmund Backhouse,NA,NA,1
Edward Jun Backhouse,NA,NA,1
James Jun Backhouse,NA,NA,1
John Church Backhouse,NA,NA,1
J E Baker,NA,NA,1
James Baker,NA,NA,1
A P Balkwill,NA,NA,1
William Ball,NA,NA,1
Eliza Barclay,NA,NA,1
J Gurney Barclay,NA,NA,1
Jonathan Barrett,NA,NA,1
R Barrett,NA,NA,1
R C Barrow,NA,NA,1
S Barter,NA,NA,1
John D Bassett,NA,NA,1
John Baynes,NA,NA,1
John Beaumont,NA,NA,1
Rebecca Beaumont,NA,NA,1
William Beaumont,NA,NA,1
Samuel Beck,NA,NA,1
Deborah Beesley,NA,NA,1
Paul Bevan,NA,NA,1
Robert Bevan,NA,NA,1
Martha A Binyon,NA,NA,1
Thomas Binyon,NA,NA,1
S Birchall,NA,NA,1
Thomas Blain,NA,NA,1
J Blunsom,NA,NA,1
W Bott,NA,NA,1
Christopher Bowley,NA,NA,1
W C Bowley,NA,NA,1
Edwin Bracher,NA,NA,1
James Bracher,NA,NA,1
Lucy Bradshaw,NA,NA,1
G S Brady,NA,NA,1
Joseph B Braithwaite,NA,NA,1
S Braithwaite,NA,NA,1
Charles Brewin,NA,NA,1
Robert Brewin,NA,NA,1
Thomas Brewin,NA,NA,1
William Brewin,NA,NA,1
Francis Brown,NA,NA,1
Gopsill Brown,NA,NA,1
W W Brown,NA,NA,1
J F Burgess,NA,NA,1
Wilson Burgess,NA,NA,1
Henry Burlingham,NA,NA,1
Jonathan Burtt,NA,NA,1
P Burtt,NA,NA,1
Edward North Buxton,NA,NA,1
James Cadbury,NA,NA,1
John M Candler,NA,NA,1
Edward Carroll,NA,NA,1
Joseph Cash,NA,NA,1
Newman Cash,NA,NA,1
William Cash,NA,NA,1
R D Catchpool,NA,NA,1
Thomas Catchpool,NA,NA,1
Thomas Chalk,NA,NA,1
Elizabeth Charelton,NA,NA,1
James Charleton,NA,NA,1
Robert Charleton,NA,NA,1
Richard Christy,NA,NA,1
Cyrus Clark,NA,NA,1
James Clark (2),NA,NA,1
Joseph Clark,NA,NA,1
W S Clark,NA,NA,1
George Cook,NA,NA,1
J H Cotterell,NA,NA,1
Elliott Cresson,NA,NA,1
W D Crewdson,NA,NA,1
Ann Cropper,NA,NA,1
James Cropper,NA,NA,1
John Cropper,NA,NA,1
Joseph Crosfield,NA,NA,1
William Crosfield,NA,NA,1
Jeremiah Cross,NA,NA,1
Martha Cross,NA,NA,1
Edward A Crouch,NA,NA,1
Abraham Crowley,NA,NA,1
Frederick Crowley,NA,NA,1
J Cudworth,NA,NA,1
Mary Cudworth,NA,NA,1
William Cudworth,NA,NA,1
Lucy Darby,NA,NA,1
Richard Day,NA,NA,1
William Dent,NA,NA,1
Barnard Dickinson,NA,NA,1
Elizabeth G Dimsdale,NA,NA,1
J Doubleday,NA,NA,1
R Doubleday,NA,NA,1
Joseph Eaton,NA,NA,1
Thomas Emmott,NA,NA,1
Mary Exton,NA,NA,1
William Exton,NA,NA,1
Abraham Fisher,NA,NA,1
Rachel Fowler,NA,NA,1
Thomas Fowler,NA,NA,1
Alfred L Fox,NA,NA,1
Francis E Fox,NA,NA,1
Frederick H Fox,NA,NA,1
J G Fox,NA,NA,1
R Barclay Fox,NA,NA,1
Philip Frith,NA,NA,1
Frederick Fryer,NA,NA,1
John Gayner,NA,NA,1
Deborah Gibson,NA,NA,1
E Gilkes,NA,NA,1
Charles Gillett,NA,NA,1
Jonathan Gillett,NA,NA,1
Burwood Godlee,NA,NA,1
Alexander Grace,NA,NA,1
Anna Gurney,NA,NA,1
Edmund Gurney,NA,NA,1
Henry E Gurney,NA,NA,1
John Gurney,NA,NA,1
Samuel Gurney,NA,NA,1
Daniel P Hack,NA,NA,1
John Barton Hack,NA,NA,1
Cornelius Hanbury,NA,NA,1
Cornelius x Jun Hanbury,NA,NA,1
Daniel Bell Hanbury,NA,NA,1
Samuel Hare,NA,NA,1
Charles L Harford,NA,NA,1
John Harford,NA,NA,1
Summers Harford,NA,NA,1
William Hargreaves,NA,NA,1
John Harlock,NA,NA,1
Theodore Harris,NA,NA,1
John Herschell,NA,NA,NA
Gray Hester,NA,NA,1
M A Hewitson,NA,NA,1
Henry Hipsley,NA,NA,1
John Hodgkin,NA,NA,1
J Holdsworth,NA,NA,1
Richard Holdsworth,NA,NA,1
G B Holmes,NA,NA,1
S Horman-Fisher,NA,NA,1
Robert Horne,NA,NA,1
John Horniman,NA,NA,1
Charles Horsnaill,NA,NA,1
W C Horsnaill,NA,NA,1
Sarah Hotham,NA,NA,1
Luke Howard,NA,NA,1
William Howitt,NA,NA,1
Rachel Hubbert,NA,NA,1
Joseph Hudson,NA,NA,1
John Huntley,NA,NA,1
Joseph Huntley,NA,NA,1
Martha Hutchinson,NA,NA,1
R Impey,NA,NA,1
Edward James,NA,NA,1
A Janson,NA,NA,1
William Janson,NA,NA,1
Andrew Johnston,NA,NA,1
Andrew & Jun Johnston,NA,NA,1
John Jowett,NA,NA,1
W D King,NA,NA,1
J H Knight,NA,NA,1
T Knott,NA,NA,1
Edward A Leatham,NA,NA,1
Isabella Lister,NA,NA,1
Wilson Lloyd,NA,NA,1
Haggar Lowe,NA,NA,1
Edmund Lucas,NA,NA,1
Frederick Lucas,NA,NA,1
Jeffrey Lucas,NA,NA,1
Martha Lucas,NA,NA,1
Samuel Lucas,NA,NA,1
William Jun Lucas,NA,NA,1
Harford Lury,NA,NA,1
J E Lury,NA,NA,1
W Mann,NA,NA,1
Caroline Marriage,NA,NA,1
Edward Marsh,NA,NA,1
Thomas William Marsh,NA,NA,1
Thomas Maw,NA,NA,1
Edward C May,NA,NA,1
Francis May,NA,NA,1
John Mayfield,NA,NA,1
Josiah Merrick,NA,NA,1
John Morland,NA,NA,1
George L Neighbour,NA,NA,1
Josiah Newman,NA,NA,1
William Norris,NA,NA,1
Thomas Norton,NA,NA,1
William Norton,NA,NA,1
William Nutter,NA,NA,1
J J Packer,NA,NA,1
George Palmer,NA,NA,1
Reuben C Payne,NA,NA,1
Arthur Pease,NA,NA,1
Edward Pease,NA,NA,1
Gurney Pease,NA,NA,1
Henry Fell Pease,NA,NA,1
John Pease,NA,NA,1
John B Pease,NA,NA,1
Joseph Pease,NA,NA,1
Joseph Whitwell Pease,NA,NA,1
Susan Pease,NA,NA,1
Thomas Pease,NA,NA,1
Algernon Peckover,NA,NA,1
William Peckover,NA,NA,1
Robert H Penney,NA,NA,1
Isaac Pitt,NA,NA,1
Jacob Post,NA,NA,1
Joseph T Price,NA,NA,1
Lydia Prideaux,NA,NA,1
Samuel Priestman,NA,NA,1
John Pryor,NA,NA,1
G R Pumphrey,NA,NA,1
W P Read,NA,NA,1
Isaac Reckitt,NA,NA,1
Jonathan Rees,NA,NA,1
Jane Reynolds,NA,NA,1
G E Richardson,NA,NA,1
John Rickman,NA,NA,1
Josephina Rickman,NA,NA,1
Matilda Rickman,NA,NA,1
Priscilla Rickman,NA,NA,1
R Rickman,NA,NA,1
R P Rickman,NA,NA,1
Isaac Robson,NA,NA,1
J S Robson,NA,NA,1
Joseph Rosling,NA,NA,1
Samuel Rosling,NA,NA,1
John Rowntree,NA,NA,1
W Rowntree,NA,NA,1
Sarah Rundell,NA,NA,1
John F Rutter,NA,NA,1
Samuel Rutter,NA,NA,1
E Sayce,NA,NA,1
Hannah Scarr,NA,NA,1
F Seebohm,NA,NA,1
John R Seekings,NA,NA,1
James Sessions,NA,NA,1
Lydia Sessions,NA,NA,1
Robert Sessions,NA,NA,1
Abraham Sewell,NA,NA,1
E F Sewell,NA,NA,1
Joseph Sewell,NA,NA,1
Phillip Sewell,NA,NA,1
Joseph Sharples,NA,NA,1
John T Shewell,NA,NA,1
Thomas Short,NA,NA,1
W Dillwyn Sims,NA,NA,1
W Skinner,NA,NA,1
Bartholomew Smith,NA,NA,1
George Smithson,NA,NA,1
E P Southall,NA,NA,1
Sarah Southall,NA,NA,1
J M Sparkes,NA,NA,1
H Squire,NA,NA,1
John Stansfield,NA,NA,1
Joseph Sterry,NA,NA,1
Sarah Sterry,NA,NA,1
J L Stevens,NA,NA,1
Charles Sturge,NA,NA,1
Edmund Sturge,NA,NA,1
George Sturge,NA,NA,1
H J Sturge,NA,NA,1
Samuel Sturge,NA,NA,1
Thomas M Sturge,NA,NA,1
Walter Sturge,NA,NA,1
Jemima Swan,NA,NA,1
William Tanner,NA,NA,1
W Tatum,NA,NA,1
Edward Thomas,NA,NA,1
George Thomas,NA,NA,1
Samuel Thompson,NA,NA,1
Fielden Thorpe,NA,NA,1
E O Tindale,NA,NA,1
Robert Tindall,NA,NA,1
Joshua Treffry,NA,NA,1
Nathaniel Tregellis,NA,NA,1
Elizabeth Tuckett,NA,NA,1
Francis Tuckett,NA,NA,1
P Debell Tuckett,NA,NA,1
D Tuke,NA,NA,1
J H Tuke,NA,NA,1
Samuel Tuke,NA,NA,1
Ann Tweedy,NA,NA,1
R Tweedy,NA,NA,1
William Tweedy,NA,NA,1
Richard Veale,NA,NA,1
William Veale,NA,NA,1
John Wadge,NA,NA,1
F J Walker,NA,NA,1
Marriage Wallis,NA,NA,1
Charles B Warner,NA,NA,1
Septimus Warner,NA,NA,1
Lucy Westcombe,NA,NA,1
Thomas Westcombe,NA,NA,1
Benjamin Wheeler,NA,NA,1
Frederick Wheeler,NA,NA,1
Samuel Wheeler,NA,NA,1
John Whiting,NA,NA,1
John Wiblin,NA,NA,1
Caleb Williams,NA,NA,1
John E Wilson,NA,NA,1
Joshua Wilson,NA,NA,1
F Woodhead,NA,NA,1
W Woolston,NA,NA,1
Francis Wright,NA,NA,1
S W Wright,NA,NA,1
George Abbott,NA,NA,NA
E Abdy,NA,NA,NA
William Abdy,NA,NA,NA
S J Abington,NA,NA,NA
x Adams,NA,NA,NA
Charles Adlard,NA,NA,NA
James Adlard,NA,NA,NA
x Agar,NA,NA,NA
C A Albright,NA,NA,NA
E A Albright,NA,NA,NA
John Alcard,NA,NA,NA
J Alexander,NA,NA,NA
Elizabeth Allen,NA,NA,NA
F Allen,NA,NA,NA
J Allen,NA,NA,NA
John Allen,NA,NA,NA
Richard Allen,NA,NA,NA
S Allen,NA,NA,NA
S Allen (2),NA,NA,NA
T Allen,NA,NA,NA
Denison H Allport,NA,NA,NA
A Ambrose,NA,NA,NA
G F Angas,NA,NA,NA
N D By G F Angas,NA,NA,NA
Henry Angus,NA,NA,NA
x Ap Forstell,NA,NA,NA
x Apelez,NA,NA,NA
Richard Ash,NA,NA,NA
Frederick Ashby,NA,NA,NA
F J Atkins,NA,NA,NA
E Backhouse,NA,NA,NA
Fanny Backhouse,NA,NA,NA
J Backhouse,NA,NA,NA
J E Backhouse,NA,NA,NA
S Backhouse,NA,NA,NA
E Baines,NA,NA,NA
Frederick Baines,NA,NA,NA
M T Baines,NA,NA,NA
Hannah Baker,NA,NA,NA
J G Baker,NA,NA,NA
Adrian Balbi,NA,NA,NA
J S Banbury,NA,NA,NA
Sa Bandeira,NA,NA,NA
John Banim,NA,NA,NA
Sax Bannister,NA,NA,NA
x Barclay,NA,NA,NA
C Baxter,NA,NA,NA
S Beale,NA,NA,NA
x Beaumont,NA,NA,NA
Esther Beecham,NA,NA,NA
A Bell,NA,NA,NA
Maldon Bell,NA,NA,NA
Mary Bell,NA,NA,NA
S E E Bell,NA,NA,NA
John Bellerby,NA,NA,NA
F J Bett,NA,NA,NA
x Bevan,NA,NA,NA
Samuel Blackburn,NA,NA,NA
W T Blair,NA,NA,NA
W Blott,NA,NA,NA
x Blumenbach,NA,NA,NA
x Boehmer,NA,NA,NA
D Bolton,NA,NA,NA
J Booth,NA,NA,NA
James Booth,NA,NA,NA
x Booth,NA,NA,NA
x Bott,NA,NA,NA
x Bousfield,NA,NA,NA
Benjamin Boyd,NA,NA,NA
J Bradley,NA,NA,NA
x Brady,NA,NA,NA
L Bridgland,NA,NA,NA
x Brightwell,NA,NA,NA
John Ivatt Briscoe,NA,NA,NA
x Brouwer,NA,NA,NA
D Brown,NA,NA,NA
Jeremiah Bryant,NA,NA,NA
J Buckland,NA,NA,NA
John Budge,NA,NA,NA
W F Budgett,NA,NA,NA
x Burder,NA,NA,NA
John Burgess,NA,NA,NA
x Burgess,NA,NA,NA
John Burnett,NA,NA,NA
Edmund Buxton,NA,NA,NA
x Buxton,NA,NA,NA
M Cabet,NA,NA,NA
John Candlish,NA,NA,NA
R Carthington,NA,NA,NA
James Cash,NA,NA,NA
M Cassin,NA,NA,NA
L A Chamerovzov,NA,NA,NA
M Chamisso,NA,NA,NA
x Channing,NA,NA,NA
R Chapman,NA,NA,NA
Eardley Childers,NA,NA,NA
George Christie,NA,NA,NA
Ann W Christy,NA,NA,NA
Alfred Spencer Churchill,NA,NA,NA
Charles Clark,NA,NA,NA
Thomas Clark,NA,NA,NA
W J Clark,NA,NA,NA
x Clark (2),NA,NA,NA
Ebenezer Clarke,NA,NA,NA
Joseph Clarke,NA,NA,NA
Thomas Clarkson,NA,NA,NA
John Clayton,NA,NA,NA
J W C Clothier,NA,NA,NA
R C Cobbold,NA,NA,NA
Robert K Cobbold,NA,NA,NA
Jane Cocks,NA,NA,NA
x Collett,NA,NA,NA
J B Cook,NA,NA,NA
P Cook,NA,NA,NA
George Cooke,NA,NA,NA
J B Cooke,NA,NA,NA
J Cooper,NA,NA,NA
x Corbett,NA,NA,NA
x Corder,NA,NA,NA
James Coxen,NA,NA,NA
Agnes Craig,NA,NA,NA
William Crawford,NA,NA,NA
Handel Crosham,NA,NA,NA
Ann Crowley,NA,NA,NA
E Crowley,NA,NA,NA
P Cudworth,NA,NA,NA
x Cuff,NA,NA,NA
x David,NA,NA,NA
x Davies,NA,NA,NA
James Davis,NA,NA,NA
M De Beaumont,NA,NA,NA
x De Gerando,NA,NA,NA
J Dennis,NA,NA,NA
Thomas Denton,NA,NA,NA
Augustus D'Este,NA,NA,NA
W R Deverell,NA,NA,NA
John Dinham,NA,NA,NA
Thomas Dinham,NA,NA,NA
Anthony Dinsdale,NA,NA,NA
D Dodshon,NA,NA,NA
J M Dorking,NA,NA,NA
x Doubleday,NA,NA,NA
James Douglas,NA,NA,NA
F C Dowley,NA,NA,NA
x Downing,NA,NA,NA
J E Drake,NA,NA,NA
P Du Ponceau,NA,NA,NA
Philip Durant,NA,NA,NA
x Edmonds,NA,NA,NA
x Edwards,NA,NA,NA
E & M Elliott,NA,NA,NA
Ebenezer Elliott,NA,NA,NA
Mary Elliott,NA,NA,NA
John Ellis,NA,NA,NA
W Enfield,NA,NA,NA
John Epps,NA,NA,NA
Don Flores Estrada,NA,NA,NA
William Evans,NA,NA,NA
x Evans,NA,NA,NA
Edward Everett,NA,NA,NA
John Fairbarn,NA,NA,NA
William Falconer,NA,NA,NA
Joshua Fardon,NA,NA,NA
J Farnworth,NA,NA,NA
M Felix,NA,NA,NA
Pinheiro Fereira,NA,NA,NA
Conrad Finzel,NA,NA,NA
Horman S Fisher,NA,NA,NA
A Fitzjames,NA,NA,NA
x Flashman,NA,NA,NA
Estrade Flores,NA,NA,NA
E Ford,NA,NA,NA
Thomas Ford,NA,NA,NA
A F Forsell,NA,NA,NA
James T Foster,NA,NA,NA
John Lister Foster,NA,NA,NA
John Foulger,NA,NA,NA
x Foville,NA,NA,NA
Mary Fox,NA,NA,NA
x Foxville,NA,NA,NA
J J Freeman,NA,NA,NA
A Friend,NA,NA,NA
R Fry,NA,NA,NA
Benson Fryer,NA,NA,NA
Forster Fryer,NA,NA,NA
x Fryer,NA,NA,NA
Charles Garrett,NA,NA,NA
John Garrett,NA,NA,NA
H E Garvey,NA,NA,NA
M de Gasparin,NA,NA,NA
Elizabeth F Gibson,NA,NA,NA
G J Gibson,NA,NA,NA
Joseph Gillett,NA,NA,NA
F Good,NA,NA,NA
Hannah Good,NA,NA,NA
John T Grace,NA,NA,NA
M Grand Pierre,NA,NA,NA
M Grangeret de la Grange,NA,NA,NA
Laggan Grant,NA,NA,NA
Fr Groth,NA,NA,NA
Aldin Grout,NA,NA,NA
R R Gurley,NA,NA,NA
Edward Gurney,NA,NA,NA
Charles Gutzlaff,NA,NA,NA
R K Habgood,NA,NA,NA
C Haddison,NA,NA,NA
x Haddison,NA,NA,NA
x Hagger,NA,NA,NA
John Halcro,NA,NA,NA
John Hall,NA,NA,NA
x Halliday,NA,NA,NA
William Alers Hankey,NA,NA,NA
Josiah Hannam,NA,NA,NA
x Hannington,NA,NA,NA
x Hannom,NA,NA,NA
John Harford (2),NA,NA,NA
x Harmer,NA,NA,NA
James Harnard,NA,NA,NA
E Harris,NA,NA,NA
Isabella Harris,NA,NA,NA
Jane Harris,NA,NA,NA
John Harris,NA,NA,NA
Sarah Harris,NA,NA,NA
x Harrison,NA,NA,NA
W B Harvey,NA,NA,NA
Montague Hawtrey,NA,NA,NA
x Hayden,NA,NA,NA
A Heaviside,NA,NA,NA
S Hedley,NA,NA,NA
Bev D Hewett,NA,NA,NA
W M Higgins,NA,NA,NA
R Hill,NA,NA,NA
C Hinchcliffe,NA,NA,NA
Charles Hindley,NA,NA,NA
D P Hock,NA,NA,NA
A Hodgson,NA,NA,NA
x Hogendorp,NA,NA,NA
J Holen,NA,NA,NA
D Holmes,NA,NA,NA
x Hood,NA,NA,NA
Ann M Hopkins,NA,NA,NA
Sylvester Hovey,NA,NA,NA
x Humboldt,NA,NA,NA
x Humphrey,NA,NA,NA
Matthew Jun Hutchinson,NA,NA,NA
T Hutchinson,NA,NA,NA
Robert Ingam,NA,NA,NA
F Maitland Innes,NA,NA,NA
M Isambert,NA,NA,NA
Clement Jackson,NA,NA,NA
S J James,NA,NA,NA
John Jarold,NA,NA,NA
George Jarvis,NA,NA,NA
Joseph Jarvis,NA,NA,NA
R Jarvis,NA,NA,NA
x Jaubert,NA,NA,NA
S A Jeffries,NA,NA,NA
Samuel Jeffrys,NA,NA,NA
J Jefry,NA,NA,NA
N Jocelyn,NA,NA,NA
Joseph Johnson,NA,NA,NA
x Johnson,NA,NA,NA
Peter Jones,NA,NA,NA
Samuel Juke,NA,NA,NA
M A Julien,NA,NA,NA
x Julius,NA,NA,NA
Charles Jupe,NA,NA,NA
George T Kemp,NA,NA,NA
William Kennedy,NA,NA,NA
x Kerr,NA,NA,NA
x Kidd,NA,NA,NA
Henry Rochdale King,NA,NA,NA
J Knowles,NA,NA,NA
A J Larking,NA,NA,NA
H B Larking,NA,NA,NA
James Lawrence,NA,NA,NA
Buxton Lawrie,NA,NA,NA
Emma Letchworth,NA,NA,NA
x Letchworth,NA,NA,NA
Leone Levi,NA,NA,NA
Malcolm Lewin (2),NA,NA,NA
x Lichtenstein,NA,NA,NA
C Lilgevolch,NA,NA,NA
H L Lobeck,NA,NA,NA
A J Lorking,NA,NA,NA
x Lucas,NA,NA,NA
x Luden,NA,NA,NA
William Luner,NA,NA,NA
Robert Lush,NA,NA,NA
C Lushington,NA,NA,NA
S Lushington,NA,NA,NA
P Lyne,NA,NA,NA
G van der Maalen,NA,NA,NA
R A MacFie,NA,NA,NA
D P Mack,NA,NA,NA
Thomas MacNay,NA,NA,NA
x Maconochie,NA,NA,NA
G van der Maerlen,NA,NA,NA
P Maerlen,NA,NA,NA
Patrick Mair,NA,NA,NA
x Mallet,NA,NA,NA
Jules Malpet,NA,NA,NA
Jules Mampet,NA,NA,NA
W E Manser,NA,NA,NA
S Marsden,NA,NA,NA
x Marsden,NA,NA,NA
Martha E Marshall,NA,NA,NA
H Martin,NA,NA,NA
Peter Martin,NA,NA,NA
R Montgomery Martin,NA,NA,NA
W Martin,NA,NA,NA
x Martin,NA,NA,NA
M H Martindale,NA,NA,NA
Mary Martindale,NA,NA,NA
R A McFie,NA,NA,NA
x McLachlan,NA,NA,NA
x McNay,NA,NA,NA
W H Medhurst,NA,NA,NA
James Meek,NA,NA,NA
x Metcalf,NA,NA,NA
x Meyer,NA,NA,NA
Henry Miegoe,NA,NA,NA
E Mills,NA,NA,NA
D Mitchell,NA,NA,NA
x Mittermaier,NA,NA,NA
J Moffatt,NA,NA,NA
R Moffatt,NA,NA,NA
P Moire,NA,NA,NA
S G Montrou,NA,NA,NA
O Moore,NA,NA,NA
x Moorsom,NA,NA,NA
M Moraes Sarmento,NA,NA,NA
Henry Moreing,NA,NA,NA
x Morgan,NA,NA,NA
E Morris,NA,NA,NA
S G Morton,NA,NA,NA
Joseph Mosley,NA,NA,NA
Standish Motte,NA,NA,NA
C Mottley,NA,NA,NA
Joseph Mottley,NA,NA,NA
J Mounsey,NA,NA,NA
Edgar Musgrove,NA,NA,NA
W W Royston Nash,NA,NA,NA
J Natterier,NA,NA,NA
T Nicholls,NA,NA,NA
Daniel O'Connell,NA,NA,NA
John Olliver,NA,NA,NA
x Orchard,NA,NA,NA
x Orioli,NA,NA,NA
Oliver Ormerod,NA,NA,NA
J Horne Payne,NA,NA,NA
Z C Pearson,NA,NA,NA
Rachel Pease,NA,NA,NA
Richard Peck,NA,NA,NA
Brothers Peek,NA,NA,NA
Richard Peek,NA,NA,NA
J Pell,NA,NA,NA
x Philip,NA,NA,NA
x Phillips,NA,NA,NA
W Philpott,NA,NA,NA
Fererra Pinheiro,NA,NA,NA
T E Plint,NA,NA,NA
J F Polk,NA,NA,NA
T Pollard,NA,NA,NA
W Pollard,NA,NA,NA
x Pollard,NA,NA,NA
Margaret Pope,NA,NA,NA
Eliza Post,NA,NA,NA
x Post,NA,NA,NA
x Poulter,NA,NA,NA
Edward Priestman,NA,NA,NA
Elizabeth Priestman,NA,NA,NA
F R Priestman,NA,NA,NA
x Priestman,NA,NA,NA
Cornelieus Prior,NA,NA,NA
G Pritchard,NA,NA,NA
J E Pritchett,NA,NA,NA
Joseph R Procter,NA,NA,NA
J R Pumphrey,NA,NA,NA
Herman Quinius,NA,NA,NA
G Ralston,NA,NA,NA
W Ramsden,NA,NA,NA
John Rand,NA,NA,NA
Alfred Ransome,NA,NA,NA
Joshua Ransome,NA,NA,NA
W Ransome,NA,NA,NA
C Rathbone,NA,NA,NA
George Rawson,NA,NA,NA
James Read,NA,NA,NA
A Reid,NA,NA,NA
Mohammed Rheire,NA,NA,NA
x Riach,NA,NA,NA
Heinrich Richter,NA,NA,NA
x Rickman,NA,NA,NA
R Rickmer,NA,NA,NA
E Ridley,NA,NA,NA
x Ritchie,NA,NA,NA
Henry Robarts,NA,NA,NA
C B Robinson,NA,NA,NA
W Robson,NA,NA,NA
x Robson,NA,NA,NA
x Roger,NA,NA,NA
H Rolls,NA,NA,NA
T Roscoe,NA,NA,NA
R P Ruckman,NA,NA,NA
M Ruppel,NA,NA,NA
H C Rutherford,NA,NA,NA
J E Rutter,NA,NA,NA
Egerton Ryerson,NA,NA,NA
John Saunders,NA,NA,NA
S Saunders,NA,NA,NA
x Saunders,NA,NA,NA
x Schlosser,NA,NA,NA
Thomas Schofield,NA,NA,NA
x Scoon,NA,NA,NA
Samuel S Scriven,NA,NA,NA
Hannah Scurr,NA,NA,NA
E T Sewell,NA,NA,NA
x Sharples,NA,NA,NA
John S Shewell,NA,NA,NA
M Sismondi,NA,NA,NA
B Slack,NA,NA,NA
Ann Hopkins Smith,NA,NA,NA
Charles E Smith,NA,NA,NA
Culling Eardley Smith,NA,NA,NA
Ebenezer Smith,NA,NA,NA
Homerton Smith,NA,NA,NA
J P Smith,NA,NA,NA
P A Smith,NA,NA,NA
Pye Smith,NA,NA,NA
R Jun Smith,NA,NA,NA
x Smith,NA,NA,NA
W Somerville,NA,NA,NA
W Sommerville,NA,NA,NA
Sarah Southwell,NA,NA,NA
Julius Sperling,NA,NA,NA
N G Sperling,NA,NA,NA
x Sperling,NA,NA,NA
Osbourne Spurfield,NA,NA,NA
F Squire,NA,NA,NA
x Stafford,NA,NA,NA
George Stancliff,NA,NA,NA
Thomas Stark,NA,NA,NA
Trevor Steinglass,NA,NA,NA
x Steininger,NA,NA,NA
E Stephens,NA,NA,NA
J M Stephens,NA,NA,NA
x Stephens,NA,NA,NA
Deborah Sterry,NA,NA,NA
M Stevens,NA,NA,NA
x Stevens,NA,NA,NA
Mary Stevenson,NA,NA,NA
Andrew Stewart,NA,NA,NA
J J Stitt,NA,NA,NA
William Stokes,NA,NA,NA
John Stone,NA,NA,NA
x Stone,NA,NA,NA
x Stow,NA,NA,NA
Thomas Stronge,NA,NA,NA
x Stroud,NA,NA,NA
John James Stulz,NA,NA,NA
Charles Sturgeon,NA,NA,NA
x Sturges,NA,NA,NA
John James Sturtz,NA,NA,NA
J W Sully,NA,NA,NA
William Summerville,NA,NA,NA
Charles Sumner,NA,NA,NA
J H Sunman,NA,NA,NA
Arthur Tappan,NA,NA,NA
Thomas Taylor,NA,NA,NA
J B Teesdale,NA,NA,NA
Hull Terrell,NA,NA,NA
x Thatcher,NA,NA,NA
James Sanderson Thomas,NA,NA,NA
M Thomas,NA,NA,NA
Perronet Thompson,NA,NA,NA
x Thompson Mrs,NA,NA,NA
H B Thorpe,NA,NA,NA
Jonathan Thorpe,NA,NA,NA
x Tiedeman,NA,NA,NA
M de Tocqueville,NA,NA,NA
Thomas Todd,NA,NA,NA
William McCullagh Torrens,NA,NA,NA
C S Tosswill,NA,NA,NA
J H Tredgold,NA,NA,NA
Henry Tuckett,NA,NA,NA
P E Tuckett,NA,NA,NA
J W Tuke,NA,NA,NA
x Tyler,NA,NA,NA
Jan Tzatzoe,NA,NA,NA
x Upcher,NA,NA,NA
x Vanderkamp,NA,NA,NA
M Villerme,NA,NA,NA
x Wainwright,NA,NA,NA
Joseph Waite,NA,NA,NA
Josiah Waites,NA,NA,NA
E Walker,NA,NA,NA
R Walker,NA,NA,NA
x Walker,NA,NA,NA
x Waring,NA,NA,NA
Harriett Warner,NA,NA,NA
Henrietta Warner,NA,NA,NA
M Warner,NA,NA,NA
C Washbourne,NA,NA,NA
John Washington,NA,NA,NA
x Weaver,NA,NA,NA
A Wells,NA,NA,NA
Frederick Wells,NA,NA,NA
Mary Wheeler,NA,NA,NA
J Whitby,NA,NA,NA
Anthony White,NA,NA,NA
x Whiting,NA,NA,NA
S Wilkin,NA,NA,NA
M Wilks,NA,NA,NA
John Williams,NA,NA,NA
H H Willis,NA,NA,NA
Frederick Wills,NA,NA,NA
H O Wills,NA,NA,NA
x Wills,NA,NA,NA
Joseph R Wilton,NA,NA,NA
R W Wingfield,NA,NA,NA
x Wiseman,NA,NA,NA
William Wolston,NA,NA,NA
Joseph Wontner,NA,NA,NA
Thomas Wontner,NA,NA,NA
Levi Wood,NA,NA,NA
Levi Wood (2),NA,NA,NA
S F Woolmer,NA,NA,NA
A B Wright,NA,NA,NA
Frances Wright,NA,NA,NA
P Wright,NA,NA,NA
W D D Wright,NA,NA,NA
x Wright (2),NA,NA,NA
x Wright,NA,NA,NA
W Wrigley,NA,NA,NA
James Yates,NA,NA,NA
John Young,NA,NA,NA
Thomas Zachary,NA,NA,NA
